neighbourhood,room_type,minimum_nights,calculated_host_listings_count,availability_365,price
0.0,1.0,3.0,1.0,189.0,89
44.0,0.0,21.0,1.0,73.0,30
7.0,0.0,2.0,1.0,0.0,120
43.0,1.0,2.0,327.0,272.0,470
4.0,1.0,2.0,1.0,30.0,199
12.0,1.0,1.0,1.0,28.0,170
12.0,0.0,5.0,1.0,0.0,90
118.0,1.0,30.0,1.0,121.0,60
27.0,1.0,2.0,1.0,55.0,150
173.0,1.0,2.0,4.0,70.0,74
83.0,2.0,1.0,4.0,354.0,28
126.0,0.0,2.0,1.0,365.0,200
19.0,1.0,3.0,1.0,4.0,230
3.0,0.0,1.0,1.0,0.0,48
13.0,1.0,14.0,1.0,0.0,100
68.0,0.0,3.0,1.0,0.0,100
6.0,1.0,30.0,1.0,133.0,115
27.0,0.0,1.0,1.0,0.0,94
20.0,1.0,1.0,1.0,6.0,124
8.0,1.0,1.0,1.0,0.0,235
182.0,0.0,2.0,1.0,84.0,40
2.0,1.0,1.0,1.0,0.0,115
12.0,1.0,1.0,1.0,272.0,250
11.0,1.0,7.0,1.0,0.0,145
23.0,1.0,3.0,1.0,0.0,200
77.0,1.0,30.0,232.0,38.0,312
72.0,0.0,3.0,1.0,162.0,53
76.0,2.0,1.0,6.0,180.0,79
12.0,0.0,1.0,1.0,19.0,60
2.0,0.0,30.0,103.0,246.0,40
19.0,0.0,2.0,1.0,0.0,70
106.0,1.0,1.0,1.0,344.0,300
20.0,1.0,30.0,52.0,336.0,129
19.0,0.0,1.0,1.0,84.0,75
29.0,1.0,2.0,1.0,0.0,124
12.0,0.0,2.0,1.0,0.0,80
30.0,1.0,5.0,1.0,22.0,100
7.0,0.0,31.0,1.0,250.0,63
23.0,1.0,1.0,1.0,0.0,99
67.0,2.0,10.0,12.0,0.0,28
4.0,1.0,3.0,1.0,0.0,95
2.0,1.0,2.0,1.0,75.0,175
21.0,0.0,35.0,17.0,365.0,55
8.0,1.0,30.0,25.0,363.0,190
2.0,0.0,1.0,2.0,32.0,100
64.0,1.0,1.0,1.0,0.0,250
23.0,0.0,5.0,1.0,0.0,77
43.0,1.0,5.0,1.0,298.0,500
2.0,1.0,1.0,1.0,0.0,100
1.0,0.0,2.0,1.0,49.0,160
15.0,1.0,30.0,1.0,0.0,90
7.0,1.0,4.0,2.0,0.0,130
16.0,0.0,1.0,4.0,0.0,139
7.0,0.0,3.0,6.0,225.0,70
7.0,1.0,1.0,1.0,357.0,225
71.0,0.0,2.0,1.0,0.0,150
21.0,1.0,2.0,1.0,4.0,98
34.0,1.0,3.0,1.0,99.0,125
25.0,0.0,7.0,2.0,34.0,130
21.0,1.0,4.0,1.0,38.0,145
126.0,0.0,30.0,18.0,352.0,39
21.0,0.0,1.0,1.0,0.0,47
37.0,1.0,4.0,1.0,365.0,450
2.0,0.0,3.0,2.0,178.0,80
22.0,0.0,4.0,2.0,0.0,50
14.0,1.0,1.0,1.0,0.0,300
56.0,0.0,4.0,2.0,173.0,46
123.0,0.0,1.0,1.0,88.0,99
15.0,1.0,3.0,1.0,342.0,98
123.0,1.0,1.0,2.0,333.0,145
6.0,0.0,2.0,3.0,99.0,38
3.0,1.0,5.0,1.0,0.0,125
76.0,0.0,2.0,2.0,0.0,125
103.0,1.0,1.0,1.0,360.0,150
21.0,0.0,3.0,1.0,0.0,55
23.0,1.0,1.0,1.0,0.0,225
16.0,1.0,5.0,1.0,11.0,160
19.0,1.0,3.0,1.0,248.0,195
63.0,1.0,3.0,6.0,0.0,278
37.0,1.0,1.0,1.0,151.0,188
16.0,1.0,6.0,1.0,42.0,600
6.0,0.0,1.0,7.0,264.0,70
44.0,0.0,7.0,1.0,89.0,20
11.0,1.0,3.0,1.0,0.0,150
28.0,1.0,21.0,1.0,0.0,155
36.0,1.0,2.0,1.0,43.0,170
20.0,1.0,1.0,1.0,0.0,100
49.0,1.0,4.0,1.0,26.0,100
14.0,0.0,1.0,1.0,0.0,125
2.0,0.0,1.0,3.0,332.0,87
15.0,0.0,2.0,4.0,332.0,52
4.0,1.0,3.0,1.0,7.0,240
2.0,1.0,1.0,1.0,75.0,102
30.0,0.0,1.0,1.0,0.0,70
6.0,1.0,3.0,1.0,269.0,125
100.0,1.0,2.0,2.0,155.0,125
8.0,1.0,1.0,1.0,0.0,220
2.0,0.0,2.0,3.0,0.0,55
68.0,0.0,4.0,1.0,267.0,120
39.0,1.0,1.0,1.0,321.0,179
3.0,0.0,4.0,2.0,156.0,59
79.0,1.0,4.0,1.0,0.0,100
6.0,0.0,10.0,1.0,246.0,50
24.0,0.0,1.0,1.0,0.0,60
1.0,1.0,28.0,1.0,147.0,295
25.0,0.0,1.0,10.0,357.0,89
21.0,0.0,4.0,1.0,363.0,70
6.0,1.0,1.0,6.0,342.0,282
21.0,1.0,2.0,2.0,359.0,160
19.0,0.0,3.0,1.0,0.0,100
21.0,0.0,1.0,2.0,170.0,60
63.0,1.0,27.0,1.0,0.0,50
31.0,0.0,2.0,1.0,10.0,80
13.0,0.0,1.0,1.0,249.0,70
98.0,0.0,1.0,1.0,44.0,53
12.0,0.0,1.0,1.0,0.0,100
2.0,1.0,1.0,2.0,0.0,165
99.0,0.0,2.0,1.0,156.0,45
6.0,0.0,2.0,1.0,0.0,75
12.0,1.0,30.0,1.0,160.0,150
82.0,2.0,1.0,2.0,364.0,30
54.0,1.0,1.0,1.0,361.0,90
63.0,0.0,1.0,1.0,249.0,37
43.0,1.0,29.0,327.0,347.0,137
61.0,1.0,5.0,1.0,332.0,75
21.0,0.0,2.0,3.0,18.0,50
12.0,0.0,4.0,2.0,25.0,60
2.0,0.0,2.0,2.0,0.0,50
82.0,1.0,2.0,1.0,0.0,99
12.0,0.0,3.0,1.0,358.0,75
7.0,0.0,1.0,1.0,0.0,89
75.0,1.0,5.0,3.0,312.0,150
28.0,1.0,3.0,1.0,0.0,150
8.0,1.0,5.0,1.0,166.0,350
2.0,0.0,7.0,1.0,0.0,38
1.0,0.0,1.0,14.0,361.0,475
49.0,1.0,7.0,1.0,0.0,150
6.0,0.0,7.0,1.0,0.0,42
6.0,0.0,20.0,1.0,0.0,35
21.0,1.0,3.0,1.0,3.0,90
21.0,0.0,1.0,1.0,179.0,50
35.0,0.0,4.0,5.0,364.0,130
12.0,1.0,2.0,1.0,2.0,250
2.0,0.0,30.0,6.0,151.0,50
7.0,0.0,1.0,2.0,0.0,95
87.0,1.0,30.0,1.0,342.0,275
6.0,0.0,4.0,1.0,0.0,88
2.0,0.0,2.0,1.0,129.0,115
19.0,0.0,4.0,1.0,0.0,140
7.0,1.0,3.0,1.0,0.0,525
2.0,1.0,3.0,1.0,0.0,100
8.0,1.0,7.0,1.0,151.0,121
43.0,1.0,29.0,96.0,290.0,175
43.0,1.0,9.0,1.0,15.0,200
37.0,0.0,1.0,1.0,0.0,35
12.0,1.0,1.0,1.0,0.0,250
20.0,1.0,4.0,1.0,0.0,137
6.0,1.0,11.0,1.0,189.0,120
27.0,0.0,1.0,4.0,353.0,100
64.0,1.0,28.0,1.0,122.0,269
6.0,0.0,1.0,2.0,0.0,75
23.0,0.0,15.0,4.0,185.0,71
97.0,0.0,5.0,1.0,166.0,69
34.0,0.0,1.0,2.0,59.0,95
63.0,0.0,1.0,2.0,361.0,83
7.0,1.0,30.0,20.0,311.0,130
20.0,1.0,3.0,1.0,0.0,165
21.0,1.0,5.0,1.0,0.0,130
23.0,0.0,1.0,1.0,0.0,65
30.0,1.0,2.0,1.0,0.0,88
8.0,0.0,3.0,1.0,0.0,38
75.0,1.0,1.0,1.0,0.0,110
20.0,0.0,5.0,1.0,241.0,152
14.0,1.0,2.0,1.0,0.0,150
56.0,0.0,1.0,1.0,31.0,65
77.0,1.0,5.0,1.0,73.0,380
71.0,1.0,30.0,232.0,206.0,276
8.0,0.0,1.0,1.0,0.0,65
55.0,1.0,1.0,3.0,171.0,199
20.0,0.0,3.0,1.0,27.0,150
15.0,1.0,5.0,1.0,0.0,125
12.0,0.0,2.0,1.0,0.0,69
1.0,1.0,3.0,12.0,0.0,339
6.0,1.0,1.0,1.0,335.0,150
70.0,1.0,1.0,2.0,311.0,86
70.0,1.0,2.0,1.0,48.0,160
28.0,0.0,5.0,2.0,342.0,105
20.0,0.0,2.0,2.0,126.0,67
10.0,0.0,2.0,1.0,0.0,109
12.0,0.0,1.0,1.0,0.0,80
29.0,1.0,2.0,1.0,0.0,149
5.0,1.0,2.0,327.0,133.0,244
7.0,1.0,2.0,1.0,11.0,70
152.0,1.0,1.0,2.0,253.0,89
19.0,1.0,2.0,2.0,0.0,250
12.0,0.0,2.0,1.0,0.0,110
2.0,1.0,2.0,1.0,0.0,82
117.0,1.0,2.0,3.0,89.0,88
90.0,1.0,1.0,1.0,276.0,175
9.0,0.0,2.0,1.0,0.0,115
6.0,0.0,2.0,2.0,0.0,36
12.0,0.0,1.0,1.0,0.0,50
197.0,1.0,1.0,1.0,0.0,150
1.0,1.0,28.0,49.0,251.0,675
110.0,1.0,1.0,1.0,72.0,100
13.0,1.0,2.0,1.0,0.0,85
21.0,0.0,2.0,1.0,358.0,90
2.0,0.0,2.0,1.0,34.0,57
28.0,1.0,2.0,1.0,2.0,180
12.0,0.0,1.0,1.0,0.0,90
2.0,1.0,3.0,2.0,0.0,200
12.0,0.0,1.0,1.0,0.0,70
79.0,0.0,1.0,2.0,250.0,40
43.0,0.0,2.0,327.0,328.0,262
71.0,1.0,29.0,327.0,220.0,699
6.0,0.0,1.0,1.0,0.0,100
12.0,1.0,4.0,1.0,0.0,175
27.0,1.0,30.0,1.0,342.0,145
7.0,0.0,12.0,4.0,102.0,61
38.0,1.0,4.0,1.0,0.0,150
15.0,0.0,30.0,1.0,302.0,31
51.0,0.0,2.0,1.0,0.0,79
25.0,1.0,2.0,2.0,5.0,69
28.0,1.0,1.0,5.0,339.0,199
31.0,0.0,30.0,103.0,246.0,47
20.0,0.0,4.0,3.0,350.0,46
27.0,1.0,3.0,1.0,0.0,180
17.0,1.0,3.0,1.0,0.0,350
14.0,1.0,6.0,1.0,0.0,180
126.0,0.0,2.0,4.0,307.0,49
30.0,0.0,1.0,1.0,0.0,40
36.0,1.0,30.0,1.0,156.0,350
53.0,0.0,5.0,2.0,42.0,70
12.0,0.0,1.0,3.0,16.0,90
21.0,0.0,25.0,1.0,0.0,49
54.0,0.0,27.0,1.0,94.0,45
70.0,0.0,1.0,5.0,62.0,50
26.0,2.0,1.0,1.0,0.0,65
81.0,1.0,60.0,1.0,132.0,100
2.0,1.0,2.0,1.0,0.0,150
12.0,0.0,10.0,1.0,91.0,150
21.0,1.0,2.0,1.0,314.0,120
10.0,1.0,1.0,1.0,0.0,120
22.0,0.0,60.0,1.0,0.0,35
12.0,0.0,1.0,1.0,4.0,47
2.0,0.0,3.0,2.0,0.0,65
26.0,1.0,2.0,1.0,0.0,1550
15.0,0.0,2.0,1.0,0.0,45
111.0,0.0,30.0,1.0,251.0,30
21.0,0.0,1.0,1.0,0.0,60
56.0,1.0,1.0,1.0,0.0,70
6.0,0.0,2.0,1.0,37.0,65
44.0,1.0,1.0,1.0,0.0,70
33.0,0.0,2.0,2.0,154.0,80
4.0,1.0,3.0,1.0,128.0,130
6.0,0.0,5.0,1.0,12.0,50
0.0,0.0,3.0,1.0,85.0,95
1.0,1.0,28.0,49.0,257.0,714
6.0,0.0,3.0,1.0,38.0,95
9.0,0.0,1.0,1.0,0.0,88
141.0,1.0,10.0,1.0,327.0,120
19.0,1.0,7.0,2.0,9.0,129
103.0,0.0,1.0,1.0,164.0,45
87.0,0.0,2.0,2.0,349.0,70
1.0,1.0,5.0,1.0,0.0,250
14.0,1.0,115.0,19.0,210.0,96
12.0,0.0,2.0,3.0,0.0,90
26.0,0.0,1.0,3.0,55.0,94
206.0,0.0,7.0,2.0,188.0,30
2.0,0.0,1.0,2.0,162.0,89
2.0,0.0,2.0,2.0,0.0,70
38.0,1.0,30.0,2.0,82.0,220
25.0,0.0,29.0,1.0,305.0,100
121.0,1.0,3.0,1.0,3.0,114
21.0,0.0,1.0,1.0,88.0,65
6.0,1.0,1.0,1.0,4.0,102
4.0,1.0,10.0,1.0,0.0,80
8.0,0.0,30.0,32.0,356.0,60
1.0,1.0,4.0,1.0,157.0,325
19.0,1.0,2.0,1.0,135.0,220
71.0,0.0,1.0,15.0,351.0,100
4.0,0.0,2.0,1.0,59.0,145
7.0,1.0,1.0,1.0,0.0,150
45.0,1.0,14.0,1.0,79.0,120
2.0,0.0,3.0,2.0,0.0,52
17.0,1.0,3.0,1.0,335.0,300
21.0,0.0,1.0,1.0,0.0,50
12.0,1.0,1.0,1.0,11.0,145
23.0,1.0,30.0,9.0,281.0,170
49.0,0.0,3.0,1.0,43.0,60
0.0,0.0,1.0,11.0,16.0,56
2.0,1.0,1.0,1.0,8.0,122
19.0,1.0,2.0,2.0,0.0,160
56.0,1.0,3.0,1.0,0.0,85
1.0,0.0,4.0,3.0,155.0,135
37.0,0.0,2.0,2.0,282.0,55
85.0,0.0,2.0,5.0,174.0,65
6.0,0.0,1.0,6.0,237.0,50
1.0,1.0,30.0,96.0,342.0,180
17.0,1.0,5.0,1.0,0.0,78
6.0,2.0,2.0,3.0,311.0,45
30.0,1.0,1.0,2.0,79.0,150
2.0,2.0,3.0,2.0,7.0,25
2.0,0.0,2.0,2.0,90.0,100
8.0,0.0,30.0,4.0,317.0,70
33.0,1.0,5.0,1.0,0.0,130
20.0,1.0,2.0,1.0,0.0,250
2.0,0.0,1.0,1.0,256.0,99
2.0,1.0,2.0,4.0,25.0,344
126.0,1.0,2.0,1.0,32.0,80
13.0,1.0,10.0,4.0,328.0,165
6.0,0.0,4.0,1.0,286.0,45
13.0,1.0,3.0,1.0,0.0,160
4.0,0.0,13.0,1.0,0.0,50
21.0,0.0,7.0,1.0,89.0,31
56.0,1.0,1.0,1.0,148.0,150
5.0,0.0,10.0,1.0,19.0,60
7.0,0.0,2.0,2.0,308.0,175
30.0,0.0,5.0,3.0,1.0,69
79.0,1.0,2.0,1.0,0.0,90
12.0,0.0,5.0,2.0,0.0,45
12.0,0.0,2.0,1.0,0.0,65
28.0,0.0,2.0,1.0,180.0,95
93.0,0.0,1.0,3.0,362.0,55
22.0,0.0,3.0,3.0,298.0,65
27.0,1.0,3.0,1.0,15.0,200
7.0,1.0,1.0,1.0,0.0,175
63.0,1.0,3.0,2.0,336.0,168
83.0,0.0,2.0,1.0,167.0,50
43.0,1.0,14.0,1.0,0.0,130
56.0,1.0,2.0,2.0,79.0,140
4.0,2.0,1.0,1.0,0.0,60
8.0,0.0,20.0,1.0,0.0,69
19.0,1.0,2.0,1.0,7.0,200
7.0,0.0,2.0,3.0,90.0,120
8.0,0.0,1.0,1.0,300.0,140
1.0,1.0,5.0,1.0,339.0,422
12.0,0.0,14.0,2.0,0.0,69
28.0,1.0,2.0,1.0,0.0,650
12.0,1.0,4.0,1.0,5.0,131
105.0,0.0,1.0,1.0,363.0,240
15.0,1.0,60.0,1.0,364.0,150
44.0,0.0,2.0,1.0,0.0,48
0.0,1.0,1.0,1.0,268.0,100
171.0,2.0,1.0,1.0,88.0,50
54.0,0.0,7.0,9.0,365.0,80
6.0,1.0,1.0,14.0,53.0,300
56.0,1.0,1.0,1.0,0.0,100
21.0,1.0,2.0,3.0,0.0,150
0.0,0.0,1.0,1.0,0.0,50
56.0,0.0,2.0,2.0,310.0,70
2.0,0.0,3.0,3.0,341.0,85
196.0,0.0,1.0,1.0,363.0,55
44.0,1.0,7.0,1.0,0.0,225
12.0,1.0,3.0,1.0,104.0,90
46.0,1.0,1.0,3.0,22.0,250
39.0,0.0,1.0,1.0,0.0,85
54.0,1.0,1.0,3.0,87.0,200
32.0,0.0,3.0,1.0,0.0,60
26.0,2.0,2.0,2.0,0.0,49
26.0,1.0,30.0,4.0,325.0,195
8.0,1.0,1.0,1.0,0.0,180
1.0,0.0,3.0,1.0,70.0,90
8.0,1.0,5.0,1.0,0.0,115
16.0,1.0,2.0,1.0,0.0,230
23.0,1.0,1.0,1.0,0.0,900
12.0,0.0,1.0,2.0,0.0,100
20.0,1.0,5.0,1.0,0.0,149
3.0,0.0,2.0,1.0,0.0,149
19.0,0.0,1.0,2.0,90.0,100
6.0,1.0,2.0,1.0,86.0,190
12.0,1.0,4.0,1.0,0.0,120
11.0,1.0,2.0,1.0,67.0,229
12.0,1.0,2.0,1.0,77.0,215
6.0,1.0,4.0,1.0,97.0,110
56.0,0.0,2.0,2.0,0.0,40
8.0,0.0,30.0,3.0,242.0,45
15.0,0.0,8.0,1.0,0.0,45
100.0,0.0,1.0,4.0,334.0,89
152.0,0.0,1.0,2.0,341.0,60
23.0,1.0,2.0,1.0,350.0,300
102.0,1.0,2.0,1.0,0.0,100
6.0,1.0,3.0,1.0,316.0,150
6.0,0.0,2.0,4.0,335.0,52
22.0,0.0,4.0,3.0,0.0,98
33.0,1.0,3.0,1.0,0.0,100
4.0,0.0,2.0,1.0,0.0,100
28.0,1.0,31.0,33.0,338.0,150
28.0,1.0,1.0,1.0,0.0,300
12.0,1.0,30.0,1.0,295.0,118
81.0,0.0,29.0,7.0,1.0,33
4.0,2.0,1.0,2.0,64.0,65
30.0,0.0,3.0,1.0,0.0,50
12.0,0.0,1.0,1.0,357.0,44
39.0,1.0,2.0,1.0,310.0,160
18.0,0.0,1.0,2.0,270.0,149
21.0,0.0,2.0,1.0,0.0,60
7.0,2.0,1.0,6.0,365.0,75
17.0,1.0,2.0,1.0,135.0,175
2.0,0.0,1.0,3.0,72.0,62
2.0,0.0,2.0,2.0,363.0,74
12.0,1.0,2.0,1.0,0.0,199
7.0,0.0,30.0,4.0,121.0,61
6.0,2.0,5.0,3.0,258.0,25
39.0,0.0,1.0,5.0,262.0,80
19.0,1.0,5.0,1.0,0.0,140
23.0,1.0,1.0,1.0,111.0,300
37.0,0.0,2.0,4.0,3.0,80
15.0,0.0,1.0,1.0,0.0,59
6.0,0.0,2.0,1.0,0.0,125
36.0,1.0,4.0,1.0,0.0,160
21.0,1.0,3.0,1.0,248.0,139
31.0,0.0,37.0,37.0,39.0,33
30.0,1.0,7.0,1.0,0.0,150
15.0,0.0,1.0,1.0,58.0,75
32.0,1.0,3.0,2.0,106.0,200
77.0,1.0,14.0,4.0,365.0,490
0.0,1.0,7.0,1.0,59.0,95
14.0,0.0,3.0,2.0,18.0,109
2.0,1.0,28.0,2.0,296.0,99
14.0,2.0,1.0,2.0,0.0,50
20.0,1.0,2.0,1.0,0.0,135
8.0,1.0,30.0,25.0,341.0,300
2.0,1.0,4.0,1.0,128.0,120
6.0,0.0,2.0,1.0,0.0,69
6.0,1.0,1.0,2.0,257.0,96
2.0,1.0,5.0,3.0,88.0,210
1.0,1.0,2.0,1.0,231.0,1000
6.0,1.0,2.0,1.0,231.0,199
33.0,0.0,2.0,1.0,0.0,100
26.0,1.0,30.0,232.0,156.0,308
44.0,1.0,2.0,1.0,11.0,200
14.0,1.0,30.0,232.0,263.0,374
8.0,0.0,1.0,4.0,49.0,129
20.0,1.0,1.0,1.0,0.0,90
6.0,1.0,30.0,1.0,191.0,132
12.0,0.0,5.0,1.0,0.0,80
12.0,1.0,5.0,1.0,213.0,199
29.0,1.0,2.0,1.0,2.0,175
34.0,0.0,14.0,1.0,192.0,80
7.0,0.0,1.0,10.0,333.0,209
6.0,0.0,1.0,4.0,365.0,40
136.0,0.0,5.0,2.0,328.0,40
15.0,0.0,2.0,1.0,22.0,40
2.0,0.0,3.0,1.0,0.0,94
79.0,1.0,2.0,1.0,65.0,170
21.0,2.0,1.0,2.0,0.0,20
3.0,1.0,14.0,1.0,0.0,160
2.0,0.0,1.0,1.0,0.0,115
19.0,1.0,6.0,1.0,0.0,200
4.0,1.0,2.0,1.0,243.0,289
1.0,1.0,2.0,1.0,0.0,299
7.0,0.0,1.0,1.0,322.0,125
112.0,0.0,1.0,3.0,350.0,47
7.0,1.0,1.0,1.0,0.0,150
12.0,1.0,3.0,1.0,0.0,170
30.0,0.0,2.0,1.0,24.0,50
87.0,0.0,1.0,10.0,106.0,55
6.0,0.0,30.0,4.0,249.0,70
28.0,1.0,2.0,1.0,0.0,100
8.0,1.0,3.0,1.0,52.0,100
20.0,0.0,1.0,1.0,365.0,199
12.0,0.0,10.0,1.0,0.0,66
100.0,1.0,1.0,1.0,360.0,125
10.0,1.0,5.0,2.0,0.0,120
31.0,0.0,29.0,37.0,30.0,35
1.0,1.0,30.0,65.0,364.0,385
113.0,1.0,31.0,2.0,138.0,97
6.0,0.0,3.0,1.0,0.0,90
19.0,1.0,1.0,1.0,70.0,158
12.0,0.0,1.0,1.0,0.0,45
8.0,0.0,7.0,1.0,0.0,70
39.0,0.0,30.0,103.0,251.0,39
30.0,0.0,1.0,1.0,1.0,75
44.0,1.0,2.0,1.0,0.0,275
1.0,0.0,2.0,1.0,0.0,300
6.0,0.0,1.0,2.0,177.0,150
54.0,1.0,1.0,4.0,231.0,165
7.0,1.0,30.0,96.0,327.0,202
15.0,1.0,2.0,2.0,2.0,185
44.0,1.0,18.0,2.0,141.0,170
56.0,0.0,4.0,1.0,114.0,100
19.0,1.0,30.0,232.0,359.0,312
7.0,0.0,3.0,2.0,0.0,160
22.0,1.0,2.0,1.0,4.0,89
83.0,1.0,6.0,1.0,30.0,69
15.0,0.0,10.0,1.0,0.0,60
10.0,1.0,7.0,1.0,0.0,190
0.0,1.0,3.0,1.0,321.0,299
6.0,0.0,6.0,1.0,21.0,45
11.0,1.0,1.0,1.0,0.0,240
4.0,1.0,3.0,2.0,0.0,150
4.0,0.0,5.0,1.0,0.0,60
2.0,1.0,4.0,1.0,0.0,100
134.0,0.0,2.0,2.0,0.0,77
14.0,1.0,4.0,1.0,15.0,175
7.0,1.0,1.0,2.0,133.0,175
21.0,2.0,2.0,1.0,0.0,42
28.0,1.0,30.0,5.0,126.0,133
29.0,1.0,6.0,1.0,0.0,100
3.0,1.0,1.0,4.0,365.0,999
16.0,0.0,7.0,2.0,0.0,40
13.0,0.0,4.0,3.0,193.0,150
6.0,0.0,7.0,1.0,0.0,150
12.0,0.0,3.0,1.0,0.0,75
37.0,0.0,1.0,9.0,362.0,80
6.0,0.0,2.0,1.0,358.0,175
139.0,1.0,3.0,2.0,327.0,149
12.0,0.0,3.0,1.0,0.0,46
99.0,1.0,1.0,1.0,88.0,150
19.0,0.0,3.0,1.0,365.0,250
99.0,1.0,1.0,2.0,257.0,60
4.0,1.0,1.0,1.0,0.0,250
14.0,0.0,1.0,1.0,0.0,81
25.0,0.0,2.0,2.0,72.0,150
7.0,1.0,2.0,1.0,0.0,200
34.0,0.0,30.0,2.0,311.0,95
11.0,1.0,3.0,1.0,0.0,115
8.0,1.0,2.0,1.0,0.0,169
12.0,0.0,1.0,1.0,0.0,59
12.0,0.0,2.0,2.0,7.0,75
6.0,1.0,4.0,1.0,91.0,130
200.0,0.0,3.0,7.0,177.0,38
100.0,0.0,1.0,5.0,365.0,120
28.0,1.0,3.0,1.0,0.0,125
56.0,1.0,5.0,1.0,363.0,135
19.0,1.0,1.0,2.0,178.0,128
80.0,0.0,3.0,1.0,67.0,45
54.0,1.0,59.0,1.0,122.0,104
6.0,0.0,4.0,1.0,9.0,75
117.0,2.0,1.0,1.0,85.0,50
2.0,0.0,3.0,2.0,203.0,59
1.0,1.0,4.0,1.0,178.0,375
3.0,1.0,5.0,1.0,92.0,325
12.0,0.0,4.0,2.0,36.0,80
26.0,1.0,2.0,1.0,0.0,200
7.0,1.0,1.0,2.0,267.0,195
21.0,0.0,2.0,1.0,0.0,45
30.0,0.0,3.0,1.0,0.0,33
9.0,1.0,4.0,1.0,36.0,146
12.0,0.0,1.0,2.0,100.0,88
28.0,1.0,2.0,1.0,248.0,139
12.0,0.0,30.0,1.0,87.0,55
6.0,1.0,2.0,1.0,93.0,195
25.0,1.0,3.0,1.0,13.0,180
31.0,0.0,30.0,103.0,209.0,60
12.0,0.0,1.0,1.0,0.0,65
8.0,1.0,30.0,1.0,74.0,140
2.0,1.0,3.0,1.0,0.0,100
31.0,0.0,1.0,1.0,0.0,46
25.0,1.0,5.0,1.0,15.0,150
30.0,0.0,1.0,1.0,90.0,45
12.0,1.0,2.0,1.0,249.0,275
13.0,1.0,4.0,2.0,34.0,160
19.0,1.0,1.0,1.0,0.0,195
12.0,0.0,30.0,3.0,333.0,72
6.0,2.0,1.0,34.0,365.0,39
6.0,1.0,2.0,1.0,7.0,75
1.0,0.0,2.0,1.0,0.0,95
49.0,0.0,1.0,1.0,145.0,50
6.0,0.0,2.0,1.0,164.0,170
18.0,0.0,7.0,1.0,0.0,50
15.0,0.0,7.0,1.0,0.0,50
24.0,1.0,5.0,1.0,0.0,79
14.0,1.0,1.0,1.0,0.0,300
19.0,1.0,2.0,1.0,0.0,350
15.0,0.0,1.0,1.0,0.0,65
6.0,0.0,1.0,6.0,256.0,90
18.0,0.0,3.0,1.0,0.0,50
52.0,0.0,1.0,1.0,0.0,100
19.0,1.0,1.0,1.0,0.0,275
43.0,1.0,30.0,121.0,184.0,229
78.0,0.0,4.0,1.0,89.0,54
56.0,0.0,3.0,1.0,5.0,78
12.0,0.0,7.0,1.0,331.0,40
23.0,1.0,3.0,1.0,12.0,300
6.0,1.0,1.0,1.0,0.0,100
2.0,0.0,1.0,1.0,0.0,25
29.0,1.0,4.0,1.0,34.0,275
19.0,0.0,2.0,2.0,1.0,95
71.0,1.0,2.0,1.0,0.0,145
21.0,1.0,2.0,1.0,66.0,150
19.0,0.0,2.0,1.0,0.0,250
21.0,0.0,3.0,1.0,0.0,55
81.0,1.0,1.0,1.0,148.0,130
8.0,1.0,2.0,1.0,0.0,250
39.0,0.0,4.0,1.0,25.0,70
44.0,0.0,3.0,2.0,65.0,30
1.0,1.0,5.0,1.0,36.0,399
20.0,1.0,6.0,1.0,42.0,195
17.0,0.0,3.0,1.0,0.0,70
9.0,1.0,2.0,1.0,0.0,250
44.0,0.0,1.0,1.0,0.0,45
15.0,0.0,1.0,1.0,0.0,60
19.0,1.0,30.0,87.0,357.0,245
14.0,1.0,29.0,1.0,64.0,170
8.0,1.0,30.0,8.0,135.0,99
6.0,1.0,5.0,1.0,215.0,190
31.0,0.0,2.0,1.0,0.0,55
22.0,0.0,1.0,1.0,0.0,47
14.0,1.0,90.0,19.0,219.0,139
5.0,1.0,2.0,1.0,0.0,300
12.0,1.0,7.0,1.0,0.0,90
2.0,0.0,30.0,1.0,44.0,39
16.0,1.0,5.0,1.0,27.0,150
8.0,1.0,30.0,10.0,365.0,199
76.0,1.0,2.0,1.0,287.0,145
46.0,0.0,2.0,1.0,180.0,88
11.0,1.0,5.0,1.0,41.0,179
6.0,1.0,28.0,1.0,70.0,120
6.0,0.0,1.0,15.0,285.0,55
19.0,1.0,2.0,1.0,363.0,450
73.0,1.0,3.0,3.0,156.0,180
21.0,0.0,3.0,1.0,0.0,60
8.0,1.0,1.0,1.0,62.0,199
12.0,1.0,2.0,2.0,11.0,209
83.0,0.0,4.0,1.0,0.0,50
52.0,1.0,3.0,3.0,21.0,200
160.0,1.0,2.0,1.0,316.0,93
67.0,1.0,3.0,1.0,172.0,150
34.0,1.0,4.0,3.0,174.0,250
6.0,1.0,14.0,5.0,286.0,68
6.0,1.0,2.0,2.0,255.0,100
8.0,0.0,3.0,1.0,5.0,59
21.0,0.0,1.0,1.0,0.0,55
137.0,1.0,10.0,1.0,180.0,125
13.0,1.0,3.0,1.0,15.0,550
12.0,1.0,15.0,1.0,198.0,190
3.0,0.0,2.0,1.0,37.0,58
2.0,1.0,3.0,2.0,170.0,225
4.0,1.0,3.0,1.0,0.0,120
21.0,0.0,2.0,1.0,344.0,90
15.0,1.0,7.0,1.0,44.0,148
16.0,0.0,14.0,1.0,0.0,100
20.0,1.0,4.0,1.0,6.0,200
6.0,0.0,5.0,1.0,0.0,89
15.0,1.0,2.0,1.0,89.0,200
28.0,0.0,4.0,1.0,0.0,54
8.0,1.0,2.0,1.0,0.0,159
15.0,0.0,1.0,2.0,0.0,41
28.0,1.0,7.0,3.0,207.0,510
54.0,0.0,2.0,2.0,343.0,60
54.0,0.0,2.0,4.0,360.0,90
12.0,0.0,4.0,1.0,128.0,89
33.0,1.0,1.0,1.0,250.0,200
12.0,0.0,1.0,4.0,0.0,50
25.0,0.0,1.0,5.0,359.0,89
6.0,1.0,2.0,1.0,48.0,150
96.0,1.0,2.0,2.0,120.0,210
79.0,0.0,1.0,1.0,90.0,50
1.0,0.0,1.0,8.0,309.0,100
49.0,0.0,3.0,1.0,244.0,42
15.0,0.0,2.0,3.0,251.0,55
6.0,1.0,3.0,1.0,158.0,180
1.0,0.0,3.0,1.0,0.0,181
12.0,1.0,1.0,3.0,113.0,315
107.0,0.0,2.0,2.0,79.0,65
30.0,0.0,2.0,1.0,318.0,85
16.0,0.0,1.0,6.0,258.0,60
6.0,0.0,1.0,2.0,0.0,41
20.0,1.0,2.0,1.0,0.0,200
2.0,0.0,3.0,3.0,247.0,135
90.0,0.0,1.0,1.0,0.0,80
6.0,1.0,2.0,1.0,0.0,229
6.0,0.0,1.0,1.0,0.0,50
1.0,1.0,30.0,4.0,0.0,209
29.0,0.0,2.0,1.0,0.0,60
14.0,1.0,6.0,1.0,3.0,250
60.0,0.0,1.0,3.0,356.0,85
114.0,2.0,2.0,1.0,15.0,165
2.0,1.0,4.0,1.0,0.0,175
12.0,0.0,1.0,1.0,0.0,68
6.0,1.0,2.0,1.0,0.0,125
2.0,1.0,5.0,1.0,6.0,250
13.0,1.0,2.0,1.0,0.0,225
1.0,1.0,4.0,1.0,320.0,170
12.0,1.0,2.0,1.0,0.0,155
99.0,0.0,2.0,1.0,0.0,80
22.0,0.0,2.0,1.0,17.0,75
52.0,1.0,1.0,1.0,0.0,300
2.0,1.0,1.0,1.0,0.0,200
12.0,1.0,1.0,1.0,50.0,195
58.0,0.0,2.0,13.0,365.0,75
56.0,1.0,5.0,1.0,30.0,225
15.0,0.0,1.0,1.0,34.0,30
22.0,0.0,1.0,1.0,0.0,60
6.0,0.0,3.0,1.0,10.0,50
6.0,1.0,2.0,1.0,267.0,140
12.0,1.0,10.0,1.0,157.0,145
83.0,1.0,2.0,2.0,105.0,69
143.0,0.0,1.0,3.0,89.0,39
19.0,0.0,2.0,1.0,0.0,150
37.0,0.0,1.0,3.0,45.0,56
7.0,0.0,3.0,1.0,76.0,350
9.0,1.0,4.0,1.0,0.0,170
53.0,1.0,5.0,1.0,45.0,200
6.0,0.0,2.0,1.0,0.0,30
12.0,1.0,14.0,1.0,0.0,120
4.0,0.0,1.0,2.0,69.0,65
20.0,1.0,3.0,13.0,71.0,129
7.0,1.0,3.0,1.0,0.0,250
56.0,0.0,2.0,2.0,0.0,89
29.0,1.0,2.0,1.0,0.0,165
39.0,1.0,3.0,1.0,0.0,100
6.0,1.0,4.0,2.0,100.0,100
32.0,1.0,5.0,1.0,15.0,200
2.0,1.0,3.0,2.0,0.0,295
12.0,1.0,3.0,2.0,216.0,125
43.0,1.0,3.0,1.0,10.0,200
2.0,0.0,2.0,1.0,135.0,100
14.0,0.0,2.0,1.0,0.0,150
22.0,0.0,14.0,2.0,21.0,55
20.0,1.0,2.0,1.0,0.0,140
103.0,0.0,2.0,1.0,158.0,55
8.0,1.0,2.0,2.0,3.0,300
21.0,0.0,2.0,1.0,0.0,91
1.0,1.0,30.0,96.0,342.0,220
79.0,0.0,5.0,1.0,0.0,40
12.0,0.0,2.0,1.0,0.0,75
6.0,0.0,14.0,1.0,0.0,45
2.0,0.0,14.0,2.0,210.0,47
12.0,0.0,4.0,2.0,280.0,70
12.0,0.0,1.0,7.0,352.0,51
22.0,0.0,30.0,1.0,0.0,44
28.0,1.0,3.0,1.0,0.0,86
8.0,1.0,30.0,11.0,364.0,1000
27.0,0.0,2.0,2.0,38.0,190
4.0,1.0,1.0,2.0,364.0,400
12.0,0.0,2.0,1.0,0.0,85
85.0,1.0,3.0,3.0,347.0,250
8.0,1.0,5.0,1.0,0.0,220
11.0,1.0,2.0,1.0,0.0,190
79.0,0.0,4.0,1.0,0.0,25
56.0,0.0,1.0,3.0,365.0,80
99.0,0.0,3.0,2.0,22.0,50
21.0,1.0,5.0,1.0,0.0,160
28.0,1.0,30.0,8.0,272.0,80
29.0,0.0,1.0,1.0,0.0,150
23.0,1.0,1.0,1.0,0.0,120
12.0,1.0,1.0,1.0,130.0,185
12.0,0.0,1.0,1.0,89.0,150
12.0,1.0,175.0,1.0,362.0,350
3.0,1.0,30.0,1.0,27.0,175
4.0,2.0,1.0,1.0,0.0,45
52.0,0.0,4.0,1.0,0.0,69
79.0,0.0,6.0,1.0,0.0,35
3.0,1.0,7.0,1.0,50.0,210
52.0,1.0,5.0,1.0,167.0,260
15.0,0.0,1.0,3.0,363.0,58
2.0,1.0,3.0,1.0,4.0,115
12.0,2.0,2.0,1.0,0.0,60
3.0,1.0,7.0,1.0,189.0,130
8.0,0.0,1.0,1.0,0.0,40
20.0,0.0,1.0,1.0,0.0,65
111.0,0.0,2.0,1.0,90.0,52
76.0,1.0,2.0,2.0,131.0,123
8.0,0.0,3.0,2.0,0.0,58
7.0,0.0,2.0,1.0,0.0,100
26.0,1.0,30.0,1.0,90.0,134
114.0,2.0,1.0,8.0,363.0,28
14.0,1.0,1.0,1.0,0.0,129
20.0,1.0,4.0,1.0,0.0,20
19.0,0.0,1.0,1.0,0.0,115
21.0,0.0,2.0,1.0,0.0,40
100.0,0.0,3.0,3.0,278.0,40
71.0,0.0,1.0,15.0,232.0,100
79.0,0.0,1.0,2.0,361.0,70
64.0,0.0,6.0,1.0,40.0,120
50.0,0.0,1.0,1.0,13.0,99
30.0,1.0,4.0,1.0,83.0,90
6.0,1.0,2.0,1.0,321.0,99
7.0,0.0,1.0,11.0,271.0,165
70.0,0.0,2.0,4.0,349.0,65
8.0,1.0,100.0,1.0,290.0,158
6.0,0.0,2.0,1.0,365.0,89
6.0,0.0,400.0,1.0,90.0,50
12.0,1.0,3.0,1.0,10.0,250
14.0,1.0,30.0,1.0,280.0,225
28.0,1.0,30.0,91.0,347.0,125
6.0,0.0,1.0,6.0,170.0,43
7.0,1.0,4.0,2.0,145.0,148
30.0,0.0,1.0,1.0,0.0,70
149.0,0.0,1.0,2.0,0.0,40
19.0,1.0,2.0,1.0,0.0,174
4.0,0.0,2.0,1.0,42.0,99
52.0,0.0,60.0,1.0,0.0,119
26.0,1.0,30.0,31.0,156.0,150
25.0,0.0,14.0,4.0,2.0,55
27.0,1.0,2.0,1.0,0.0,200
2.0,1.0,1.0,1.0,188.0,125
23.0,1.0,2.0,1.0,0.0,160
7.0,1.0,30.0,20.0,339.0,160
152.0,1.0,1.0,1.0,135.0,101
22.0,1.0,2.0,1.0,30.0,195
14.0,1.0,3.0,2.0,106.0,275
16.0,1.0,4.0,1.0,0.0,160
31.0,0.0,30.0,103.0,247.0,40
21.0,1.0,3.0,1.0,0.0,68
56.0,1.0,3.0,1.0,210.0,87
15.0,1.0,2.0,1.0,0.0,105
4.0,0.0,1.0,4.0,168.0,99
28.0,1.0,30.0,29.0,329.0,145
12.0,0.0,3.0,3.0,180.0,95
26.0,1.0,1.0,1.0,0.0,250
22.0,0.0,1.0,1.0,0.0,65
1.0,1.0,30.0,1.0,155.0,300
12.0,1.0,2.0,1.0,0.0,225
2.0,0.0,1.0,2.0,365.0,73
96.0,0.0,1.0,1.0,6.0,63
20.0,0.0,2.0,2.0,0.0,80
39.0,1.0,4.0,1.0,0.0,204
20.0,0.0,1.0,3.0,269.0,65
12.0,1.0,4.0,1.0,0.0,200
15.0,0.0,3.0,2.0,0.0,44
7.0,1.0,30.0,65.0,365.0,300
19.0,0.0,1.0,1.0,0.0,50
15.0,1.0,2.0,1.0,0.0,95
12.0,0.0,1.0,1.0,156.0,140
12.0,1.0,2.0,1.0,330.0,320
5.0,1.0,30.0,8.0,312.0,350
1.0,1.0,1.0,1.0,121.0,320
17.0,1.0,4.0,1.0,254.0,149
56.0,0.0,3.0,2.0,328.0,99
28.0,1.0,30.0,15.0,327.0,99
14.0,1.0,10.0,1.0,0.0,429
28.0,1.0,30.0,15.0,208.0,99
14.0,1.0,30.0,65.0,364.0,210
19.0,1.0,1.0,1.0,0.0,125
14.0,1.0,2.0,1.0,20.0,200
90.0,0.0,2.0,4.0,169.0,99
2.0,1.0,3.0,1.0,0.0,80
2.0,0.0,2.0,1.0,2.0,82
7.0,1.0,1.0,1.0,0.0,200
21.0,0.0,1.0,2.0,250.0,75
7.0,0.0,2.0,1.0,0.0,200
79.0,1.0,4.0,1.0,3.0,260
15.0,1.0,3.0,1.0,0.0,110
3.0,0.0,2.0,1.0,0.0,65
2.0,1.0,5.0,1.0,177.0,100
12.0,0.0,2.0,2.0,0.0,65
12.0,1.0,3.0,2.0,24.0,180
2.0,1.0,3.0,1.0,0.0,129
21.0,0.0,2.0,10.0,352.0,64
1.0,0.0,2.0,1.0,0.0,130
193.0,0.0,1.0,2.0,158.0,95
19.0,0.0,2.0,3.0,18.0,65
8.0,0.0,1.0,1.0,0.0,300
19.0,0.0,3.0,1.0,18.0,80
2.0,0.0,30.0,6.0,241.0,53
12.0,0.0,1.0,1.0,0.0,80
11.0,0.0,1.0,1.0,0.0,55
28.0,1.0,30.0,33.0,362.0,139
1.0,1.0,2.0,13.0,242.0,260
14.0,1.0,2.0,2.0,33.0,199
30.0,1.0,3.0,2.0,0.0,99
45.0,0.0,30.0,1.0,32.0,49
14.0,1.0,2.0,1.0,0.0,199
79.0,0.0,22.0,3.0,173.0,70
21.0,0.0,1.0,1.0,73.0,37
11.0,1.0,6.0,1.0,81.0,220
2.0,0.0,1.0,3.0,54.0,57
5.0,1.0,30.0,50.0,364.0,150
2.0,0.0,1.0,2.0,169.0,70
7.0,1.0,2.0,1.0,0.0,135
17.0,1.0,3.0,1.0,3.0,115
179.0,0.0,1.0,1.0,65.0,89
7.0,2.0,1.0,5.0,19.0,95
12.0,1.0,1.0,1.0,84.0,225
6.0,0.0,30.0,6.0,318.0,75
12.0,1.0,4.0,2.0,315.0,200
1.0,0.0,1.0,1.0,365.0,587
45.0,1.0,2.0,1.0,33.0,150
21.0,0.0,1.0,1.0,0.0,85
43.0,0.0,9.0,2.0,365.0,57
112.0,1.0,6.0,1.0,362.0,2600
126.0,1.0,7.0,1.0,0.0,125
28.0,2.0,26.0,2.0,90.0,90
173.0,0.0,1.0,5.0,365.0,65
10.0,1.0,4.0,1.0,179.0,130
21.0,1.0,30.0,1.0,0.0,99
19.0,0.0,1.0,1.0,0.0,200
6.0,0.0,5.0,1.0,270.0,55
1.0,0.0,1.0,8.0,321.0,100
19.0,1.0,30.0,4.0,0.0,157
178.0,0.0,2.0,5.0,282.0,34
19.0,0.0,1.0,5.0,0.0,119
27.0,0.0,14.0,2.0,133.0,75
15.0,0.0,21.0,2.0,0.0,37
22.0,0.0,1.0,1.0,0.0,47
21.0,1.0,4.0,1.0,15.0,120
15.0,0.0,1.0,1.0,0.0,55
13.0,1.0,3.0,1.0,189.0,120
15.0,1.0,3.0,1.0,52.0,250
4.0,0.0,2.0,1.0,332.0,75
28.0,1.0,2.0,1.0,0.0,170
172.0,1.0,2.0,5.0,354.0,135
20.0,0.0,3.0,28.0,60.0,249
67.0,0.0,1.0,1.0,0.0,70
7.0,0.0,3.0,2.0,129.0,69
56.0,1.0,2.0,1.0,309.0,110
21.0,0.0,14.0,1.0,0.0,60
33.0,1.0,3.0,1.0,0.0,175
15.0,0.0,1.0,1.0,0.0,55
19.0,0.0,1.0,1.0,0.0,77
54.0,1.0,2.0,2.0,0.0,65
63.0,1.0,2.0,2.0,35.0,99
6.0,0.0,1.0,2.0,0.0,65
200.0,0.0,2.0,7.0,177.0,38
20.0,1.0,30.0,8.0,152.0,80
21.0,1.0,4.0,1.0,66.0,200
102.0,1.0,2.0,1.0,179.0,345
2.0,1.0,2.0,1.0,179.0,300
53.0,1.0,3.0,1.0,11.0,125
39.0,1.0,2.0,1.0,0.0,84
41.0,0.0,3.0,1.0,279.0,58
12.0,0.0,3.0,1.0,351.0,80
12.0,1.0,5.0,1.0,0.0,155
12.0,1.0,3.0,1.0,99.0,199
30.0,0.0,1.0,1.0,305.0,60
12.0,0.0,2.0,2.0,0.0,35
12.0,1.0,4.0,1.0,0.0,175
7.0,1.0,2.0,1.0,233.0,499
29.0,1.0,1.0,1.0,0.0,150
50.0,1.0,2.0,1.0,5.0,225
11.0,1.0,5.0,1.0,50.0,245
124.0,0.0,3.0,5.0,313.0,40
4.0,2.0,1.0,1.0,1.0,60
28.0,1.0,2.0,1.0,0.0,170
28.0,1.0,1.0,1.0,25.0,125
4.0,0.0,2.0,2.0,233.0,47
12.0,1.0,3.0,1.0,0.0,160
6.0,0.0,2.0,1.0,75.0,60
6.0,1.0,1.0,1.0,248.0,110
77.0,1.0,1.0,1.0,0.0,650
8.0,1.0,2.0,1.0,11.0,150
23.0,0.0,5.0,1.0,0.0,86
22.0,1.0,2.0,1.0,255.0,189
1.0,1.0,3.0,2.0,0.0,350
14.0,1.0,1.0,1.0,355.0,139
18.0,1.0,2.0,1.0,0.0,175
12.0,0.0,4.0,2.0,0.0,41
153.0,1.0,7.0,1.0,0.0,100
24.0,1.0,2.0,2.0,229.0,125
28.0,1.0,1.0,1.0,2.0,200
3.0,1.0,5.0,1.0,0.0,100
8.0,1.0,2.0,1.0,105.0,300
18.0,0.0,3.0,8.0,252.0,90
51.0,0.0,10.0,1.0,0.0,80
14.0,1.0,3.0,1.0,9.0,390
30.0,0.0,4.0,1.0,0.0,50
123.0,1.0,1.0,2.0,273.0,99
8.0,0.0,3.0,1.0,0.0,65
68.0,1.0,30.0,2.0,352.0,766
21.0,1.0,3.0,1.0,81.0,350
7.0,1.0,30.0,2.0,215.0,199
52.0,1.0,4.0,1.0,364.0,250
43.0,1.0,2.0,2.0,141.0,475
56.0,0.0,1.0,4.0,89.0,49
21.0,0.0,1.0,3.0,149.0,55
114.0,2.0,1.0,7.0,319.0,28
8.0,1.0,4.0,1.0,167.0,339
12.0,0.0,1.0,1.0,0.0,600
11.0,1.0,30.0,6.0,277.0,190
12.0,0.0,14.0,1.0,0.0,43
6.0,0.0,3.0,1.0,0.0,61
23.0,1.0,2.0,1.0,284.0,300
14.0,1.0,2.0,1.0,0.0,260
116.0,1.0,6.0,1.0,36.0,150
20.0,1.0,3.0,1.0,8.0,115
21.0,0.0,1.0,7.0,61.0,42
28.0,1.0,30.0,29.0,298.0,117
4.0,1.0,1.0,1.0,348.0,110
30.0,1.0,2.0,1.0,0.0,200
19.0,1.0,1.0,1.0,0.0,135
8.0,0.0,1.0,1.0,188.0,90
46.0,1.0,3.0,1.0,37.0,64
31.0,0.0,2.0,2.0,266.0,50
20.0,1.0,3.0,1.0,0.0,225
54.0,1.0,2.0,1.0,0.0,80
52.0,0.0,1.0,1.0,13.0,120
0.0,0.0,1.0,11.0,148.0,42
1.0,1.0,2.0,1.0,0.0,295
2.0,0.0,14.0,1.0,0.0,44
6.0,0.0,2.0,3.0,344.0,70
47.0,0.0,1.0,1.0,364.0,70
18.0,0.0,4.0,1.0,26.0,71
54.0,0.0,2.0,1.0,83.0,150
21.0,1.0,3.0,1.0,364.0,165
133.0,1.0,5.0,1.0,306.0,93
87.0,1.0,7.0,1.0,22.0,49
8.0,0.0,3.0,1.0,0.0,90
15.0,1.0,2.0,2.0,31.0,88
75.0,1.0,4.0,1.0,29.0,150
28.0,1.0,30.0,29.0,321.0,142
79.0,1.0,365.0,1.0,365.0,196
103.0,1.0,3.0,1.0,322.0,100
24.0,0.0,6.0,1.0,0.0,30
111.0,0.0,2.0,10.0,365.0,50
7.0,1.0,1.0,5.0,282.0,230
19.0,1.0,5.0,1.0,0.0,99
21.0,1.0,4.0,1.0,0.0,99
84.0,1.0,1.0,1.0,145.0,99
16.0,1.0,2.0,1.0,175.0,250
6.0,1.0,1.0,3.0,20.0,109
8.0,1.0,30.0,12.0,211.0,240
52.0,1.0,2.0,1.0,10.0,350
3.0,1.0,3.0,3.0,244.0,140
7.0,1.0,30.0,15.0,336.0,200
6.0,0.0,30.0,1.0,334.0,42
20.0,0.0,4.0,1.0,0.0,50
12.0,0.0,1.0,1.0,364.0,150
88.0,0.0,2.0,1.0,54.0,75
12.0,1.0,1.0,1.0,269.0,152
6.0,0.0,30.0,27.0,358.0,42
41.0,1.0,4.0,6.0,230.0,289
7.0,0.0,1.0,2.0,151.0,79
52.0,1.0,7.0,1.0,0.0,225
10.0,1.0,4.0,1.0,0.0,250
10.0,1.0,2.0,3.0,365.0,254
77.0,1.0,7.0,1.0,178.0,1000
13.0,1.0,3.0,2.0,252.0,160
12.0,1.0,2.0,1.0,0.0,295
20.0,0.0,2.0,1.0,0.0,45
12.0,0.0,10.0,1.0,0.0,50
156.0,1.0,2.0,1.0,89.0,100
5.0,1.0,30.0,23.0,319.0,300
56.0,0.0,3.0,1.0,78.0,90
12.0,0.0,3.0,1.0,282.0,80
83.0,1.0,2.0,6.0,36.0,69
15.0,1.0,5.0,1.0,15.0,110
69.0,0.0,1.0,5.0,57.0,142
12.0,1.0,2.0,1.0,120.0,225
56.0,0.0,1.0,1.0,104.0,90
4.0,1.0,2.0,1.0,7.0,140
8.0,1.0,5.0,1.0,0.0,180
39.0,0.0,44.0,3.0,161.0,33
2.0,1.0,4.0,1.0,158.0,125
20.0,1.0,3.0,1.0,19.0,330
124.0,1.0,30.0,3.0,298.0,90
12.0,1.0,2.0,1.0,363.0,150
2.0,0.0,21.0,1.0,0.0,30
13.0,1.0,2.0,1.0,0.0,150
150.0,0.0,2.0,1.0,0.0,24
8.0,1.0,7.0,1.0,0.0,145
24.0,1.0,2.0,1.0,25.0,150
1.0,0.0,3.0,1.0,365.0,500
34.0,0.0,1.0,1.0,0.0,155
63.0,2.0,2.0,1.0,0.0,60
8.0,1.0,2.0,1.0,0.0,99
8.0,0.0,1.0,2.0,0.0,120
30.0,0.0,2.0,1.0,51.0,40
12.0,1.0,2.0,1.0,7.0,195
12.0,1.0,3.0,1.0,250.0,465
28.0,1.0,30.0,87.0,355.0,165
28.0,1.0,4.0,1.0,328.0,284
12.0,2.0,1.0,1.0,82.0,100
15.0,1.0,4.0,1.0,0.0,75
12.0,0.0,1.0,1.0,0.0,60
47.0,0.0,3.0,1.0,126.0,44
21.0,0.0,1.0,2.0,365.0,130
94.0,0.0,1.0,18.0,319.0,135
23.0,0.0,5.0,3.0,50.0,61
8.0,0.0,30.0,32.0,314.0,60
37.0,0.0,30.0,3.0,335.0,54
44.0,0.0,1.0,2.0,258.0,48
81.0,0.0,1.0,2.0,341.0,55
12.0,0.0,1.0,1.0,0.0,80
6.0,0.0,2.0,3.0,321.0,63
4.0,1.0,2.0,1.0,365.0,295
37.0,0.0,2.0,4.0,3.0,98
19.0,0.0,5.0,1.0,0.0,100
8.0,1.0,30.0,12.0,310.0,300
15.0,1.0,3.0,1.0,13.0,149
20.0,1.0,2.0,1.0,250.0,199
27.0,1.0,2.0,1.0,90.0,800
2.0,0.0,1.0,1.0,0.0,48
214.0,1.0,1.0,1.0,360.0,250
109.0,0.0,2.0,1.0,232.0,54
2.0,0.0,2.0,1.0,102.0,110
12.0,0.0,3.0,3.0,0.0,50
21.0,1.0,4.0,2.0,107.0,100
2.0,0.0,1.0,1.0,21.0,50
21.0,0.0,1.0,1.0,0.0,65
3.0,0.0,1.0,1.0,0.0,40
8.0,1.0,2.0,1.0,0.0,250
12.0,0.0,4.0,1.0,115.0,65
7.0,1.0,4.0,1.0,107.0,175
12.0,1.0,2.0,2.0,2.0,149
44.0,1.0,5.0,1.0,325.0,135
19.0,1.0,30.0,6.0,4.0,89
70.0,1.0,2.0,1.0,60.0,95
12.0,0.0,1.0,1.0,0.0,110
149.0,1.0,1.0,1.0,42.0,60
23.0,1.0,2.0,1.0,0.0,135
12.0,1.0,7.0,1.0,129.0,150
51.0,1.0,2.0,2.0,300.0,130
8.0,1.0,30.0,5.0,91.0,238
30.0,1.0,5.0,1.0,18.0,90
14.0,0.0,1.0,1.0,0.0,100
4.0,0.0,3.0,3.0,95.0,61
79.0,1.0,10.0,1.0,0.0,80
8.0,1.0,2.0,1.0,27.0,175
93.0,0.0,1.0,3.0,356.0,65
142.0,1.0,90.0,7.0,68.0,57
14.0,1.0,1.0,1.0,0.0,115
19.0,1.0,3.0,1.0,0.0,150
159.0,0.0,6.0,43.0,313.0,38
21.0,0.0,7.0,2.0,365.0,100
70.0,1.0,3.0,1.0,13.0,89
6.0,0.0,1.0,3.0,49.0,85
2.0,0.0,4.0,2.0,291.0,81
10.0,1.0,30.0,1.0,0.0,86
2.0,0.0,1.0,1.0,83.0,60
6.0,0.0,3.0,2.0,89.0,60
6.0,0.0,3.0,1.0,2.0,30
39.0,2.0,3.0,12.0,360.0,30
6.0,0.0,1.0,3.0,332.0,60
44.0,1.0,6.0,2.0,48.0,94
28.0,1.0,30.0,91.0,157.0,125
50.0,1.0,3.0,1.0,161.0,300
2.0,1.0,5.0,1.0,0.0,80
7.0,0.0,14.0,1.0,0.0,100
23.0,1.0,28.0,1.0,38.0,124
15.0,0.0,3.0,1.0,302.0,60
37.0,0.0,1.0,7.0,285.0,32
19.0,1.0,1.0,1.0,332.0,399
37.0,0.0,1.0,6.0,326.0,70
19.0,1.0,1.0,1.0,74.0,200
21.0,0.0,2.0,3.0,314.0,55
6.0,0.0,1.0,1.0,0.0,100
27.0,1.0,2.0,1.0,99.0,290
20.0,0.0,1.0,1.0,0.0,65
4.0,0.0,1.0,10.0,359.0,55
28.0,1.0,2.0,1.0,1.0,125
37.0,1.0,2.0,1.0,305.0,99
27.0,1.0,2.0,2.0,343.0,2250
9.0,0.0,1.0,1.0,0.0,91
87.0,2.0,1.0,2.0,51.0,34
8.0,1.0,3.0,3.0,0.0,200
18.0,0.0,1.0,1.0,0.0,40
2.0,1.0,3.0,1.0,55.0,120
21.0,0.0,4.0,2.0,364.0,60
21.0,0.0,1.0,1.0,0.0,49
45.0,0.0,2.0,1.0,0.0,75
46.0,0.0,3.0,2.0,359.0,68
21.0,0.0,4.0,1.0,179.0,199
79.0,0.0,5.0,2.0,282.0,53
24.0,0.0,1.0,1.0,0.0,400
14.0,1.0,1.0,1.0,0.0,150
16.0,0.0,2.0,1.0,0.0,47
21.0,0.0,3.0,4.0,347.0,110
31.0,0.0,30.0,37.0,0.0,43
39.0,1.0,5.0,1.0,0.0,89
6.0,0.0,1.0,1.0,60.0,75
33.0,1.0,1.0,1.0,0.0,125
37.0,1.0,3.0,1.0,0.0,450
7.0,1.0,3.0,1.0,191.0,125
120.0,1.0,2.0,1.0,168.0,85
2.0,0.0,1.0,1.0,0.0,86
15.0,1.0,3.0,1.0,292.0,300
6.0,1.0,30.0,1.0,281.0,160
8.0,0.0,1.0,1.0,0.0,50
9.0,0.0,1.0,1.0,0.0,75
15.0,1.0,9.0,1.0,0.0,90
12.0,0.0,3.0,1.0,0.0,85
20.0,0.0,7.0,1.0,47.0,90
21.0,0.0,1.0,1.0,83.0,130
150.0,1.0,90.0,7.0,93.0,48
1.0,0.0,2.0,13.0,327.0,252
30.0,0.0,1.0,1.0,0.0,65
6.0,0.0,8.0,1.0,0.0,45
15.0,0.0,1.0,1.0,0.0,47
21.0,0.0,2.0,1.0,0.0,50
60.0,0.0,1.0,3.0,359.0,93
76.0,0.0,2.0,1.0,81.0,50
56.0,0.0,30.0,1.0,90.0,47
11.0,1.0,1.0,1.0,0.0,289
34.0,0.0,1.0,17.0,361.0,129
44.0,0.0,1.0,2.0,29.0,54
73.0,1.0,2.0,1.0,0.0,105
2.0,0.0,3.0,1.0,66.0,85
87.0,1.0,2.0,3.0,5.0,268
23.0,1.0,4.0,1.0,31.0,159
25.0,1.0,10.0,1.0,45.0,220
31.0,0.0,30.0,103.0,235.0,42
152.0,0.0,1.0,3.0,342.0,50
103.0,0.0,1.0,2.0,47.0,44
7.0,1.0,3.0,47.0,352.0,500
23.0,0.0,4.0,2.0,191.0,99
1.0,1.0,7.0,1.0,34.0,125
7.0,0.0,1.0,1.0,0.0,150
90.0,1.0,2.0,1.0,0.0,120
11.0,1.0,7.0,1.0,0.0,240
8.0,0.0,1.0,1.0,311.0,125
2.0,0.0,2.0,1.0,0.0,100
73.0,1.0,2.0,5.0,256.0,129
6.0,1.0,2.0,1.0,71.0,195
23.0,1.0,1.0,1.0,356.0,499
109.0,0.0,1.0,1.0,179.0,63
19.0,1.0,2.0,1.0,0.0,185
14.0,0.0,5.0,2.0,79.0,103
13.0,0.0,1.0,2.0,0.0,45
6.0,1.0,15.0,1.0,24.0,100
18.0,0.0,1.0,1.0,0.0,48
7.0,1.0,3.0,2.0,1.0,150
6.0,0.0,3.0,1.0,20.0,60
83.0,0.0,1.0,2.0,350.0,100
37.0,1.0,1.0,1.0,55.0,98
16.0,1.0,5.0,1.0,0.0,250
19.0,0.0,7.0,1.0,0.0,55
30.0,0.0,5.0,1.0,218.0,55
28.0,1.0,5.0,1.0,82.0,300
30.0,1.0,1.0,1.0,0.0,70
12.0,0.0,30.0,3.0,0.0,40
8.0,0.0,2.0,4.0,43.0,90
23.0,0.0,1.0,2.0,162.0,135
7.0,0.0,3.0,3.0,24.0,150
24.0,0.0,1.0,1.0,0.0,75
19.0,0.0,4.0,1.0,140.0,109
22.0,0.0,1.0,1.0,0.0,48
28.0,1.0,2.0,1.0,0.0,150
28.0,1.0,8.0,1.0,14.0,220
15.0,0.0,10.0,1.0,0.0,36
125.0,1.0,2.0,2.0,159.0,240
28.0,1.0,30.0,121.0,272.0,249
6.0,1.0,2.0,2.0,305.0,149
50.0,1.0,2.0,1.0,9.0,210
7.0,1.0,30.0,31.0,345.0,120
21.0,0.0,2.0,3.0,79.0,39
27.0,1.0,4.0,1.0,5.0,205
8.0,0.0,30.0,32.0,328.0,60
16.0,1.0,10.0,1.0,15.0,195
28.0,0.0,3.0,1.0,108.0,85
2.0,1.0,2.0,1.0,54.0,199
16.0,0.0,1.0,4.0,0.0,169
15.0,0.0,2.0,1.0,16.0,59
21.0,0.0,1.0,1.0,158.0,39
21.0,1.0,3.0,2.0,258.0,159
37.0,0.0,1.0,3.0,76.0,60
26.0,1.0,2.0,1.0,0.0,225
6.0,0.0,2.0,1.0,31.0,50
12.0,1.0,1.0,1.0,0.0,250
26.0,1.0,3.0,3.0,0.0,120
15.0,0.0,3.0,4.0,37.0,50
32.0,1.0,3.0,1.0,0.0,215
12.0,0.0,2.0,1.0,0.0,80
6.0,1.0,1.0,9.0,20.0,139
12.0,0.0,4.0,1.0,157.0,65
45.0,0.0,1.0,1.0,0.0,150
2.0,0.0,1.0,2.0,65.0,87
8.0,1.0,2.0,1.0,0.0,90
24.0,2.0,1.0,6.0,211.0,40
1.0,1.0,1.0,4.0,351.0,189
95.0,0.0,1.0,2.0,173.0,75
2.0,1.0,1.0,2.0,301.0,289
1.0,1.0,1.0,2.0,0.0,800
6.0,1.0,7.0,1.0,0.0,70
43.0,1.0,29.0,96.0,332.0,212
28.0,1.0,2.0,1.0,32.0,222
15.0,1.0,2.0,2.0,1.0,140
157.0,2.0,1.0,1.0,88.0,40
39.0,0.0,7.0,1.0,0.0,55
45.0,0.0,7.0,1.0,0.0,48
21.0,1.0,2.0,1.0,10.0,155
70.0,1.0,3.0,2.0,70.0,139
2.0,0.0,2.0,1.0,0.0,75
49.0,1.0,2.0,3.0,331.0,175
103.0,1.0,2.0,1.0,135.0,90
64.0,1.0,4.0,1.0,295.0,550
8.0,1.0,30.0,10.0,160.0,175
1.0,2.0,1.0,1.0,0.0,130
45.0,0.0,6.0,1.0,34.0,125
68.0,1.0,2.0,1.0,0.0,1200
20.0,0.0,5.0,3.0,342.0,52
144.0,1.0,2.0,3.0,26.0,100
4.0,1.0,14.0,3.0,253.0,113
37.0,0.0,1.0,4.0,0.0,48
6.0,0.0,2.0,2.0,21.0,75
21.0,0.0,4.0,2.0,0.0,47
18.0,2.0,2.0,1.0,0.0,40
43.0,1.0,29.0,327.0,338.0,180
2.0,0.0,1.0,1.0,0.0,53
71.0,1.0,30.0,121.0,365.0,203
44.0,0.0,30.0,23.0,192.0,34
8.0,1.0,1.0,1.0,0.0,200
26.0,1.0,5.0,3.0,0.0,190
21.0,1.0,2.0,6.0,241.0,169
43.0,1.0,1.0,1.0,324.0,199
20.0,0.0,1.0,33.0,365.0,99
1.0,1.0,1.0,1.0,5.0,300
22.0,0.0,4.0,3.0,68.0,69
123.0,1.0,1.0,2.0,306.0,142
28.0,1.0,1.0,1.0,0.0,175
44.0,0.0,3.0,1.0,291.0,78
52.0,1.0,2.0,1.0,207.0,225
25.0,0.0,30.0,103.0,247.0,44
19.0,1.0,1.0,1.0,142.0,139
15.0,1.0,1.0,1.0,0.0,100
5.0,1.0,2.0,1.0,0.0,168
3.0,1.0,1.0,1.0,80.0,100
20.0,0.0,4.0,1.0,0.0,50
15.0,0.0,1.0,1.0,0.0,150
19.0,0.0,1.0,2.0,0.0,60
42.0,0.0,2.0,1.0,348.0,70
6.0,0.0,1.0,3.0,239.0,49
15.0,1.0,3.0,1.0,4.0,102
7.0,1.0,30.0,23.0,149.0,229
52.0,1.0,3.0,1.0,244.0,250
25.0,1.0,30.0,1.0,66.0,110
113.0,1.0,3.0,1.0,28.0,140
14.0,1.0,3.0,1.0,170.0,170
5.0,0.0,7.0,1.0,8.0,90
6.0,1.0,2.0,2.0,235.0,100
28.0,1.0,30.0,39.0,228.0,150
6.0,1.0,3.0,1.0,24.0,119
21.0,0.0,1.0,1.0,66.0,72
8.0,1.0,3.0,1.0,26.0,195
6.0,2.0,3.0,34.0,365.0,38
7.0,0.0,90.0,1.0,160.0,100
7.0,0.0,1.0,5.0,126.0,98
6.0,0.0,4.0,6.0,120.0,72
24.0,0.0,10.0,1.0,0.0,49
12.0,0.0,2.0,1.0,0.0,80
12.0,1.0,2.0,1.0,0.0,167
8.0,0.0,6.0,1.0,0.0,66
124.0,0.0,1.0,7.0,179.0,80
6.0,1.0,3.0,2.0,0.0,149
11.0,1.0,1.0,1.0,0.0,165
20.0,1.0,3.0,28.0,47.0,199
21.0,1.0,3.0,1.0,0.0,135
28.0,1.0,1.0,1.0,0.0,127
56.0,1.0,5.0,1.0,0.0,125
84.0,0.0,3.0,1.0,6.0,45
12.0,0.0,4.0,1.0,29.0,75
2.0,0.0,2.0,1.0,86.0,100
28.0,2.0,30.0,6.0,289.0,45
8.0,1.0,1.0,1.0,0.0,145
44.0,0.0,1.0,1.0,0.0,40
1.0,1.0,29.0,96.0,250.0,209
20.0,0.0,2.0,2.0,0.0,55
12.0,1.0,7.0,1.0,0.0,350
6.0,0.0,30.0,27.0,311.0,42
15.0,0.0,1.0,12.0,102.0,72
54.0,0.0,3.0,4.0,332.0,45
6.0,1.0,5.0,1.0,182.0,104
12.0,0.0,1.0,1.0,124.0,65
75.0,1.0,20.0,3.0,294.0,121
2.0,1.0,12.0,1.0,0.0,100
4.0,1.0,4.0,2.0,0.0,100
21.0,0.0,5.0,1.0,88.0,75
5.0,1.0,30.0,31.0,157.0,110
7.0,1.0,3.0,1.0,146.0,165
141.0,0.0,1.0,4.0,267.0,38
15.0,2.0,2.0,3.0,1.0,29
100.0,1.0,2.0,1.0,360.0,110
132.0,1.0,2.0,1.0,229.0,279
6.0,0.0,15.0,11.0,341.0,48
8.0,1.0,14.0,1.0,2.0,130
21.0,1.0,2.0,2.0,10.0,100
49.0,1.0,4.0,1.0,117.0,200
16.0,0.0,3.0,1.0,256.0,115
7.0,1.0,30.0,121.0,179.0,239
14.0,0.0,1.0,9.0,319.0,100
54.0,0.0,2.0,1.0,277.0,33
2.0,1.0,3.0,1.0,0.0,125
114.0,0.0,3.0,1.0,49.0,95
12.0,1.0,3.0,1.0,0.0,249
52.0,0.0,3.0,3.0,63.0,125
2.0,0.0,5.0,1.0,89.0,100
6.0,0.0,2.0,1.0,0.0,75
2.0,1.0,7.0,1.0,280.0,130
23.0,1.0,2.0,1.0,0.0,92
13.0,1.0,1.0,1.0,0.0,170
21.0,0.0,1.0,1.0,0.0,73
19.0,0.0,1.0,2.0,59.0,84
6.0,1.0,3.0,1.0,166.0,100
6.0,0.0,1.0,2.0,0.0,45
25.0,0.0,1.0,6.0,365.0,90
68.0,1.0,2.0,1.0,0.0,200
79.0,1.0,2.0,2.0,244.0,150
19.0,0.0,1.0,1.0,0.0,95
23.0,1.0,2.0,1.0,0.0,198
23.0,1.0,3.0,1.0,1.0,175
2.0,0.0,30.0,2.0,0.0,60
3.0,1.0,1.0,11.0,365.0,8000
21.0,0.0,2.0,2.0,293.0,50
1.0,1.0,3.0,2.0,0.0,149
23.0,0.0,2.0,1.0,80.0,91
44.0,1.0,4.0,1.0,0.0,45
202.0,0.0,2.0,1.0,240.0,65
6.0,0.0,1.0,1.0,0.0,55
12.0,0.0,2.0,2.0,365.0,95
1.0,1.0,4.0,1.0,0.0,175
6.0,1.0,3.0,2.0,170.0,115
6.0,0.0,2.0,6.0,164.0,81
106.0,1.0,2.0,1.0,9.0,96
3.0,0.0,2.0,3.0,336.0,70
12.0,0.0,2.0,2.0,8.0,70
30.0,0.0,31.0,6.0,130.0,40
124.0,2.0,1.0,1.0,0.0,100
12.0,0.0,1.0,2.0,58.0,90
24.0,0.0,1.0,3.0,332.0,52
3.0,1.0,21.0,1.0,0.0,125
28.0,1.0,3.0,1.0,324.0,230
8.0,1.0,4.0,1.0,0.0,199
21.0,1.0,3.0,2.0,269.0,174
2.0,0.0,5.0,1.0,364.0,100
28.0,0.0,3.0,2.0,345.0,101
19.0,1.0,2.0,1.0,0.0,165
6.0,1.0,2.0,6.0,0.0,400
43.0,1.0,29.0,327.0,339.0,135
56.0,0.0,1.0,2.0,89.0,60
6.0,0.0,4.0,1.0,0.0,70
15.0,1.0,3.0,3.0,314.0,185
144.0,0.0,2.0,3.0,110.0,65
20.0,1.0,3.0,3.0,1.0,185
22.0,1.0,6.0,1.0,202.0,100
12.0,0.0,1.0,3.0,89.0,125
23.0,1.0,2.0,1.0,4.0,200
113.0,0.0,1.0,1.0,39.0,249
79.0,1.0,2.0,1.0,0.0,100
2.0,1.0,3.0,2.0,326.0,125
23.0,1.0,5.0,1.0,282.0,85
26.0,0.0,1.0,1.0,0.0,150
75.0,0.0,3.0,4.0,211.0,30
79.0,1.0,5.0,3.0,365.0,105
189.0,1.0,3.0,1.0,122.0,85
1.0,0.0,1.0,2.0,0.0,500
15.0,1.0,1.0,1.0,362.0,400
2.0,0.0,7.0,1.0,0.0,35
79.0,0.0,1.0,1.0,28.0,50
9.0,0.0,3.0,4.0,222.0,130
37.0,0.0,28.0,1.0,123.0,38
15.0,0.0,5.0,1.0,0.0,55
6.0,0.0,2.0,1.0,6.0,60
12.0,1.0,4.0,1.0,117.0,290
19.0,1.0,30.0,6.0,0.0,89
34.0,0.0,1.0,17.0,363.0,119
126.0,0.0,1.0,1.0,0.0,50
21.0,2.0,30.0,6.0,342.0,32
6.0,0.0,2.0,1.0,0.0,75
20.0,0.0,5.0,1.0,0.0,70
1.0,1.0,1.0,1.0,0.0,300
15.0,1.0,5.0,1.0,0.0,85
56.0,0.0,2.0,3.0,132.0,59
7.0,0.0,1.0,2.0,0.0,99
4.0,0.0,1.0,1.0,30.0,270
2.0,0.0,1.0,2.0,157.0,55
24.0,0.0,1.0,1.0,95.0,109
28.0,1.0,3.0,1.0,0.0,350
30.0,0.0,1.0,3.0,6.0,54
111.0,0.0,2.0,10.0,365.0,45
7.0,1.0,2.0,3.0,240.0,1000
12.0,0.0,4.0,4.0,0.0,60
12.0,0.0,4.0,1.0,0.0,67
20.0,1.0,1.0,1.0,0.0,135
23.0,1.0,8.0,1.0,333.0,110
9.0,0.0,13.0,1.0,91.0,128
11.0,1.0,6.0,1.0,0.0,190
12.0,0.0,3.0,3.0,53.0,70
7.0,1.0,3.0,1.0,138.0,150
21.0,1.0,4.0,1.0,0.0,165
19.0,1.0,2.0,1.0,0.0,150
84.0,0.0,1.0,1.0,365.0,100
188.0,0.0,3.0,1.0,90.0,60
22.0,1.0,7.0,1.0,0.0,75
7.0,0.0,1.0,11.0,305.0,255
12.0,0.0,1.0,1.0,0.0,50
4.0,1.0,4.0,2.0,3.0,180
68.0,1.0,3.0,1.0,0.0,177
5.0,1.0,30.0,31.0,134.0,139
56.0,0.0,3.0,1.0,0.0,53
28.0,0.0,2.0,1.0,4.0,100
20.0,1.0,30.0,1.0,363.0,399
6.0,1.0,3.0,7.0,319.0,150
44.0,1.0,7.0,1.0,93.0,105
8.0,1.0,4.0,1.0,0.0,160
26.0,1.0,10.0,1.0,0.0,200
8.0,0.0,1.0,1.0,0.0,85
43.0,1.0,2.0,327.0,272.0,247
56.0,1.0,14.0,2.0,0.0,150
6.0,1.0,3.0,1.0,0.0,90
106.0,0.0,1.0,1.0,90.0,80
15.0,0.0,3.0,1.0,22.0,62
1.0,1.0,3.0,1.0,144.0,499
5.0,1.0,30.0,31.0,125.0,150
9.0,0.0,1.0,3.0,339.0,85
19.0,1.0,2.0,1.0,0.0,350
12.0,0.0,1.0,1.0,245.0,45
45.0,1.0,3.0,1.0,0.0,120
1.0,1.0,30.0,12.0,328.0,225
12.0,0.0,1.0,1.0,0.0,60
66.0,0.0,3.0,5.0,365.0,45
49.0,0.0,1.0,1.0,0.0,45
26.0,1.0,4.0,1.0,0.0,140
27.0,0.0,1.0,4.0,350.0,100
15.0,0.0,1.0,2.0,179.0,90
25.0,1.0,1.0,1.0,0.0,110
52.0,1.0,4.0,1.0,117.0,615
28.0,0.0,2.0,6.0,351.0,420
2.0,0.0,5.0,1.0,18.0,80
12.0,1.0,2.0,1.0,0.0,109
46.0,0.0,2.0,3.0,322.0,83
64.0,0.0,4.0,1.0,6.0,150
14.0,0.0,3.0,1.0,106.0,130
68.0,1.0,30.0,39.0,1.0,185
11.0,1.0,5.0,1.0,0.0,295
30.0,0.0,3.0,2.0,1.0,65
12.0,0.0,1.0,2.0,281.0,70
43.0,1.0,3.0,1.0,0.0,116
15.0,0.0,1.0,10.0,159.0,39
6.0,0.0,2.0,2.0,309.0,46
12.0,0.0,1.0,3.0,16.0,89
28.0,1.0,30.0,65.0,315.0,187
12.0,0.0,10.0,1.0,13.0,73
12.0,1.0,1.0,2.0,224.0,210
2.0,1.0,3.0,2.0,0.0,65
20.0,1.0,10.0,1.0,41.0,150
1.0,1.0,4.0,3.0,4.0,369
15.0,0.0,1.0,1.0,88.0,38
1.0,1.0,2.0,1.0,263.0,199
6.0,0.0,10.0,3.0,301.0,55
44.0,0.0,30.0,10.0,365.0,47
0.0,1.0,2.0,1.0,0.0,100
1.0,2.0,1.0,1.0,52.0,75
15.0,0.0,2.0,1.0,0.0,60
12.0,0.0,6.0,1.0,0.0,55
32.0,1.0,8.0,1.0,72.0,500
7.0,0.0,3.0,1.0,286.0,105
11.0,1.0,3.0,1.0,0.0,170
1.0,1.0,30.0,96.0,311.0,180
64.0,1.0,3.0,1.0,0.0,250
33.0,1.0,4.0,2.0,3.0,135
49.0,0.0,1.0,5.0,32.0,100
7.0,0.0,1.0,1.0,0.0,130
2.0,1.0,5.0,1.0,0.0,350
13.0,0.0,5.0,1.0,172.0,125
8.0,0.0,4.0,1.0,0.0,95
30.0,1.0,1.0,6.0,154.0,120
56.0,1.0,30.0,3.0,220.0,600
61.0,1.0,2.0,1.0,123.0,100
39.0,0.0,6.0,1.0,128.0,49
77.0,1.0,6.0,1.0,105.0,400
22.0,1.0,3.0,1.0,320.0,150
1.0,1.0,2.0,1.0,43.0,185
89.0,1.0,1.0,1.0,0.0,75
8.0,1.0,30.0,11.0,364.0,1000
2.0,0.0,3.0,1.0,19.0,54
103.0,0.0,1.0,2.0,305.0,85
2.0,2.0,1.0,1.0,7.0,60
46.0,0.0,1.0,4.0,177.0,140
45.0,1.0,3.0,1.0,0.0,125
16.0,1.0,3.0,1.0,0.0,125
7.0,1.0,2.0,1.0,44.0,225
14.0,1.0,3.0,1.0,1.0,200
2.0,1.0,5.0,1.0,0.0,113
5.0,0.0,1.0,1.0,0.0,100
64.0,0.0,1.0,1.0,0.0,90
28.0,0.0,1.0,1.0,0.0,141
21.0,0.0,5.0,1.0,0.0,60
21.0,1.0,2.0,1.0,128.0,245
12.0,0.0,1.0,1.0,0.0,110
49.0,0.0,2.0,1.0,12.0,95
22.0,1.0,3.0,1.0,108.0,110
1.0,0.0,1.0,14.0,365.0,450
60.0,1.0,3.0,1.0,0.0,109
25.0,1.0,3.0,1.0,0.0,231
7.0,1.0,30.0,49.0,365.0,220
25.0,1.0,1.0,1.0,42.0,75
2.0,0.0,2.0,2.0,1.0,75
71.0,1.0,5.0,1.0,0.0,200
14.0,1.0,5.0,1.0,4.0,170
117.0,0.0,3.0,3.0,88.0,200
37.0,0.0,1.0,9.0,353.0,95
14.0,1.0,2.0,1.0,0.0,130
77.0,1.0,30.0,232.0,244.0,282
63.0,1.0,2.0,1.0,86.0,165
15.0,1.0,30.0,3.0,34.0,88
14.0,1.0,2.0,3.0,0.0,400
34.0,0.0,1.0,3.0,317.0,53
12.0,1.0,3.0,1.0,359.0,650
6.0,0.0,1.0,1.0,0.0,37
21.0,0.0,5.0,1.0,0.0,44
8.0,0.0,4.0,1.0,365.0,200
85.0,0.0,2.0,2.0,84.0,40
16.0,1.0,3.0,1.0,46.0,400
25.0,1.0,3.0,1.0,0.0,120
0.0,0.0,3.0,3.0,0.0,137
8.0,1.0,30.0,9.0,311.0,180
2.0,0.0,1.0,3.0,280.0,60
12.0,0.0,1.0,4.0,267.0,110
53.0,1.0,3.0,1.0,212.0,199
28.0,0.0,1.0,1.0,149.0,120
2.0,0.0,5.0,1.0,0.0,57
12.0,0.0,2.0,1.0,83.0,90
6.0,1.0,2.0,3.0,259.0,169
1.0,1.0,2.0,13.0,266.0,672
12.0,0.0,1.0,2.0,23.0,80
162.0,2.0,1.0,8.0,351.0,25
23.0,1.0,5.0,1.0,25.0,139
56.0,2.0,3.0,1.0,248.0,60
19.0,0.0,2.0,2.0,0.0,149
103.0,1.0,1.0,1.0,336.0,250
45.0,1.0,3.0,1.0,0.0,80
56.0,0.0,3.0,1.0,0.0,55
100.0,0.0,4.0,1.0,323.0,45
83.0,1.0,1.0,1.0,314.0,105
8.0,1.0,30.0,96.0,283.0,168
8.0,0.0,1.0,1.0,0.0,200
5.0,0.0,4.0,1.0,46.0,150
56.0,1.0,7.0,1.0,0.0,125
28.0,1.0,1.0,1.0,0.0,99
28.0,1.0,5.0,1.0,0.0,250
21.0,1.0,5.0,1.0,49.0,85
2.0,0.0,1.0,1.0,45.0,65
12.0,1.0,3.0,1.0,0.0,275
6.0,1.0,3.0,1.0,155.0,125
28.0,1.0,1.0,1.0,0.0,290
6.0,1.0,2.0,1.0,57.0,99
19.0,0.0,30.0,1.0,18.0,63
6.0,1.0,1.0,1.0,3.0,185
27.0,1.0,3.0,1.0,363.0,249
21.0,1.0,2.0,1.0,0.0,100
37.0,0.0,1.0,1.0,86.0,65
2.0,1.0,3.0,1.0,9.0,135
56.0,0.0,5.0,3.0,162.0,47
5.0,1.0,30.0,50.0,365.0,195
14.0,1.0,1.0,1.0,0.0,128
44.0,0.0,1.0,3.0,88.0,75
6.0,0.0,2.0,1.0,365.0,60
2.0,1.0,1.0,1.0,0.0,76
28.0,1.0,30.0,9.0,332.0,200
12.0,0.0,12.0,2.0,0.0,56
22.0,1.0,4.0,2.0,29.0,150
5.0,1.0,30.0,50.0,364.0,150
12.0,1.0,6.0,3.0,242.0,189
28.0,1.0,5.0,1.0,25.0,150
4.0,1.0,4.0,1.0,0.0,102
21.0,0.0,1.0,1.0,0.0,65
101.0,0.0,1.0,1.0,0.0,225
44.0,0.0,2.0,2.0,0.0,65
45.0,0.0,1.0,1.0,0.0,80
30.0,0.0,30.0,1.0,275.0,45
39.0,1.0,3.0,4.0,280.0,129
19.0,1.0,2.0,1.0,0.0,130
6.0,1.0,5.0,2.0,243.0,160
63.0,1.0,2.0,1.0,319.0,125
14.0,0.0,2.0,1.0,0.0,195
25.0,0.0,3.0,2.0,90.0,135
7.0,0.0,2.0,1.0,14.0,90
9.0,0.0,1.0,2.0,10.0,90
73.0,0.0,2.0,1.0,71.0,50
21.0,0.0,30.0,17.0,333.0,50
0.0,1.0,3.0,3.0,0.0,84
28.0,0.0,1.0,1.0,5.0,100
23.0,1.0,14.0,1.0,0.0,215
3.0,0.0,1.0,3.0,0.0,75
2.0,0.0,8.0,6.0,270.0,47
6.0,1.0,7.0,1.0,0.0,85
1.0,1.0,29.0,96.0,327.0,239
1.0,1.0,28.0,49.0,250.0,714
11.0,1.0,3.0,1.0,16.0,350
23.0,0.0,4.0,1.0,90.0,90
6.0,1.0,2.0,1.0,36.0,80
21.0,0.0,5.0,2.0,261.0,60
12.0,1.0,2.0,1.0,3.0,210
2.0,0.0,3.0,1.0,21.0,55
38.0,0.0,1.0,1.0,149.0,99
23.0,1.0,2.0,2.0,362.0,180
73.0,2.0,2.0,8.0,32.0,20
28.0,0.0,3.0,1.0,14.0,100
14.0,1.0,5.0,1.0,17.0,260
12.0,1.0,3.0,2.0,0.0,145
12.0,1.0,3.0,1.0,354.0,500
3.0,0.0,1.0,1.0,0.0,85
48.0,1.0,2.0,2.0,38.0,400
77.0,1.0,3.0,1.0,17.0,295
7.0,2.0,1.0,8.0,196.0,65
84.0,0.0,1.0,5.0,235.0,48
39.0,0.0,2.0,1.0,180.0,50
7.0,1.0,2.0,1.0,9.0,130
21.0,1.0,1.0,1.0,235.0,122
132.0,0.0,14.0,1.0,128.0,72
43.0,1.0,2.0,327.0,341.0,412
21.0,2.0,4.0,5.0,49.0,25
8.0,1.0,2.0,1.0,0.0,199
71.0,1.0,25.0,1.0,261.0,250
45.0,0.0,1.0,1.0,16.0,70
66.0,0.0,4.0,1.0,232.0,37
4.0,1.0,2.0,3.0,341.0,220
6.0,0.0,3.0,1.0,301.0,75
24.0,1.0,2.0,1.0,0.0,199
1.0,0.0,14.0,1.0,346.0,86
54.0,1.0,6.0,1.0,62.0,150
7.0,0.0,2.0,4.0,39.0,140
15.0,1.0,3.0,1.0,17.0,48
1.0,0.0,3.0,12.0,365.0,599
2.0,0.0,1.0,1.0,0.0,100
23.0,0.0,1.0,1.0,0.0,120
30.0,1.0,2.0,1.0,0.0,99
12.0,1.0,30.0,232.0,188.0,278
170.0,1.0,2.0,1.0,334.0,350
6.0,1.0,3.0,1.0,133.0,180
46.0,2.0,1.0,8.0,34.0,39
6.0,1.0,2.0,1.0,1.0,170
24.0,0.0,3.0,1.0,50.0,70
14.0,0.0,12.0,4.0,21.0,99
4.0,1.0,2.0,2.0,0.0,175
52.0,1.0,3.0,1.0,80.0,226
129.0,0.0,1.0,2.0,365.0,66
12.0,0.0,2.0,4.0,0.0,75
39.0,0.0,2.0,1.0,101.0,60
56.0,0.0,3.0,1.0,5.0,57
94.0,0.0,1.0,6.0,361.0,120
8.0,0.0,4.0,1.0,0.0,175
19.0,1.0,1.0,1.0,38.0,165
28.0,1.0,30.0,34.0,280.0,165
12.0,0.0,2.0,2.0,345.0,70
20.0,0.0,1.0,1.0,0.0,60
11.0,1.0,3.0,1.0,0.0,450
12.0,1.0,3.0,1.0,0.0,215
15.0,0.0,3.0,1.0,0.0,30
19.0,1.0,3.0,1.0,13.0,118
52.0,0.0,1.0,1.0,0.0,1250
20.0,0.0,1.0,1.0,0.0,110
8.0,0.0,1.0,4.0,59.0,129
11.0,1.0,1.0,1.0,0.0,400
44.0,0.0,30.0,8.0,314.0,45
27.0,0.0,4.0,1.0,0.0,129
19.0,1.0,7.0,1.0,231.0,129
21.0,0.0,1.0,1.0,0.0,30
12.0,0.0,1.0,1.0,0.0,80
6.0,0.0,16.0,1.0,40.0,30
49.0,1.0,3.0,1.0,0.0,100
70.0,1.0,1.0,2.0,289.0,100
12.0,1.0,5.0,1.0,0.0,100
39.0,0.0,5.0,4.0,297.0,40
129.0,1.0,5.0,6.0,121.0,150
2.0,0.0,2.0,1.0,275.0,65
6.0,0.0,3.0,1.0,0.0,40
33.0,0.0,2.0,1.0,309.0,210
14.0,1.0,3.0,1.0,0.0,225
15.0,0.0,7.0,2.0,292.0,150
6.0,0.0,6.0,3.0,48.0,82
20.0,0.0,14.0,1.0,268.0,79
4.0,0.0,2.0,1.0,1.0,113
124.0,0.0,1.0,4.0,360.0,45
71.0,0.0,1.0,15.0,359.0,300
6.0,0.0,30.0,3.0,54.0,35
56.0,0.0,3.0,2.0,0.0,40
187.0,0.0,1.0,2.0,0.0,60
8.0,1.0,4.0,1.0,0.0,175
15.0,0.0,7.0,1.0,0.0,50
7.0,1.0,30.0,121.0,365.0,239
30.0,2.0,1.0,1.0,30.0,40
7.0,1.0,4.0,1.0,261.0,245
1.0,1.0,4.0,8.0,218.0,419
34.0,1.0,12.0,1.0,83.0,125
139.0,0.0,1.0,1.0,160.0,74
11.0,1.0,1.0,1.0,99.0,120
1.0,1.0,3.0,1.0,115.0,524
7.0,0.0,4.0,1.0,0.0,100
22.0,0.0,2.0,1.0,130.0,54
8.0,1.0,30.0,25.0,318.0,275
77.0,1.0,1.0,1.0,0.0,2000
15.0,1.0,3.0,1.0,365.0,250
63.0,1.0,2.0,1.0,0.0,100
30.0,0.0,30.0,1.0,0.0,120
46.0,1.0,1.0,1.0,62.0,85
68.0,1.0,6.0,1.0,0.0,130
12.0,1.0,30.0,1.0,159.0,55
20.0,0.0,1.0,2.0,15.0,70
7.0,1.0,2.0,1.0,179.0,350
20.0,0.0,30.0,10.0,341.0,65
12.0,1.0,2.0,1.0,0.0,650
29.0,0.0,1.0,13.0,315.0,55
30.0,0.0,2.0,1.0,216.0,59
44.0,1.0,7.0,2.0,15.0,160
6.0,0.0,1.0,1.0,0.0,49
34.0,1.0,30.0,1.0,297.0,130
25.0,1.0,2.0,1.0,364.0,350
12.0,0.0,7.0,1.0,0.0,65
85.0,0.0,4.0,3.0,189.0,42
2.0,0.0,1.0,1.0,0.0,60
21.0,0.0,3.0,3.0,67.0,70
12.0,1.0,4.0,1.0,1.0,110
13.0,1.0,10.0,1.0,0.0,150
1.0,1.0,4.0,2.0,0.0,130
64.0,1.0,3.0,1.0,85.0,249
49.0,1.0,1.0,1.0,0.0,75
56.0,0.0,3.0,2.0,285.0,70
7.0,1.0,2.0,1.0,0.0,123
22.0,0.0,1.0,1.0,80.0,65
6.0,0.0,7.0,1.0,0.0,30
12.0,1.0,30.0,1.0,0.0,90
9.0,1.0,20.0,1.0,0.0,120
189.0,1.0,4.0,1.0,50.0,115
7.0,1.0,1.0,1.0,148.0,199
22.0,0.0,10.0,1.0,0.0,54
28.0,1.0,2.0,1.0,7.0,155
39.0,0.0,1.0,9.0,339.0,70
28.0,1.0,1.0,1.0,5.0,115
8.0,0.0,1.0,10.0,288.0,230
51.0,0.0,1.0,2.0,0.0,72
10.0,1.0,3.0,1.0,0.0,173
14.0,0.0,7.0,1.0,0.0,90
12.0,0.0,30.0,6.0,255.0,125
7.0,0.0,7.0,47.0,318.0,99
27.0,0.0,1.0,4.0,293.0,100
12.0,1.0,3.0,1.0,3.0,140
90.0,0.0,1.0,3.0,365.0,100
6.0,0.0,1.0,1.0,0.0,75
16.0,0.0,2.0,1.0,0.0,90
124.0,0.0,3.0,5.0,212.0,38
26.0,0.0,28.0,1.0,72.0,95
37.0,0.0,5.0,12.0,141.0,60
71.0,0.0,1.0,7.0,293.0,100
4.0,1.0,7.0,1.0,188.0,125
12.0,1.0,3.0,1.0,152.0,50
12.0,0.0,4.0,2.0,0.0,100
39.0,1.0,1.0,2.0,177.0,95
2.0,0.0,1.0,3.0,259.0,42
6.0,0.0,2.0,4.0,359.0,55
21.0,0.0,7.0,1.0,36.0,35
133.0,0.0,2.0,1.0,0.0,300
28.0,1.0,3.0,1.0,263.0,150
79.0,1.0,15.0,1.0,8.0,125
19.0,0.0,2.0,1.0,0.0,300
56.0,1.0,14.0,1.0,0.0,124
6.0,1.0,3.0,2.0,5.0,60
48.0,1.0,1.0,33.0,348.0,179
13.0,1.0,29.0,2.0,159.0,165
8.0,1.0,2.0,1.0,261.0,185
85.0,0.0,1.0,5.0,180.0,65
2.0,0.0,4.0,2.0,115.0,58
12.0,0.0,1.0,2.0,14.0,102
30.0,0.0,1.0,2.0,0.0,35
6.0,0.0,5.0,1.0,0.0,40
2.0,0.0,2.0,3.0,72.0,69
24.0,0.0,2.0,2.0,20.0,48
3.0,1.0,3.0,1.0,363.0,200
2.0,1.0,3.0,1.0,2.0,165
11.0,1.0,2.0,3.0,14.0,300
37.0,0.0,1.0,3.0,85.0,85
12.0,0.0,3.0,1.0,36.0,55
13.0,1.0,2.0,1.0,298.0,175
24.0,0.0,1.0,3.0,305.0,50
37.0,0.0,1.0,2.0,84.0,60
6.0,0.0,30.0,6.0,97.0,97
2.0,0.0,4.0,1.0,0.0,99
21.0,0.0,5.0,1.0,0.0,40
25.0,2.0,2.0,5.0,90.0,48
24.0,0.0,5.0,2.0,0.0,150
28.0,0.0,2.0,1.0,0.0,105
28.0,1.0,1.0,1.0,262.0,165
23.0,0.0,3.0,1.0,0.0,110
21.0,1.0,4.0,1.0,89.0,225
19.0,1.0,3.0,1.0,0.0,139
56.0,1.0,4.0,1.0,0.0,86
21.0,0.0,2.0,2.0,90.0,66
19.0,1.0,2.0,1.0,8.0,300
12.0,0.0,4.0,1.0,0.0,79
6.0,1.0,4.0,1.0,0.0,99
6.0,0.0,2.0,4.0,297.0,55
71.0,1.0,20.0,4.0,0.0,170
19.0,2.0,2.0,1.0,0.0,65
8.0,1.0,7.0,1.0,0.0,800
2.0,0.0,2.0,1.0,350.0,100
6.0,1.0,3.0,1.0,0.0,125
77.0,1.0,30.0,1.0,328.0,150
19.0,1.0,3.0,1.0,0.0,175
30.0,1.0,2.0,2.0,0.0,72
136.0,0.0,2.0,1.0,280.0,45
52.0,1.0,4.0,1.0,188.0,300
8.0,1.0,2.0,1.0,0.0,249
56.0,0.0,1.0,5.0,90.0,115
9.0,0.0,2.0,1.0,0.0,100
23.0,1.0,4.0,1.0,0.0,140
12.0,1.0,3.0,1.0,34.0,165
12.0,0.0,1.0,1.0,43.0,75
37.0,0.0,1.0,1.0,0.0,89
162.0,0.0,1.0,3.0,66.0,60
12.0,1.0,90.0,1.0,91.0,150
6.0,0.0,2.0,1.0,0.0,40
7.0,0.0,2.0,1.0,0.0,65
7.0,1.0,2.0,1.0,155.0,200
25.0,1.0,2.0,1.0,33.0,175
6.0,1.0,7.0,1.0,0.0,85
24.0,1.0,1.0,1.0,0.0,105
6.0,0.0,2.0,1.0,0.0,50
15.0,1.0,7.0,1.0,0.0,70
7.0,0.0,2.0,1.0,0.0,102
19.0,1.0,3.0,1.0,0.0,150
52.0,0.0,3.0,1.0,0.0,200
28.0,1.0,1.0,1.0,5.0,110
26.0,0.0,5.0,1.0,6.0,110
12.0,1.0,30.0,1.0,0.0,200
34.0,0.0,2.0,1.0,72.0,150
102.0,0.0,2.0,1.0,0.0,100
12.0,1.0,4.0,1.0,10.0,395
20.0,1.0,1.0,1.0,83.0,300
3.0,0.0,30.0,6.0,281.0,90
21.0,0.0,3.0,1.0,0.0,70
21.0,0.0,20.0,1.0,54.0,59
14.0,0.0,7.0,47.0,358.0,50
31.0,0.0,30.0,103.0,239.0,51
6.0,0.0,2.0,1.0,0.0,80
18.0,1.0,6.0,1.0,0.0,125
12.0,1.0,1.0,1.0,270.0,195
76.0,0.0,2.0,2.0,82.0,65
63.0,1.0,365.0,1.0,364.0,2350
6.0,0.0,3.0,1.0,0.0,130
21.0,0.0,1.0,2.0,314.0,80
8.0,1.0,3.0,1.0,31.0,215
26.0,1.0,30.0,91.0,364.0,142
56.0,0.0,1.0,1.0,0.0,40
8.0,1.0,2.0,1.0,0.0,175
8.0,1.0,30.0,1.0,52.0,112
12.0,1.0,2.0,1.0,48.0,171
100.0,1.0,1.0,1.0,124.0,100
43.0,1.0,29.0,96.0,304.0,245
4.0,1.0,13.0,1.0,0.0,160
32.0,1.0,3.0,1.0,0.0,160
71.0,1.0,30.0,87.0,364.0,257
19.0,1.0,3.0,1.0,1.0,149
28.0,1.0,2.0,1.0,0.0,175
2.0,0.0,1.0,1.0,363.0,150
25.0,1.0,2.0,1.0,0.0,105
49.0,1.0,3.0,2.0,11.0,200
6.0,1.0,1.0,1.0,278.0,115
2.0,0.0,1.0,3.0,359.0,55
123.0,1.0,1.0,1.0,43.0,100
12.0,0.0,2.0,1.0,4.0,50
14.0,1.0,3.0,1.0,42.0,239
30.0,0.0,7.0,1.0,57.0,55
2.0,0.0,3.0,1.0,0.0,65
36.0,1.0,1.0,1.0,0.0,125
21.0,0.0,2.0,5.0,318.0,45
12.0,0.0,2.0,1.0,0.0,200
7.0,1.0,5.0,1.0,0.0,199
117.0,1.0,2.0,1.0,62.0,139
2.0,0.0,4.0,1.0,0.0,75
12.0,0.0,1.0,1.0,0.0,98
6.0,0.0,1.0,15.0,318.0,55
103.0,0.0,1.0,2.0,363.0,78
6.0,1.0,4.0,1.0,310.0,200
27.0,1.0,1.0,1.0,173.0,459
23.0,1.0,4.0,2.0,0.0,225
6.0,1.0,4.0,1.0,9.0,225
21.0,1.0,12.0,1.0,120.0,97
28.0,2.0,1.0,1.0,343.0,42
19.0,0.0,2.0,1.0,0.0,100
112.0,0.0,3.0,5.0,96.0,49
2.0,0.0,1.0,1.0,365.0,55
54.0,0.0,3.0,5.0,90.0,60
8.0,1.0,3.0,1.0,6.0,185
24.0,1.0,4.0,1.0,0.0,100
6.0,0.0,1.0,1.0,12.0,85
48.0,1.0,7.0,1.0,14.0,550
94.0,1.0,3.0,3.0,15.0,93
20.0,0.0,3.0,28.0,60.0,299
12.0,1.0,3.0,1.0,0.0,150
19.0,1.0,2.0,1.0,0.0,101
2.0,1.0,3.0,1.0,10.0,130
21.0,0.0,2.0,5.0,343.0,40
87.0,0.0,1.0,1.0,0.0,39
11.0,0.0,4.0,1.0,0.0,100
4.0,0.0,3.0,1.0,90.0,75
28.0,0.0,3.0,3.0,37.0,100
111.0,1.0,14.0,1.0,73.0,96
5.0,2.0,1.0,1.0,0.0,103
1.0,1.0,2.0,3.0,105.0,193
22.0,1.0,1.0,1.0,237.0,130
8.0,0.0,2.0,4.0,4.0,70
56.0,1.0,2.0,1.0,14.0,125
7.0,1.0,10.0,1.0,126.0,500
11.0,1.0,4.0,1.0,24.0,240
6.0,0.0,2.0,1.0,0.0,58
124.0,0.0,2.0,5.0,346.0,50
11.0,1.0,4.0,1.0,21.0,135
19.0,1.0,2.0,1.0,9.0,150
201.0,0.0,2.0,2.0,84.0,50
27.0,0.0,3.0,2.0,276.0,199
11.0,1.0,3.0,1.0,350.0,245
8.0,1.0,1.0,1.0,0.0,150
12.0,0.0,3.0,2.0,0.0,80
3.0,1.0,6.0,1.0,3.0,235
6.0,0.0,3.0,1.0,0.0,59
2.0,1.0,1.0,2.0,339.0,125
6.0,0.0,1.0,1.0,0.0,95
29.0,1.0,5.0,1.0,0.0,91
30.0,0.0,2.0,1.0,10.0,55
73.0,0.0,1.0,1.0,0.0,45
21.0,0.0,3.0,2.0,0.0,70
132.0,1.0,35.0,1.0,83.0,150
43.0,1.0,1.0,8.0,315.0,650
15.0,1.0,2.0,4.0,257.0,178
30.0,0.0,1.0,1.0,0.0,25
30.0,1.0,5.0,1.0,315.0,80
126.0,1.0,1.0,1.0,183.0,100
64.0,0.0,12.0,2.0,0.0,79
12.0,0.0,2.0,2.0,53.0,65
21.0,1.0,2.0,1.0,0.0,68
7.0,0.0,1.0,1.0,0.0,210
28.0,0.0,1.0,1.0,0.0,95
68.0,1.0,2.0,1.0,0.0,175
8.0,1.0,6.0,2.0,354.0,200
30.0,0.0,2.0,1.0,121.0,46
110.0,1.0,7.0,2.0,83.0,150
95.0,1.0,2.0,1.0,149.0,100
12.0,0.0,1.0,3.0,217.0,58
56.0,0.0,30.0,18.0,358.0,38
11.0,1.0,4.0,1.0,32.0,1500
33.0,1.0,2.0,1.0,87.0,172
48.0,1.0,1.0,1.0,0.0,100
6.0,0.0,1.0,3.0,46.0,79
1.0,0.0,2.0,1.0,0.0,180
1.0,1.0,29.0,96.0,219.0,287
56.0,1.0,2.0,1.0,0.0,125
28.0,0.0,3.0,3.0,323.0,80
160.0,1.0,3.0,1.0,327.0,150
37.0,0.0,1.0,6.0,75.0,55
28.0,1.0,30.0,15.0,341.0,99
20.0,1.0,1.0,1.0,0.0,185
15.0,1.0,3.0,3.0,302.0,155
11.0,0.0,2.0,1.0,296.0,135
54.0,0.0,1.0,1.0,365.0,100
14.0,1.0,30.0,87.0,236.0,225
4.0,0.0,2.0,1.0,0.0,70
5.0,1.0,30.0,232.0,235.0,258
6.0,0.0,1.0,2.0,13.0,54
12.0,1.0,2.0,1.0,15.0,195
26.0,0.0,1.0,1.0,0.0,76
28.0,1.0,1.0,1.0,0.0,300
7.0,0.0,30.0,47.0,365.0,64
43.0,1.0,2.0,1.0,0.0,215
4.0,0.0,1.0,4.0,129.0,56
43.0,1.0,2.0,327.0,328.0,227
70.0,1.0,5.0,2.0,256.0,155
14.0,1.0,1.0,1.0,0.0,150
12.0,0.0,3.0,1.0,0.0,60
1.0,1.0,6.0,1.0,149.0,399
25.0,0.0,5.0,1.0,0.0,60
46.0,1.0,1.0,4.0,90.0,250
39.0,0.0,2.0,2.0,0.0,47
20.0,0.0,2.0,2.0,0.0,0
12.0,1.0,2.0,1.0,0.0,225
79.0,0.0,2.0,2.0,308.0,45
38.0,1.0,30.0,21.0,312.0,130
173.0,0.0,4.0,4.0,37.0,40
20.0,1.0,20.0,1.0,24.0,100
82.0,1.0,2.0,1.0,102.0,160
15.0,0.0,1.0,1.0,0.0,70
19.0,1.0,3.0,1.0,5.0,350
2.0,0.0,2.0,1.0,129.0,85
28.0,1.0,30.0,1.0,0.0,140
21.0,0.0,1.0,1.0,0.0,55
6.0,0.0,2.0,1.0,319.0,55
4.0,1.0,1.0,2.0,12.0,132
12.0,1.0,13.0,1.0,0.0,150
6.0,0.0,1.0,1.0,0.0,44
6.0,0.0,3.0,1.0,0.0,59
90.0,0.0,2.0,1.0,0.0,85
12.0,0.0,7.0,1.0,0.0,80
31.0,0.0,2.0,5.0,157.0,53
26.0,0.0,1.0,1.0,0.0,80
16.0,1.0,2.0,1.0,0.0,153
1.0,1.0,4.0,1.0,0.0,380
7.0,1.0,30.0,121.0,133.0,129
68.0,1.0,4.0,1.0,64.0,400
21.0,0.0,2.0,26.0,302.0,36
43.0,1.0,4.0,1.0,0.0,160
4.0,0.0,2.0,1.0,64.0,85
2.0,1.0,3.0,2.0,184.0,135
30.0,0.0,2.0,1.0,78.0,45
6.0,1.0,3.0,2.0,280.0,170
54.0,1.0,6.0,1.0,24.0,75
2.0,0.0,13.0,1.0,5.0,50
21.0,0.0,30.0,43.0,259.0,47
71.0,0.0,1.0,7.0,256.0,100
117.0,0.0,1.0,1.0,0.0,70
12.0,1.0,4.0,1.0,6.0,100
1.0,1.0,3.0,1.0,0.0,140
2.0,0.0,2.0,1.0,347.0,65
19.0,0.0,2.0,1.0,51.0,108
10.0,1.0,7.0,1.0,21.0,135
11.0,1.0,30.0,2.0,346.0,125
12.0,0.0,4.0,1.0,0.0,75
21.0,1.0,1.0,1.0,0.0,180
8.0,1.0,4.0,1.0,7.0,315
7.0,1.0,3.0,1.0,14.0,175
7.0,0.0,3.0,1.0,49.0,150
21.0,0.0,1.0,1.0,0.0,40
20.0,1.0,4.0,1.0,0.0,86
21.0,0.0,5.0,1.0,64.0,70
22.0,0.0,2.0,1.0,2.0,50
28.0,1.0,6.0,1.0,123.0,380
1.0,1.0,2.0,1.0,0.0,250
19.0,1.0,4.0,1.0,0.0,210
22.0,0.0,1.0,1.0,0.0,69
58.0,0.0,2.0,13.0,365.0,68
7.0,1.0,2.0,1.0,0.0,248
68.0,1.0,5.0,1.0,0.0,250
64.0,0.0,2.0,3.0,44.0,140
25.0,1.0,2.0,1.0,268.0,255
12.0,1.0,3.0,1.0,54.0,180
21.0,0.0,1.0,1.0,0.0,37
29.0,1.0,3.0,2.0,88.0,175
12.0,1.0,1.0,1.0,297.0,99
2.0,0.0,3.0,1.0,66.0,100
32.0,1.0,31.0,2.0,310.0,100
2.0,0.0,1.0,2.0,60.0,105
14.0,1.0,29.0,1.0,280.0,225
12.0,1.0,2.0,1.0,0.0,240
21.0,0.0,3.0,1.0,0.0,60
49.0,0.0,6.0,8.0,358.0,50
160.0,1.0,1.0,4.0,256.0,195
6.0,0.0,1.0,3.0,20.0,60
8.0,0.0,1.0,3.0,190.0,93
182.0,1.0,1.0,3.0,322.0,299
33.0,1.0,2.0,1.0,9.0,160
11.0,1.0,1.0,8.0,72.0,89
21.0,0.0,2.0,1.0,0.0,50
25.0,1.0,3.0,7.0,16.0,170
1.0,1.0,30.0,5.0,321.0,225
6.0,0.0,2.0,4.0,334.0,65
1.0,0.0,2.0,1.0,0.0,90
45.0,0.0,3.0,2.0,0.0,50
56.0,0.0,1.0,2.0,6.0,85
22.0,0.0,1.0,2.0,90.0,148
21.0,0.0,1.0,26.0,250.0,45
12.0,0.0,30.0,1.0,319.0,62
6.0,0.0,2.0,3.0,64.0,42
16.0,1.0,5.0,1.0,0.0,115
2.0,0.0,1.0,1.0,0.0,100
2.0,1.0,3.0,2.0,268.0,149
24.0,0.0,1.0,1.0,0.0,78
79.0,0.0,1.0,8.0,241.0,54
20.0,1.0,3.0,1.0,364.0,500
18.0,1.0,1.0,1.0,13.0,100
28.0,0.0,1.0,1.0,90.0,105
12.0,0.0,2.0,1.0,0.0,100
28.0,1.0,2.0,2.0,231.0,250
49.0,0.0,5.0,1.0,88.0,85
62.0,0.0,2.0,1.0,330.0,85
84.0,1.0,1.0,3.0,126.0,95
7.0,0.0,5.0,1.0,0.0,110
1.0,0.0,1.0,10.0,10.0,250
21.0,0.0,2.0,2.0,0.0,120
8.0,0.0,7.0,1.0,0.0,85
12.0,1.0,10.0,1.0,0.0,385
28.0,1.0,1.0,1.0,0.0,150
22.0,1.0,3.0,1.0,0.0,110
12.0,0.0,2.0,1.0,0.0,75
12.0,0.0,3.0,1.0,0.0,56
12.0,1.0,20.0,1.0,0.0,200
79.0,0.0,1.0,1.0,109.0,59
4.0,1.0,5.0,2.0,307.0,120
6.0,1.0,3.0,1.0,35.0,298
19.0,1.0,5.0,1.0,0.0,100
39.0,0.0,2.0,1.0,113.0,48
77.0,1.0,3.0,1.0,36.0,450
34.0,0.0,4.0,1.0,0.0,40
6.0,0.0,3.0,1.0,348.0,65
1.0,1.0,5.0,1.0,0.0,350
132.0,1.0,1.0,4.0,238.0,160
21.0,1.0,2.0,2.0,270.0,120
16.0,1.0,2.0,1.0,174.0,130
46.0,1.0,1.0,1.0,132.0,190
12.0,1.0,60.0,1.0,0.0,1763
21.0,0.0,1.0,1.0,0.0,45
2.0,0.0,1.0,1.0,0.0,110
2.0,1.0,2.0,2.0,264.0,295
12.0,1.0,2.0,1.0,0.0,241
15.0,1.0,3.0,2.0,0.0,275
106.0,1.0,2.0,1.0,118.0,150
3.0,0.0,28.0,1.0,0.0,36
8.0,1.0,1.0,1.0,0.0,70
6.0,0.0,2.0,1.0,0.0,75
6.0,0.0,2.0,34.0,305.0,49
21.0,1.0,2.0,1.0,0.0,185
6.0,1.0,2.0,1.0,188.0,200
5.0,1.0,30.0,23.0,331.0,350
24.0,1.0,21.0,1.0,0.0,80
8.0,0.0,30.0,32.0,317.0,60
10.0,0.0,10.0,1.0,0.0,80
33.0,1.0,30.0,1.0,181.0,143
43.0,1.0,3.0,1.0,244.0,130
34.0,1.0,2.0,1.0,0.0,150
6.0,0.0,30.0,27.0,282.0,42
19.0,0.0,14.0,1.0,126.0,60
34.0,1.0,5.0,1.0,70.0,125
3.0,0.0,2.0,1.0,174.0,150
2.0,0.0,3.0,2.0,82.0,60
12.0,1.0,5.0,1.0,0.0,120
12.0,0.0,2.0,4.0,282.0,65
7.0,1.0,10.0,1.0,0.0,120
6.0,1.0,4.0,2.0,230.0,220
12.0,0.0,1.0,1.0,0.0,60
2.0,1.0,5.0,5.0,0.0,300
30.0,0.0,7.0,1.0,0.0,37
125.0,0.0,3.0,2.0,343.0,105
8.0,1.0,5.0,1.0,7.0,125
51.0,0.0,2.0,1.0,0.0,70
30.0,0.0,1.0,2.0,179.0,90
19.0,0.0,3.0,1.0,240.0,60
20.0,1.0,5.0,1.0,0.0,10000
24.0,1.0,2.0,1.0,0.0,100
44.0,0.0,3.0,2.0,304.0,56
2.0,0.0,3.0,1.0,73.0,70
25.0,0.0,5.0,1.0,0.0,88
12.0,0.0,1.0,1.0,0.0,85
25.0,1.0,2.0,1.0,239.0,155
2.0,0.0,2.0,3.0,177.0,90
12.0,1.0,1.0,1.0,4.0,250
84.0,0.0,1.0,1.0,89.0,60
7.0,0.0,7.0,47.0,326.0,65
11.0,0.0,2.0,1.0,0.0,100
46.0,0.0,1.0,1.0,175.0,72
11.0,1.0,3.0,1.0,0.0,150
13.0,0.0,1.0,1.0,0.0,50
106.0,0.0,1.0,1.0,155.0,50
43.0,1.0,30.0,1.0,322.0,265
21.0,0.0,3.0,1.0,0.0,38
81.0,1.0,2.0,1.0,298.0,300
27.0,1.0,14.0,1.0,292.0,760
80.0,0.0,1.0,1.0,265.0,50
9.0,1.0,4.0,1.0,299.0,499
103.0,0.0,1.0,1.0,318.0,40
79.0,0.0,10.0,1.0,67.0,38
2.0,0.0,5.0,1.0,5.0,54
7.0,0.0,2.0,1.0,80.0,110
81.0,0.0,2.0,5.0,1.0,89
12.0,1.0,1.0,1.0,95.0,196
79.0,0.0,1.0,3.0,0.0,85
56.0,0.0,3.0,2.0,365.0,80
19.0,0.0,3.0,1.0,0.0,110
9.0,1.0,2.0,1.0,14.0,195
27.0,1.0,1.0,1.0,180.0,169
23.0,0.0,7.0,1.0,0.0,65
14.0,1.0,1.0,1.0,317.0,75
56.0,1.0,4.0,1.0,363.0,110
28.0,0.0,1.0,2.0,0.0,100
39.0,0.0,1.0,1.0,0.0,46
14.0,1.0,1.0,1.0,0.0,200
14.0,0.0,3.0,1.0,0.0,120
19.0,0.0,2.0,1.0,0.0,65
8.0,1.0,4.0,1.0,34.0,274
28.0,1.0,5.0,1.0,48.0,140
181.0,0.0,1.0,4.0,0.0,35
23.0,0.0,3.0,1.0,256.0,100
10.0,1.0,2.0,1.0,0.0,150
9.0,1.0,3.0,1.0,364.0,188
6.0,1.0,2.0,1.0,0.0,130
166.0,0.0,1.0,3.0,342.0,49
7.0,0.0,9.0,1.0,141.0,150
7.0,1.0,1.0,2.0,360.0,250
6.0,0.0,30.0,1.0,220.0,39
19.0,1.0,4.0,1.0,0.0,237
12.0,0.0,1.0,1.0,0.0,100
6.0,1.0,30.0,1.0,0.0,69
56.0,0.0,1.0,3.0,281.0,79
28.0,1.0,1.0,1.0,0.0,199
2.0,1.0,3.0,1.0,152.0,150
14.0,1.0,7.0,1.0,0.0,250
6.0,1.0,4.0,1.0,228.0,150
8.0,1.0,4.0,1.0,260.0,330
23.0,1.0,1.0,2.0,342.0,350
177.0,1.0,7.0,1.0,71.0,80
37.0,0.0,1.0,2.0,161.0,53
30.0,0.0,14.0,1.0,287.0,48
14.0,1.0,3.0,1.0,0.0,399
13.0,1.0,1.0,2.0,0.0,200
35.0,1.0,3.0,1.0,161.0,125
19.0,0.0,7.0,1.0,0.0,85
7.0,1.0,2.0,1.0,137.0,275
25.0,0.0,2.0,2.0,0.0,48
4.0,0.0,5.0,1.0,271.0,89
54.0,1.0,3.0,4.0,349.0,120
23.0,1.0,5.0,1.0,30.0,278
20.0,1.0,2.0,1.0,30.0,75
30.0,1.0,4.0,1.0,4.0,120
28.0,1.0,7.0,1.0,0.0,138
14.0,0.0,30.0,1.0,365.0,350
44.0,1.0,7.0,1.0,0.0,150
77.0,1.0,30.0,1.0,310.0,250
28.0,1.0,2.0,1.0,7.0,159
19.0,1.0,19.0,1.0,200.0,189
4.0,0.0,1.0,4.0,34.0,75
12.0,0.0,3.0,1.0,123.0,85
2.0,1.0,2.0,4.0,15.0,165
6.0,0.0,3.0,4.0,90.0,99
185.0,0.0,3.0,1.0,115.0,115
8.0,0.0,1.0,1.0,0.0,79
8.0,1.0,30.0,12.0,161.0,110
79.0,0.0,2.0,1.0,0.0,30
101.0,1.0,7.0,1.0,0.0,195
19.0,1.0,2.0,1.0,322.0,199
6.0,1.0,3.0,1.0,125.0,125
19.0,1.0,2.0,1.0,262.0,345
21.0,0.0,2.0,2.0,0.0,50
6.0,0.0,2.0,2.0,88.0,120
199.0,0.0,1.0,3.0,179.0,65
64.0,1.0,7.0,1.0,0.0,175
67.0,0.0,2.0,1.0,0.0,55
12.0,1.0,3.0,1.0,0.0,130
12.0,1.0,3.0,1.0,0.0,132
21.0,1.0,4.0,1.0,48.0,260
64.0,0.0,15.0,1.0,197.0,100
12.0,0.0,6.0,2.0,15.0,120
136.0,1.0,2.0,1.0,10.0,79
16.0,0.0,1.0,2.0,54.0,75
9.0,0.0,3.0,3.0,90.0,125
1.0,1.0,2.0,1.0,0.0,140
15.0,1.0,2.0,1.0,0.0,100
12.0,0.0,4.0,1.0,0.0,75
21.0,0.0,2.0,1.0,57.0,60
23.0,0.0,1.0,1.0,0.0,85
43.0,1.0,2.0,1.0,0.0,275
51.0,2.0,1.0,1.0,0.0,45
9.0,1.0,4.0,2.0,265.0,250
79.0,0.0,1.0,2.0,50.0,45
81.0,0.0,2.0,1.0,28.0,51
21.0,0.0,1.0,26.0,365.0,50
68.0,0.0,1.0,1.0,0.0,200
204.0,0.0,2.0,1.0,188.0,80
48.0,1.0,1.0,33.0,364.0,179
141.0,0.0,1.0,1.0,0.0,125
46.0,0.0,1.0,3.0,159.0,65
117.0,0.0,1.0,1.0,86.0,50
6.0,0.0,30.0,4.0,189.0,60
6.0,0.0,5.0,1.0,0.0,45
106.0,1.0,1.0,1.0,14.0,120
45.0,0.0,1.0,1.0,0.0,70
4.0,2.0,1.0,7.0,90.0,60
0.0,0.0,1.0,2.0,143.0,67
24.0,1.0,2.0,1.0,290.0,125
49.0,0.0,1.0,2.0,351.0,39
24.0,0.0,2.0,1.0,0.0,60
29.0,0.0,1.0,1.0,313.0,75
29.0,1.0,2.0,1.0,0.0,60
6.0,1.0,4.0,1.0,82.0,139
28.0,1.0,30.0,91.0,245.0,142
19.0,1.0,2.0,1.0,29.0,99
63.0,1.0,2.0,1.0,0.0,69
12.0,0.0,2.0,1.0,326.0,85
70.0,0.0,180.0,13.0,189.0,35
49.0,0.0,1.0,1.0,0.0,150
44.0,1.0,10.0,1.0,222.0,89
20.0,1.0,2.0,1.0,16.0,185
25.0,0.0,3.0,1.0,24.0,70
21.0,0.0,1.0,1.0,0.0,45
8.0,0.0,30.0,4.0,216.0,65
79.0,0.0,2.0,1.0,37.0,45
19.0,1.0,4.0,2.0,239.0,250
2.0,0.0,30.0,2.0,322.0,40
7.0,1.0,4.0,1.0,3.0,150
30.0,1.0,1.0,5.0,338.0,235
106.0,0.0,2.0,1.0,90.0,200
38.0,0.0,20.0,1.0,40.0,80
2.0,1.0,2.0,1.0,0.0,100
12.0,1.0,2.0,1.0,36.0,140
49.0,1.0,1.0,1.0,0.0,200
43.0,0.0,3.0,1.0,0.0,89
28.0,1.0,5.0,1.0,84.0,500
63.0,1.0,3.0,6.0,188.0,238
12.0,1.0,5.0,1.0,11.0,100
94.0,0.0,5.0,2.0,301.0,66
6.0,0.0,7.0,1.0,0.0,38
4.0,0.0,1.0,3.0,193.0,80
25.0,0.0,3.0,2.0,42.0,100
1.0,1.0,4.0,49.0,121.0,956
9.0,1.0,1.0,1.0,11.0,200
8.0,1.0,7.0,1.0,0.0,175
6.0,0.0,1.0,1.0,0.0,90
12.0,1.0,2.0,3.0,248.0,180
1.0,1.0,30.0,31.0,215.0,250
15.0,0.0,3.0,1.0,0.0,35
7.0,1.0,1.0,1.0,20.0,134
6.0,0.0,2.0,4.0,192.0,55
1.0,1.0,29.0,96.0,206.0,239
1.0,1.0,5.0,1.0,0.0,157
21.0,1.0,3.0,1.0,0.0,60
43.0,1.0,29.0,96.0,189.0,299
52.0,1.0,4.0,1.0,148.0,215
56.0,0.0,2.0,1.0,0.0,55
13.0,0.0,2.0,1.0,0.0,75
5.0,1.0,30.0,31.0,142.0,170
23.0,1.0,2.0,1.0,8.0,375
15.0,0.0,1.0,1.0,0.0,55
54.0,0.0,2.0,5.0,0.0,27
21.0,1.0,1.0,1.0,0.0,125
77.0,1.0,2.0,1.0,38.0,375
28.0,1.0,1.0,1.0,0.0,250
4.0,1.0,2.0,2.0,68.0,250
21.0,0.0,5.0,1.0,0.0,50
4.0,1.0,3.0,1.0,0.0,170
77.0,1.0,1.0,1.0,327.0,350
35.0,1.0,14.0,1.0,0.0,65
11.0,0.0,2.0,1.0,0.0,90
184.0,1.0,7.0,1.0,87.0,80
2.0,1.0,4.0,2.0,0.0,199
2.0,0.0,6.0,8.0,324.0,43
85.0,1.0,2.0,1.0,167.0,99
19.0,0.0,2.0,2.0,86.0,68
24.0,0.0,2.0,6.0,364.0,40
6.0,1.0,2.0,2.0,106.0,115
2.0,0.0,1.0,1.0,0.0,51
14.0,2.0,1.0,1.0,0.0,46
54.0,0.0,1.0,5.0,77.0,53
2.0,0.0,2.0,4.0,180.0,65
33.0,1.0,3.0,2.0,22.0,350
23.0,1.0,1.0,4.0,100.0,299
16.0,0.0,3.0,2.0,87.0,66
24.0,1.0,2.0,1.0,223.0,40
20.0,0.0,1.0,33.0,365.0,119
21.0,0.0,1.0,4.0,0.0,40
21.0,0.0,2.0,2.0,0.0,89
12.0,0.0,1.0,2.0,17.0,100
23.0,0.0,1.0,1.0,0.0,125
9.0,1.0,3.0,1.0,11.0,150
14.0,0.0,1.0,1.0,0.0,98
16.0,1.0,30.0,1.0,358.0,185
118.0,1.0,3.0,1.0,26.0,65
56.0,0.0,21.0,1.0,0.0,65
2.0,1.0,15.0,1.0,0.0,77
7.0,1.0,5.0,1.0,0.0,280
21.0,0.0,1.0,1.0,0.0,60
18.0,0.0,1.0,1.0,1.0,57
8.0,0.0,5.0,2.0,0.0,100
2.0,0.0,2.0,1.0,23.0,49
21.0,0.0,3.0,2.0,292.0,75
28.0,1.0,1.0,1.0,9.0,120
68.0,1.0,7.0,1.0,0.0,150
117.0,1.0,5.0,3.0,27.0,99
28.0,0.0,30.0,10.0,342.0,48
43.0,1.0,29.0,327.0,309.0,302
5.0,1.0,10.0,1.0,1.0,160
6.0,2.0,2.0,3.0,339.0,30
134.0,0.0,3.0,1.0,0.0,119
8.0,1.0,4.0,1.0,57.0,250
24.0,2.0,14.0,1.0,0.0,22
22.0,1.0,3.0,3.0,0.0,350
23.0,1.0,1.0,1.0,0.0,250
11.0,0.0,2.0,2.0,180.0,125
6.0,1.0,2.0,2.0,311.0,125
15.0,1.0,2.0,1.0,0.0,110
24.0,1.0,2.0,2.0,160.0,114
8.0,0.0,1.0,2.0,365.0,105
70.0,1.0,1.0,1.0,364.0,100
28.0,1.0,3.0,2.0,1.0,249
4.0,1.0,3.0,1.0,0.0,275
15.0,1.0,5.0,1.0,272.0,120
63.0,0.0,3.0,1.0,95.0,59
50.0,1.0,2.0,1.0,205.0,350
6.0,1.0,2.0,2.0,159.0,110
39.0,1.0,5.0,1.0,0.0,75
21.0,0.0,2.0,1.0,0.0,29
21.0,1.0,3.0,2.0,119.0,99
20.0,0.0,14.0,1.0,21.0,45
56.0,0.0,90.0,2.0,0.0,40
46.0,0.0,1.0,3.0,359.0,50
16.0,0.0,20.0,1.0,365.0,120
86.0,1.0,1.0,1.0,81.0,199
26.0,1.0,2.0,1.0,0.0,200
1.0,1.0,6.0,1.0,0.0,99
37.0,0.0,1.0,6.0,365.0,99
26.0,1.0,1.0,1.0,0.0,120
9.0,1.0,2.0,1.0,0.0,120
96.0,0.0,4.0,5.0,0.0,75
1.0,1.0,3.0,8.0,339.0,389
21.0,1.0,4.0,1.0,8.0,98
121.0,0.0,2.0,1.0,364.0,83
14.0,0.0,1.0,2.0,23.0,84
20.0,0.0,1.0,4.0,249.0,399
30.0,0.0,5.0,1.0,365.0,129
64.0,0.0,4.0,1.0,0.0,100
11.0,1.0,30.0,1.0,0.0,160
21.0,0.0,30.0,2.0,339.0,45
8.0,0.0,1.0,3.0,338.0,120
12.0,0.0,3.0,2.0,179.0,109
8.0,1.0,7.0,1.0,34.0,250
23.0,1.0,3.0,1.0,1.0,150
14.0,1.0,2.0,1.0,0.0,105
44.0,0.0,21.0,2.0,245.0,50
2.0,1.0,5.0,1.0,0.0,180
21.0,0.0,1.0,1.0,106.0,65
49.0,1.0,2.0,1.0,294.0,100
7.0,2.0,1.0,1.0,363.0,100
56.0,0.0,1.0,1.0,0.0,44
24.0,0.0,1.0,2.0,0.0,42
20.0,1.0,7.0,1.0,0.0,210
35.0,0.0,2.0,1.0,247.0,55
43.0,1.0,2.0,327.0,332.0,216
68.0,1.0,1.0,1.0,0.0,125
82.0,0.0,1.0,1.0,250.0,100
19.0,0.0,1.0,1.0,0.0,99
12.0,1.0,3.0,1.0,363.0,350
7.0,0.0,1.0,1.0,5.0,244
48.0,1.0,2.0,1.0,0.0,180
6.0,1.0,1.0,1.0,89.0,350
28.0,1.0,1.0,1.0,190.0,195
11.0,1.0,2.0,1.0,0.0,160
17.0,1.0,20.0,2.0,65.0,99
63.0,0.0,2.0,3.0,358.0,145
6.0,2.0,1.0,1.0,123.0,75
11.0,1.0,15.0,1.0,0.0,190
79.0,0.0,3.0,1.0,0.0,41
53.0,1.0,3.0,1.0,0.0,150
23.0,1.0,5.0,1.0,0.0,295
2.0,1.0,5.0,2.0,260.0,129
30.0,0.0,1.0,1.0,0.0,90
2.0,0.0,7.0,2.0,0.0,60
11.0,1.0,4.0,2.0,243.0,500
19.0,0.0,8.0,1.0,0.0,90
85.0,1.0,3.0,1.0,323.0,70
28.0,0.0,2.0,1.0,88.0,175
19.0,1.0,3.0,1.0,7.0,145
95.0,0.0,1.0,1.0,0.0,60
12.0,1.0,1.0,3.0,272.0,148
15.0,1.0,4.0,1.0,48.0,110
21.0,0.0,1.0,2.0,0.0,40
5.0,0.0,4.0,1.0,87.0,75
21.0,0.0,7.0,3.0,0.0,42
28.0,1.0,1.0,1.0,52.0,378
1.0,1.0,1.0,17.0,224.0,131
68.0,1.0,3.0,2.0,23.0,130
44.0,0.0,21.0,1.0,0.0,40
28.0,1.0,3.0,1.0,0.0,123
49.0,0.0,30.0,1.0,283.0,175
70.0,2.0,2.0,1.0,50.0,25
86.0,1.0,2.0,4.0,333.0,250
6.0,1.0,2.0,1.0,2.0,120
12.0,0.0,5.0,1.0,11.0,50
12.0,1.0,1.0,1.0,213.0,165
20.0,1.0,10.0,1.0,21.0,112
8.0,1.0,5.0,1.0,109.0,589
56.0,1.0,1.0,1.0,0.0,80
12.0,1.0,2.0,1.0,23.0,180
12.0,0.0,5.0,1.0,0.0,80
5.0,0.0,2.0,1.0,0.0,65
12.0,1.0,7.0,2.0,0.0,120
28.0,1.0,2.0,1.0,38.0,175
22.0,1.0,29.0,1.0,68.0,80
6.0,1.0,3.0,1.0,0.0,109
56.0,0.0,5.0,1.0,0.0,30
39.0,1.0,30.0,1.0,182.0,131
43.0,0.0,1.0,5.0,0.0,95
12.0,0.0,2.0,2.0,80.0,57
41.0,0.0,31.0,1.0,365.0,70
4.0,1.0,3.0,1.0,71.0,90
56.0,1.0,2.0,1.0,0.0,200
28.0,0.0,30.0,1.0,305.0,85
68.0,1.0,3.0,1.0,17.0,118
8.0,1.0,7.0,1.0,0.0,350
14.0,1.0,4.0,1.0,31.0,200
11.0,1.0,30.0,232.0,162.0,356
30.0,0.0,1.0,1.0,90.0,75
21.0,0.0,15.0,3.0,88.0,45
2.0,0.0,3.0,2.0,263.0,100
10.0,1.0,2.0,1.0,61.0,131
7.0,1.0,30.0,1.0,28.0,198
6.0,1.0,1.0,1.0,351.0,190
1.0,1.0,3.0,1.0,278.0,299
56.0,0.0,3.0,1.0,0.0,50
43.0,1.0,10.0,2.0,297.0,199
4.0,1.0,1.0,4.0,322.0,174
2.0,0.0,15.0,1.0,0.0,50
46.0,0.0,2.0,7.0,0.0,66
22.0,0.0,3.0,3.0,264.0,55
106.0,1.0,1.0,1.0,65.0,100
6.0,1.0,1.0,1.0,303.0,1749
1.0,0.0,1.0,14.0,365.0,350
71.0,1.0,30.0,232.0,266.0,347
6.0,1.0,30.0,1.0,365.0,135
2.0,0.0,2.0,1.0,0.0,89
2.0,0.0,2.0,2.0,330.0,55
1.0,1.0,3.0,2.0,29.0,230
7.0,0.0,3.0,1.0,0.0,250
15.0,0.0,1.0,1.0,359.0,80
20.0,0.0,4.0,1.0,0.0,110
56.0,1.0,30.0,1.0,3.0,70
79.0,1.0,4.0,1.0,0.0,200
21.0,0.0,1.0,1.0,0.0,10
41.0,0.0,1.0,2.0,0.0,40
17.0,1.0,3.0,1.0,217.0,88
23.0,1.0,4.0,1.0,0.0,180
13.0,0.0,3.0,3.0,0.0,67
6.0,2.0,1.0,1.0,89.0,115
26.0,1.0,30.0,1.0,54.0,130
6.0,1.0,2.0,1.0,11.0,150
23.0,0.0,1.0,1.0,0.0,120
45.0,1.0,2.0,1.0,0.0,120
4.0,1.0,1.0,1.0,177.0,194
19.0,1.0,4.0,3.0,0.0,285
2.0,0.0,5.0,1.0,30.0,60
6.0,0.0,4.0,1.0,0.0,60
56.0,0.0,1.0,1.0,85.0,80
28.0,1.0,4.0,1.0,0.0,165
12.0,0.0,3.0,3.0,365.0,155
6.0,1.0,3.0,1.0,205.0,132
28.0,1.0,2.0,1.0,0.0,200
25.0,0.0,1.0,1.0,0.0,100
13.0,0.0,2.0,1.0,0.0,95
8.0,1.0,7.0,1.0,99.0,135
8.0,1.0,30.0,232.0,170.0,259
20.0,1.0,4.0,1.0,7.0,270
14.0,1.0,2.0,1.0,7.0,250
30.0,1.0,3.0,1.0,0.0,65
2.0,0.0,3.0,1.0,15.0,54
68.0,1.0,3.0,1.0,0.0,280
21.0,0.0,1.0,1.0,48.0,75
2.0,0.0,6.0,1.0,0.0,70
7.0,2.0,1.0,6.0,19.0,69
19.0,0.0,3.0,1.0,209.0,150
6.0,1.0,3.0,1.0,39.0,99
2.0,1.0,1.0,1.0,0.0,199
6.0,1.0,2.0,1.0,48.0,160
39.0,1.0,2.0,1.0,329.0,150
33.0,1.0,4.0,1.0,15.0,100
6.0,0.0,1.0,1.0,0.0,100
31.0,1.0,14.0,1.0,4.0,60
28.0,1.0,4.0,2.0,0.0,220
52.0,1.0,7.0,1.0,23.0,200
20.0,1.0,30.0,52.0,127.0,199
21.0,1.0,3.0,1.0,129.0,150
11.0,1.0,2.0,1.0,0.0,225
20.0,1.0,1.0,1.0,33.0,115
21.0,0.0,15.0,1.0,0.0,35
41.0,0.0,2.0,1.0,350.0,120
89.0,2.0,2.0,7.0,312.0,150
1.0,1.0,2.0,13.0,315.0,220
1.0,1.0,2.0,1.0,264.0,945
2.0,1.0,3.0,1.0,4.0,120
30.0,0.0,1.0,1.0,130.0,66
26.0,1.0,30.0,91.0,364.0,159
117.0,1.0,1.0,1.0,0.0,70
12.0,0.0,3.0,1.0,0.0,70
6.0,0.0,1.0,1.0,89.0,900
126.0,0.0,1.0,1.0,176.0,59
197.0,1.0,2.0,2.0,0.0,95
30.0,1.0,20.0,1.0,0.0,75
1.0,0.0,5.0,1.0,0.0,250
6.0,1.0,7.0,1.0,0.0,75
90.0,1.0,1.0,1.0,271.0,135
6.0,0.0,1.0,3.0,69.0,49
8.0,1.0,2.0,1.0,94.0,360
6.0,1.0,1.0,1.0,17.0,60
21.0,0.0,2.0,2.0,112.0,35
68.0,0.0,7.0,1.0,31.0,120
62.0,1.0,2.0,1.0,310.0,145
77.0,0.0,2.0,1.0,0.0,120
14.0,1.0,2.0,1.0,41.0,195
77.0,1.0,30.0,232.0,208.0,265
7.0,0.0,2.0,3.0,103.0,85
28.0,1.0,4.0,1.0,60.0,135
30.0,0.0,2.0,1.0,0.0,65
15.0,0.0,4.0,3.0,0.0,85
1.0,1.0,30.0,232.0,188.0,267
54.0,0.0,1.0,4.0,345.0,80
7.0,0.0,1.0,2.0,67.0,114
4.0,2.0,1.0,7.0,83.0,49
24.0,1.0,10.0,1.0,17.0,1400
20.0,0.0,1.0,1.0,0.0,50
19.0,1.0,3.0,1.0,330.0,199
44.0,1.0,4.0,2.0,142.0,230
16.0,1.0,2.0,1.0,70.0,200
37.0,1.0,1.0,1.0,0.0,150
6.0,0.0,1.0,6.0,138.0,55
12.0,0.0,3.0,1.0,0.0,45
83.0,0.0,2.0,1.0,90.0,99
2.0,0.0,15.0,2.0,32.0,37
22.0,1.0,2.0,1.0,0.0,90
21.0,0.0,5.0,1.0,0.0,50
22.0,0.0,4.0,1.0,0.0,38
15.0,0.0,2.0,1.0,0.0,150
21.0,0.0,1.0,2.0,358.0,59
4.0,1.0,3.0,2.0,0.0,111
16.0,0.0,2.0,1.0,102.0,50
12.0,0.0,2.0,1.0,0.0,65
56.0,1.0,3.0,1.0,0.0,150
28.0,1.0,5.0,1.0,0.0,130
69.0,1.0,2.0,5.0,87.0,105
106.0,1.0,1.0,1.0,358.0,150
12.0,1.0,30.0,1.0,152.0,122
8.0,1.0,4.0,1.0,0.0,174
12.0,0.0,3.0,2.0,0.0,100
7.0,1.0,4.0,1.0,0.0,380
46.0,0.0,1.0,4.0,297.0,85
12.0,0.0,1.0,1.0,44.0,45
2.0,0.0,7.0,1.0,0.0,78
44.0,0.0,5.0,1.0,6.0,40
54.0,0.0,1.0,1.0,90.0,150
12.0,1.0,1.0,1.0,0.0,190
12.0,0.0,1.0,1.0,0.0,45
68.0,1.0,1.0,1.0,0.0,110
8.0,1.0,5.0,1.0,13.0,150
192.0,0.0,1.0,5.0,229.0,62
38.0,0.0,1.0,1.0,156.0,125
3.0,1.0,5.0,1.0,0.0,130
4.0,0.0,4.0,1.0,0.0,40
71.0,0.0,1.0,2.0,169.0,100
19.0,0.0,4.0,2.0,94.0,144
12.0,1.0,30.0,1.0,13.0,180
28.0,0.0,5.0,2.0,0.0,65
6.0,1.0,2.0,1.0,71.0,200
10.0,0.0,1.0,2.0,308.0,60
25.0,0.0,1.0,1.0,0.0,178
12.0,1.0,2.0,1.0,0.0,325
45.0,1.0,4.0,1.0,0.0,100
116.0,0.0,2.0,1.0,32.0,60
56.0,0.0,30.0,103.0,0.0,39
56.0,1.0,3.0,1.0,0.0,179
15.0,0.0,1.0,3.0,0.0,69
19.0,1.0,5.0,1.0,249.0,315
46.0,0.0,1.0,4.0,8.0,75
21.0,0.0,4.0,1.0,0.0,45
127.0,1.0,2.0,1.0,329.0,85
68.0,1.0,3.0,1.0,0.0,220
15.0,0.0,1.0,1.0,0.0,100
52.0,1.0,30.0,1.0,338.0,136
6.0,1.0,3.0,1.0,0.0,140
84.0,1.0,2.0,2.0,247.0,34
20.0,0.0,1.0,1.0,0.0,140
6.0,0.0,30.0,2.0,311.0,43
20.0,0.0,1.0,1.0,70.0,70
30.0,0.0,1.0,2.0,334.0,82
15.0,2.0,2.0,3.0,365.0,45
4.0,0.0,28.0,2.0,147.0,45
149.0,1.0,1.0,3.0,173.0,94
3.0,1.0,3.0,1.0,0.0,125
7.0,1.0,2.0,1.0,14.0,150
56.0,1.0,3.0,1.0,0.0,95
6.0,0.0,5.0,1.0,88.0,72
79.0,1.0,5.0,1.0,0.0,119
46.0,0.0,1.0,1.0,41.0,25
12.0,0.0,5.0,1.0,0.0,55
2.0,1.0,3.0,1.0,5.0,350
7.0,1.0,4.0,1.0,0.0,239
21.0,1.0,2.0,1.0,274.0,230
33.0,1.0,5.0,1.0,0.0,445
19.0,0.0,2.0,2.0,177.0,130
8.0,1.0,30.0,1.0,141.0,159
8.0,1.0,3.0,1.0,0.0,96
5.0,1.0,7.0,1.0,0.0,186
28.0,1.0,2.0,1.0,37.0,145
21.0,0.0,7.0,1.0,18.0,50
12.0,1.0,6.0,1.0,239.0,125
30.0,1.0,3.0,1.0,68.0,80
44.0,0.0,7.0,1.0,247.0,35
28.0,0.0,5.0,2.0,23.0,98
75.0,0.0,28.0,1.0,31.0,47
4.0,0.0,2.0,4.0,237.0,90
34.0,1.0,5.0,1.0,45.0,121
35.0,1.0,2.0,1.0,0.0,86
12.0,1.0,13.0,1.0,0.0,170
79.0,1.0,10.0,1.0,1.0,89
20.0,0.0,3.0,4.0,14.0,58
2.0,0.0,1.0,1.0,0.0,45
30.0,0.0,1.0,1.0,66.0,60
23.0,0.0,1.0,1.0,0.0,100
1.0,0.0,1.0,3.0,0.0,150
11.0,1.0,4.0,1.0,0.0,165
52.0,1.0,6.0,1.0,188.0,219
100.0,1.0,2.0,1.0,327.0,100
12.0,0.0,4.0,2.0,280.0,65
21.0,0.0,2.0,1.0,0.0,55
12.0,0.0,1.0,2.0,84.0,75
71.0,0.0,1.0,13.0,351.0,100
56.0,0.0,2.0,2.0,13.0,85
85.0,0.0,1.0,4.0,143.0,35
7.0,1.0,3.0,1.0,0.0,300
44.0,0.0,3.0,1.0,0.0,120
3.0,0.0,3.0,1.0,83.0,175
13.0,1.0,2.0,1.0,0.0,160
25.0,1.0,20.0,1.0,21.0,133
14.0,0.0,4.0,2.0,23.0,119
25.0,0.0,1.0,2.0,365.0,349
12.0,0.0,3.0,1.0,0.0,65
14.0,1.0,30.0,1.0,365.0,275
7.0,1.0,30.0,18.0,365.0,748
7.0,1.0,1.0,3.0,350.0,300
42.0,0.0,1.0,3.0,355.0,60
23.0,2.0,3.0,2.0,0.0,147
2.0,0.0,1.0,2.0,0.0,50
18.0,0.0,3.0,1.0,0.0,35
21.0,0.0,25.0,1.0,0.0,65
32.0,1.0,7.0,1.0,98.0,160
28.0,1.0,2.0,1.0,0.0,140
49.0,1.0,1.0,1.0,36.0,100
22.0,1.0,2.0,2.0,265.0,77
12.0,0.0,3.0,2.0,2.0,65
56.0,1.0,5.0,1.0,38.0,115
25.0,0.0,1.0,8.0,318.0,159
28.0,1.0,30.0,6.0,122.0,145
11.0,0.0,1.0,1.0,0.0,78
2.0,0.0,6.0,2.0,8.0,65
15.0,1.0,1.0,3.0,0.0,110
9.0,1.0,30.0,1.0,15.0,145
28.0,0.0,3.0,9.0,0.0,60
24.0,1.0,2.0,1.0,6.0,150
29.0,1.0,2.0,1.0,0.0,75
44.0,0.0,5.0,2.0,35.0,56
15.0,1.0,1.0,2.0,22.0,250
7.0,0.0,2.0,3.0,1.0,83
28.0,1.0,1.0,1.0,75.0,165
49.0,0.0,15.0,3.0,0.0,50
2.0,1.0,2.0,2.0,257.0,265
87.0,0.0,3.0,1.0,305.0,40
2.0,0.0,1.0,1.0,84.0,100
36.0,0.0,7.0,2.0,285.0,80
12.0,0.0,4.0,1.0,0.0,70
21.0,1.0,3.0,1.0,3.0,120
12.0,1.0,2.0,2.0,57.0,170
16.0,1.0,4.0,1.0,0.0,280
87.0,0.0,1.0,1.0,0.0,40
26.0,1.0,2.0,1.0,0.0,120
6.0,1.0,2.0,1.0,285.0,175
21.0,0.0,1.0,1.0,0.0,75
142.0,0.0,1.0,1.0,3.0,26
6.0,1.0,1.0,1.0,47.0,145
44.0,0.0,1.0,2.0,178.0,50
29.0,1.0,3.0,1.0,340.0,402
31.0,1.0,1.0,1.0,0.0,120
56.0,2.0,1.0,1.0,11.0,35
14.0,0.0,1.0,2.0,65.0,100
16.0,1.0,6.0,1.0,0.0,250
25.0,1.0,1.0,2.0,0.0,180
49.0,1.0,3.0,2.0,200.0,100
26.0,1.0,5.0,1.0,0.0,150
83.0,0.0,30.0,103.0,244.0,24
54.0,1.0,3.0,2.0,116.0,140
11.0,1.0,3.0,1.0,59.0,275
8.0,1.0,2.0,1.0,242.0,210
13.0,0.0,60.0,2.0,43.0,61
33.0,1.0,2.0,3.0,272.0,250
19.0,1.0,3.0,1.0,47.0,750
20.0,1.0,3.0,1.0,314.0,160
20.0,1.0,1.0,1.0,0.0,130
12.0,0.0,2.0,1.0,0.0,55
6.0,0.0,2.0,1.0,64.0,130
24.0,0.0,1.0,2.0,0.0,42
21.0,0.0,2.0,2.0,331.0,70
6.0,1.0,30.0,2.0,0.0,120
181.0,0.0,20.0,2.0,104.0,43
5.0,1.0,10.0,1.0,0.0,80
12.0,1.0,2.0,1.0,0.0,110
2.0,0.0,3.0,1.0,9.0,50
7.0,1.0,3.0,3.0,358.0,199
52.0,1.0,2.0,1.0,0.0,275
2.0,1.0,10.0,1.0,6.0,90
31.0,1.0,1.0,1.0,0.0,156
132.0,2.0,1.0,1.0,3.0,56
2.0,1.0,2.0,1.0,300.0,130
3.0,1.0,2.0,1.0,0.0,95
1.0,1.0,30.0,91.0,147.0,165
103.0,0.0,7.0,1.0,115.0,45
21.0,0.0,30.0,3.0,227.0,50
3.0,0.0,3.0,1.0,284.0,49
12.0,0.0,5.0,1.0,0.0,70
10.0,1.0,2.0,1.0,0.0,120
20.0,1.0,7.0,1.0,6.0,100
87.0,1.0,5.0,1.0,157.0,125
29.0,1.0,3.0,1.0,0.0,110
75.0,0.0,2.0,1.0,0.0,70
38.0,0.0,1.0,1.0,365.0,250
8.0,1.0,5.0,1.0,74.0,150
30.0,0.0,1.0,1.0,0.0,52
45.0,1.0,10.0,1.0,0.0,90
12.0,1.0,2.0,1.0,0.0,125
54.0,0.0,1.0,1.0,90.0,40
6.0,0.0,14.0,1.0,0.0,55
4.0,1.0,17.0,1.0,46.0,250
21.0,0.0,30.0,9.0,43.0,35
21.0,0.0,1.0,1.0,0.0,35
34.0,1.0,1.0,1.0,0.0,130
2.0,1.0,1.0,1.0,0.0,200
28.0,1.0,4.0,2.0,4.0,449
33.0,1.0,3.0,1.0,106.0,180
7.0,1.0,30.0,31.0,223.0,90
73.0,2.0,7.0,10.0,311.0,50
30.0,0.0,2.0,2.0,58.0,75
11.0,1.0,4.0,1.0,232.0,199
3.0,0.0,2.0,1.0,0.0,62
1.0,1.0,30.0,91.0,101.0,200
12.0,1.0,2.0,1.0,0.0,145
20.0,1.0,5.0,1.0,0.0,104
37.0,0.0,15.0,2.0,27.0,49
1.0,1.0,30.0,1.0,154.0,450
4.0,1.0,1.0,1.0,0.0,189
2.0,1.0,2.0,1.0,189.0,80
6.0,0.0,1.0,3.0,64.0,55
21.0,0.0,5.0,1.0,102.0,67
15.0,0.0,2.0,3.0,81.0,43
12.0,1.0,3.0,2.0,0.0,159
21.0,1.0,3.0,1.0,0.0,150
1.0,1.0,1.0,1.0,0.0,399
7.0,0.0,17.0,1.0,86.0,65
19.0,1.0,31.0,1.0,365.0,150
192.0,0.0,4.0,3.0,147.0,42
32.0,1.0,2.0,1.0,0.0,140
45.0,0.0,3.0,1.0,364.0,300
20.0,1.0,2.0,1.0,0.0,260
12.0,1.0,2.0,1.0,16.0,220
8.0,1.0,7.0,1.0,0.0,155
205.0,0.0,3.0,1.0,365.0,70
6.0,1.0,7.0,1.0,0.0,2000
41.0,0.0,1.0,3.0,336.0,70
19.0,1.0,2.0,2.0,5.0,100
24.0,0.0,5.0,1.0,54.0,75
26.0,1.0,1.0,1.0,0.0,235
16.0,1.0,30.0,1.0,220.0,175
37.0,1.0,2.0,1.0,57.0,58
23.0,0.0,2.0,1.0,0.0,133
22.0,0.0,1.0,1.0,0.0,65
20.0,1.0,2.0,1.0,5.0,199
1.0,1.0,28.0,49.0,253.0,675
6.0,0.0,1.0,1.0,0.0,55
24.0,0.0,2.0,3.0,180.0,60
137.0,1.0,1.0,3.0,0.0,223
20.0,1.0,2.0,1.0,58.0,195
19.0,1.0,1.0,2.0,0.0,250
54.0,1.0,2.0,1.0,0.0,88
56.0,1.0,1.0,1.0,65.0,95
10.0,0.0,20.0,1.0,0.0,50
13.0,1.0,5.0,2.0,21.0,495
28.0,1.0,30.0,91.0,311.0,117
2.0,0.0,7.0,8.0,324.0,52
21.0,0.0,30.0,17.0,358.0,55
29.0,1.0,3.0,1.0,269.0,185
6.0,1.0,3.0,1.0,123.0,275
68.0,0.0,2.0,4.0,242.0,90
4.0,1.0,1.0,1.0,228.0,199
14.0,0.0,3.0,1.0,9.0,150
102.0,1.0,6.0,1.0,0.0,199
76.0,0.0,2.0,1.0,0.0,68
30.0,0.0,3.0,1.0,5.0,45
27.0,0.0,1.0,2.0,0.0,103
4.0,0.0,3.0,1.0,0.0,120
183.0,1.0,2.0,1.0,176.0,80
85.0,0.0,1.0,5.0,359.0,59
16.0,1.0,3.0,3.0,200.0,120
49.0,0.0,3.0,1.0,36.0,55
24.0,1.0,2.0,1.0,0.0,85
19.0,1.0,2.0,1.0,0.0,225
4.0,0.0,3.0,1.0,0.0,62
28.0,1.0,3.0,1.0,0.0,200
60.0,0.0,1.0,1.0,0.0,80
123.0,0.0,10.0,2.0,0.0,35
14.0,1.0,3.0,1.0,1.0,159
42.0,0.0,3.0,1.0,188.0,50
215.0,1.0,30.0,1.0,316.0,83
7.0,1.0,2.0,1.0,0.0,225
4.0,0.0,1.0,1.0,0.0,80
12.0,0.0,100.0,1.0,358.0,103
22.0,0.0,2.0,1.0,0.0,35
19.0,1.0,3.0,1.0,0.0,210
12.0,0.0,1.0,1.0,0.0,80
14.0,1.0,2.0,1.0,77.0,230
23.0,1.0,7.0,1.0,0.0,143
0.0,1.0,4.0,2.0,0.0,130
28.0,1.0,2.0,1.0,0.0,89
6.0,0.0,30.0,6.0,365.0,63
6.0,1.0,3.0,1.0,0.0,195
135.0,1.0,1.0,1.0,127.0,150
29.0,1.0,1.0,1.0,0.0,60
22.0,0.0,2.0,3.0,362.0,84
19.0,1.0,2.0,4.0,0.0,400
1.0,1.0,30.0,91.0,304.0,125
5.0,1.0,5.0,1.0,0.0,149
8.0,0.0,1.0,1.0,0.0,50
28.0,1.0,7.0,1.0,0.0,500
14.0,1.0,7.0,1.0,0.0,250
156.0,0.0,30.0,4.0,219.0,25
19.0,1.0,5.0,3.0,6.0,600
28.0,0.0,1.0,4.0,184.0,100
12.0,0.0,3.0,2.0,11.0,99
76.0,0.0,3.0,1.0,18.0,35
17.0,1.0,5.0,1.0,0.0,125
15.0,1.0,4.0,9.0,49.0,59
39.0,0.0,40.0,3.0,236.0,42
118.0,1.0,1.0,2.0,77.0,100
20.0,1.0,1.0,1.0,0.0,179
20.0,1.0,3.0,1.0,0.0,115
25.0,0.0,2.0,1.0,0.0,78
22.0,0.0,2.0,1.0,7.0,50
21.0,0.0,2.0,10.0,360.0,75
31.0,0.0,1.0,1.0,278.0,65
4.0,0.0,4.0,5.0,188.0,1500
45.0,1.0,7.0,1.0,0.0,150
14.0,0.0,1.0,1.0,328.0,123
26.0,1.0,1.0,1.0,0.0,165
2.0,1.0,3.0,1.0,280.0,199
12.0,0.0,4.0,1.0,7.0,80
8.0,1.0,32.0,1.0,211.0,178
7.0,0.0,1.0,1.0,0.0,65
39.0,1.0,2.0,1.0,0.0,77
39.0,1.0,1.0,2.0,147.0,110
21.0,0.0,30.0,43.0,144.0,47
0.0,0.0,1.0,1.0,0.0,80
21.0,1.0,2.0,1.0,89.0,150
6.0,0.0,1.0,1.0,0.0,38
16.0,1.0,365.0,1.0,173.0,200
8.0,0.0,1.0,4.0,103.0,109
32.0,1.0,20.0,1.0,0.0,149
49.0,0.0,1.0,1.0,0.0,47
7.0,1.0,3.0,1.0,60.0,200
12.0,0.0,58.0,1.0,15.0,40
56.0,1.0,4.0,1.0,170.0,130
8.0,0.0,1.0,2.0,0.0,80
38.0,1.0,1.0,1.0,0.0,168
6.0,1.0,4.0,1.0,0.0,75
15.0,1.0,5.0,1.0,188.0,98
6.0,0.0,1.0,1.0,0.0,50
14.0,0.0,7.0,1.0,31.0,63
37.0,1.0,3.0,1.0,0.0,350
19.0,0.0,1.0,3.0,230.0,125
6.0,1.0,30.0,1.0,220.0,150
2.0,1.0,14.0,3.0,0.0,109
28.0,0.0,1.0,3.0,330.0,135
54.0,1.0,3.0,1.0,12.0,91
12.0,1.0,2.0,1.0,300.0,295
21.0,0.0,3.0,1.0,0.0,35
37.0,2.0,1.0,2.0,90.0,49
6.0,1.0,3.0,1.0,0.0,70
56.0,0.0,4.0,1.0,53.0,55
30.0,0.0,5.0,1.0,0.0,30
1.0,1.0,30.0,31.0,125.0,215
9.0,0.0,1.0,1.0,0.0,90
24.0,1.0,2.0,1.0,30.0,150
44.0,0.0,1.0,7.0,73.0,60
28.0,1.0,30.0,13.0,147.0,150
21.0,1.0,3.0,1.0,0.0,68
8.0,0.0,2.0,1.0,0.0,95
28.0,1.0,5.0,1.0,58.0,125
21.0,0.0,2.0,2.0,97.0,250
19.0,1.0,1.0,1.0,278.0,249
14.0,1.0,1.0,1.0,362.0,199
2.0,0.0,1.0,2.0,180.0,49
15.0,0.0,2.0,1.0,61.0,100
20.0,0.0,4.0,1.0,267.0,150
12.0,1.0,2.0,1.0,162.0,135
12.0,1.0,30.0,6.0,211.0,220
6.0,0.0,30.0,1.0,40.0,34
14.0,0.0,45.0,1.0,83.0,165
54.0,1.0,1.0,1.0,0.0,85
2.0,1.0,2.0,1.0,252.0,275
9.0,1.0,5.0,1.0,316.0,165
2.0,1.0,3.0,1.0,329.0,149
97.0,1.0,4.0,1.0,0.0,250
4.0,0.0,3.0,1.0,0.0,63
52.0,0.0,14.0,1.0,0.0,60
3.0,1.0,4.0,2.0,189.0,172
44.0,0.0,1.0,3.0,359.0,59
21.0,0.0,1.0,1.0,0.0,70
31.0,0.0,30.0,103.0,93.0,40
12.0,0.0,7.0,2.0,0.0,57
19.0,1.0,4.0,1.0,0.0,200
3.0,1.0,3.0,1.0,0.0,380
8.0,1.0,2.0,1.0,1.0,175
20.0,0.0,1.0,1.0,97.0,70
26.0,1.0,30.0,8.0,326.0,118
23.0,1.0,30.0,9.0,336.0,170
12.0,0.0,5.0,1.0,0.0,100
54.0,0.0,2.0,4.0,41.0,59
4.0,0.0,2.0,2.0,304.0,120
12.0,1.0,2.0,1.0,0.0,200
28.0,1.0,3.0,1.0,0.0,150
20.0,1.0,3.0,13.0,53.0,179
25.0,0.0,5.0,1.0,112.0,75
1.0,1.0,1.0,2.0,330.0,165
28.0,1.0,30.0,1.0,0.0,129
2.0,0.0,1.0,1.0,87.0,150
15.0,0.0,1.0,1.0,0.0,80
21.0,1.0,2.0,3.0,351.0,200
82.0,1.0,2.0,1.0,169.0,75
30.0,0.0,28.0,1.0,284.0,36
1.0,1.0,2.0,1.0,4.0,190
129.0,0.0,3.0,9.0,358.0,39
23.0,0.0,1.0,1.0,0.0,49
1.0,1.0,2.0,1.0,0.0,149
54.0,1.0,2.0,1.0,130.0,199
79.0,0.0,1.0,2.0,0.0,35
15.0,0.0,2.0,1.0,175.0,82
6.0,0.0,1.0,3.0,286.0,69
6.0,0.0,4.0,1.0,359.0,79
113.0,1.0,2.0,1.0,69.0,100
23.0,1.0,2.0,1.0,0.0,115
173.0,0.0,1.0,1.0,318.0,99
11.0,1.0,3.0,1.0,0.0,225
9.0,1.0,20.0,1.0,0.0,90
8.0,1.0,2.0,1.0,0.0,195
39.0,2.0,1.0,1.0,359.0,12
20.0,1.0,3.0,2.0,364.0,150
12.0,1.0,14.0,1.0,25.0,130
16.0,1.0,10.0,1.0,0.0,100
21.0,0.0,3.0,1.0,83.0,80
2.0,1.0,2.0,1.0,0.0,275
82.0,1.0,1.0,2.0,136.0,119
28.0,1.0,6.0,1.0,0.0,295
25.0,0.0,4.0,1.0,0.0,70
20.0,1.0,14.0,1.0,0.0,150
28.0,1.0,3.0,1.0,3.0,179
24.0,0.0,1.0,3.0,5.0,80
6.0,0.0,3.0,1.0,0.0,75
162.0,2.0,1.0,4.0,347.0,45
24.0,1.0,5.0,1.0,1.0,200
30.0,0.0,2.0,2.0,58.0,75
12.0,0.0,2.0,1.0,258.0,115
144.0,1.0,1.0,1.0,0.0,65
182.0,0.0,1.0,2.0,359.0,69
68.0,1.0,4.0,1.0,0.0,140
21.0,0.0,4.0,1.0,0.0,40
60.0,1.0,3.0,1.0,72.0,180
141.0,0.0,6.0,1.0,313.0,70
12.0,1.0,4.0,1.0,27.0,101
90.0,1.0,2.0,1.0,34.0,134
8.0,1.0,2.0,1.0,267.0,299
19.0,1.0,3.0,1.0,0.0,120
2.0,0.0,1.0,3.0,0.0,53
9.0,0.0,1.0,1.0,2.0,84
6.0,0.0,3.0,2.0,235.0,50
2.0,1.0,30.0,2.0,194.0,140
6.0,1.0,30.0,3.0,248.0,95
2.0,1.0,2.0,2.0,271.0,150
2.0,1.0,30.0,1.0,239.0,195
33.0,0.0,1.0,1.0,65.0,75
8.0,0.0,1.0,1.0,365.0,250
8.0,1.0,25.0,1.0,170.0,107
99.0,0.0,1.0,2.0,75.0,35
15.0,0.0,2.0,3.0,66.0,150
7.0,1.0,5.0,1.0,83.0,300
16.0,1.0,4.0,2.0,0.0,95
70.0,1.0,30.0,1.0,7.0,70
3.0,1.0,1.0,1.0,0.0,95
39.0,0.0,1.0,8.0,319.0,90
6.0,1.0,1.0,1.0,0.0,100
1.0,0.0,3.0,1.0,5.0,250
7.0,1.0,1.0,1.0,0.0,207
21.0,0.0,6.0,8.0,147.0,58
18.0,1.0,2.0,1.0,234.0,200
6.0,1.0,3.0,2.0,255.0,135
0.0,0.0,5.0,1.0,344.0,60
28.0,1.0,30.0,8.0,229.0,100
28.0,1.0,7.0,1.0,44.0,169
29.0,1.0,5.0,1.0,0.0,160
49.0,0.0,1.0,2.0,304.0,115
160.0,1.0,1.0,2.0,23.0,50
12.0,0.0,2.0,8.0,77.0,60
70.0,0.0,3.0,13.0,90.0,52
1.0,1.0,30.0,12.0,343.0,225
6.0,1.0,1.0,3.0,64.0,389
4.0,1.0,7.0,1.0,127.0,150
4.0,0.0,7.0,1.0,77.0,100
12.0,0.0,1.0,2.0,0.0,85
5.0,1.0,30.0,23.0,249.0,300
7.0,0.0,3.0,1.0,2.0,125
7.0,1.0,31.0,5.0,341.0,200
14.0,1.0,4.0,1.0,2.0,395
5.0,1.0,7.0,1.0,87.0,180
18.0,0.0,5.0,1.0,0.0,45
15.0,1.0,2.0,1.0,183.0,75
45.0,0.0,8.0,1.0,177.0,55
19.0,0.0,2.0,1.0,0.0,79
20.0,0.0,28.0,1.0,332.0,45
83.0,1.0,2.0,2.0,50.0,125
21.0,0.0,1.0,1.0,70.0,58
15.0,1.0,3.0,1.0,0.0,77
6.0,0.0,3.0,2.0,365.0,125
45.0,1.0,1.0,1.0,0.0,100
6.0,1.0,2.0,1.0,294.0,140
12.0,1.0,2.0,1.0,0.0,300
7.0,0.0,1.0,30.0,348.0,999
14.0,1.0,1.0,1.0,0.0,200
14.0,0.0,30.0,1.0,282.0,90
23.0,0.0,1.0,1.0,0.0,150
21.0,0.0,3.0,1.0,0.0,60
6.0,0.0,2.0,3.0,7.0,44
11.0,1.0,1.0,1.0,0.0,599
32.0,1.0,3.0,2.0,0.0,113
12.0,1.0,2.0,1.0,0.0,180
12.0,1.0,7.0,1.0,0.0,269
25.0,0.0,2.0,1.0,0.0,99
15.0,1.0,1.0,1.0,0.0,88
13.0,1.0,5.0,1.0,0.0,199
34.0,1.0,2.0,1.0,35.0,135
22.0,0.0,5.0,1.0,0.0,40
67.0,1.0,5.0,3.0,23.0,120
6.0,1.0,1.0,9.0,118.0,145
79.0,1.0,18.0,1.0,0.0,70
26.0,1.0,2.0,1.0,0.0,145
21.0,0.0,3.0,1.0,155.0,70
4.0,0.0,1.0,1.0,7.0,210
8.0,1.0,3.0,1.0,0.0,200
24.0,1.0,5.0,1.0,0.0,118
49.0,0.0,1.0,2.0,304.0,115
33.0,1.0,2.0,1.0,0.0,150
6.0,0.0,30.0,3.0,331.0,40
106.0,2.0,1.0,2.0,43.0,39
2.0,0.0,3.0,1.0,19.0,175
19.0,0.0,7.0,1.0,0.0,71
28.0,1.0,2.0,1.0,83.0,375
22.0,1.0,2.0,3.0,275.0,95
24.0,1.0,3.0,1.0,127.0,115
111.0,0.0,3.0,1.0,363.0,55
32.0,1.0,1.0,1.0,75.0,150
14.0,1.0,30.0,232.0,310.0,321
3.0,1.0,2.0,2.0,0.0,200
129.0,1.0,3.0,6.0,232.0,140
4.0,0.0,1.0,1.0,0.0,60
7.0,1.0,3.0,1.0,0.0,175
2.0,0.0,1.0,1.0,0.0,200
9.0,0.0,1.0,2.0,276.0,63
38.0,0.0,1.0,1.0,272.0,80
21.0,0.0,4.0,1.0,0.0,75
34.0,0.0,1.0,1.0,0.0,55
20.0,0.0,1.0,1.0,0.0,75
1.0,1.0,30.0,10.0,350.0,150
14.0,1.0,4.0,1.0,0.0,200
25.0,1.0,4.0,2.0,187.0,298
28.0,0.0,2.0,1.0,0.0,100
12.0,1.0,2.0,3.0,106.0,225
1.0,1.0,2.0,13.0,279.0,240
12.0,1.0,4.0,1.0,0.0,128
1.0,1.0,30.0,49.0,364.0,232
30.0,0.0,3.0,3.0,138.0,75
2.0,0.0,2.0,1.0,160.0,79
13.0,0.0,4.0,1.0,365.0,85
21.0,1.0,3.0,1.0,326.0,100
49.0,0.0,1.0,2.0,129.0,58
7.0,1.0,15.0,1.0,30.0,300
126.0,0.0,1.0,3.0,364.0,60
7.0,0.0,1.0,1.0,66.0,150
56.0,0.0,1.0,1.0,0.0,110
26.0,0.0,5.0,1.0,2.0,10
6.0,0.0,30.0,3.0,53.0,35
80.0,0.0,2.0,1.0,0.0,50
19.0,1.0,5.0,1.0,0.0,250
14.0,1.0,2.0,1.0,10.0,850
6.0,0.0,1.0,3.0,365.0,89
6.0,1.0,3.0,1.0,274.0,280
6.0,0.0,2.0,1.0,61.0,57
14.0,0.0,3.0,1.0,0.0,70
22.0,1.0,2.0,1.0,0.0,65
71.0,1.0,30.0,121.0,363.0,239
56.0,0.0,4.0,2.0,57.0,75
6.0,0.0,9.0,1.0,10.0,85
8.0,0.0,1.0,1.0,0.0,125
2.0,0.0,2.0,3.0,91.0,215
16.0,1.0,2.0,1.0,226.0,218
21.0,0.0,1.0,1.0,359.0,100
73.0,1.0,5.0,2.0,363.0,300
52.0,1.0,3.0,1.0,0.0,175
84.0,0.0,1.0,2.0,361.0,65
5.0,1.0,5.0,1.0,0.0,198
21.0,0.0,2.0,1.0,0.0,49
14.0,1.0,3.0,1.0,53.0,180
49.0,0.0,3.0,2.0,82.0,40
21.0,0.0,3.0,1.0,0.0,30
15.0,0.0,2.0,2.0,174.0,50
43.0,1.0,29.0,96.0,311.0,245
54.0,0.0,30.0,43.0,361.0,45
159.0,0.0,1.0,4.0,363.0,50
123.0,1.0,2.0,1.0,345.0,200
90.0,0.0,1.0,1.0,0.0,75
12.0,0.0,2.0,1.0,34.0,100
30.0,0.0,1.0,1.0,0.0,70
9.0,0.0,4.0,2.0,166.0,89
8.0,1.0,6.0,1.0,0.0,141
14.0,1.0,5.0,1.0,167.0,450
15.0,0.0,2.0,1.0,0.0,85
8.0,1.0,1.0,1.0,0.0,200
12.0,1.0,4.0,1.0,65.0,199
31.0,0.0,28.0,37.0,41.0,33
84.0,2.0,2.0,6.0,120.0,19
8.0,1.0,1.0,1.0,5.0,130
14.0,1.0,30.0,1.0,0.0,120
19.0,1.0,31.0,1.0,156.0,250
64.0,1.0,5.0,1.0,0.0,270
12.0,0.0,7.0,1.0,0.0,65
4.0,0.0,2.0,1.0,52.0,77
54.0,0.0,1.0,1.0,0.0,35
6.0,1.0,30.0,3.0,280.0,90
23.0,0.0,1.0,1.0,240.0,120
27.0,1.0,2.0,1.0,23.0,650
2.0,1.0,30.0,1.0,0.0,99
21.0,1.0,3.0,1.0,0.0,85
18.0,0.0,2.0,1.0,359.0,60
29.0,1.0,2.0,2.0,151.0,280
12.0,0.0,2.0,5.0,193.0,95
2.0,0.0,1.0,2.0,28.0,69
6.0,0.0,4.0,1.0,18.0,64
43.0,0.0,3.0,1.0,133.0,80
21.0,0.0,3.0,2.0,0.0,45
76.0,0.0,1.0,1.0,324.0,45
63.0,0.0,2.0,1.0,157.0,75
19.0,0.0,10.0,4.0,18.0,85
6.0,0.0,1.0,1.0,365.0,40
14.0,1.0,29.0,96.0,312.0,250
7.0,1.0,30.0,65.0,365.0,190
5.0,1.0,30.0,52.0,362.0,150
8.0,0.0,1.0,2.0,0.0,150
27.0,1.0,7.0,1.0,325.0,3000
29.0,1.0,3.0,1.0,68.0,150
20.0,1.0,3.0,13.0,74.0,350
2.0,1.0,3.0,1.0,245.0,120
60.0,0.0,1.0,3.0,3.0,79
24.0,0.0,6.0,1.0,0.0,40
11.0,0.0,7.0,1.0,13.0,110
23.0,1.0,3.0,2.0,5.0,209
8.0,1.0,30.0,8.0,156.0,104
7.0,1.0,3.0,1.0,328.0,500
20.0,1.0,2.0,1.0,3.0,136
28.0,0.0,1.0,2.0,0.0,109
11.0,0.0,2.0,1.0,0.0,250
8.0,1.0,90.0,8.0,0.0,90
1.0,1.0,30.0,5.0,331.0,125
2.0,0.0,2.0,1.0,129.0,70
73.0,0.0,1.0,1.0,82.0,99
169.0,0.0,2.0,1.0,0.0,45
15.0,1.0,5.0,2.0,56.0,120
67.0,1.0,60.0,2.0,87.0,85
43.0,1.0,1.0,1.0,302.0,160
4.0,1.0,2.0,1.0,162.0,200
7.0,1.0,3.0,1.0,0.0,176
14.0,1.0,1.0,1.0,0.0,275
12.0,1.0,2.0,1.0,0.0,140
12.0,0.0,2.0,1.0,0.0,80
7.0,1.0,30.0,121.0,345.0,369
19.0,1.0,3.0,1.0,110.0,175
7.0,0.0,1.0,10.0,305.0,500
6.0,0.0,3.0,2.0,232.0,60
19.0,0.0,1.0,1.0,0.0,80
129.0,0.0,1.0,1.0,3.0,45
94.0,1.0,2.0,5.0,365.0,1000
5.0,1.0,30.0,50.0,365.0,175
54.0,1.0,2.0,1.0,220.0,140
102.0,1.0,7.0,1.0,0.0,80
38.0,1.0,1.0,1.0,0.0,150
7.0,1.0,2.0,1.0,0.0,164
3.0,0.0,1.0,11.0,362.0,279
28.0,1.0,1.0,1.0,359.0,249
8.0,1.0,30.0,25.0,181.0,190
30.0,1.0,3.0,2.0,116.0,120
76.0,1.0,3.0,1.0,295.0,120
6.0,0.0,3.0,1.0,0.0,60
21.0,0.0,5.0,1.0,0.0,70
33.0,1.0,3.0,3.0,250.0,150
1.0,1.0,30.0,14.0,332.0,220
70.0,0.0,1.0,4.0,319.0,25
23.0,1.0,1.0,1.0,365.0,600
6.0,1.0,5.0,1.0,0.0,100
83.0,2.0,2.0,3.0,267.0,58
43.0,0.0,2.0,327.0,255.0,616
15.0,0.0,1.0,1.0,59.0,68
19.0,1.0,1.0,1.0,0.0,295
43.0,1.0,3.0,1.0,68.0,225
6.0,0.0,2.0,1.0,322.0,70
15.0,0.0,1.0,1.0,1.0,34
24.0,1.0,2.0,7.0,110.0,599
15.0,1.0,5.0,1.0,202.0,150
6.0,1.0,3.0,1.0,0.0,140
24.0,1.0,5.0,1.0,0.0,75
19.0,1.0,4.0,1.0,0.0,115
3.0,0.0,3.0,1.0,356.0,65
4.0,0.0,2.0,2.0,35.0,65
12.0,0.0,1.0,1.0,0.0,250
8.0,1.0,2.0,1.0,51.0,200
79.0,0.0,4.0,1.0,0.0,55
14.0,0.0,2.0,3.0,132.0,130
0.0,1.0,1.0,1.0,0.0,100
7.0,0.0,1.0,12.0,232.0,110
28.0,1.0,1.0,1.0,247.0,125
19.0,0.0,2.0,1.0,0.0,60
19.0,0.0,4.0,1.0,63.0,90
20.0,0.0,7.0,1.0,49.0,110
3.0,1.0,2.0,1.0,77.0,220
21.0,0.0,2.0,1.0,36.0,69
52.0,1.0,4.0,1.0,0.0,190
1.0,1.0,2.0,3.0,0.0,299
30.0,1.0,30.0,1.0,0.0,150
4.0,0.0,5.0,1.0,65.0,70
87.0,0.0,1.0,1.0,0.0,55
13.0,1.0,4.0,1.0,0.0,130
19.0,0.0,1.0,1.0,0.0,100
23.0,1.0,2.0,1.0,170.0,250
149.0,1.0,2.0,2.0,3.0,39
8.0,1.0,7.0,1.0,0.0,132
26.0,0.0,5.0,1.0,0.0,150
6.0,1.0,3.0,2.0,308.0,117
6.0,1.0,1.0,1.0,255.0,68
141.0,1.0,5.0,1.0,89.0,130
12.0,0.0,7.0,1.0,13.0,70
9.0,1.0,3.0,1.0,4.0,450
30.0,1.0,2.0,1.0,346.0,89
8.0,1.0,120.0,1.0,36.0,169
33.0,0.0,2.0,2.0,73.0,98
6.0,1.0,3.0,2.0,218.0,75
11.0,1.0,1.0,3.0,296.0,214
2.0,0.0,3.0,1.0,0.0,60
103.0,1.0,2.0,1.0,87.0,118
87.0,0.0,3.0,1.0,48.0,60
21.0,0.0,1.0,1.0,0.0,30
12.0,1.0,2.0,1.0,34.0,175
14.0,0.0,2.0,1.0,0.0,130
123.0,1.0,13.0,1.0,12.0,122
22.0,0.0,1.0,1.0,61.0,40
22.0,0.0,2.0,1.0,265.0,57
12.0,1.0,3.0,2.0,0.0,350
2.0,1.0,3.0,2.0,75.0,135
1.0,0.0,1.0,1.0,0.0,75
12.0,1.0,3.0,1.0,37.0,109
12.0,0.0,5.0,1.0,179.0,60
16.0,1.0,4.0,1.0,174.0,700
60.0,0.0,1.0,5.0,0.0,119
12.0,0.0,10.0,1.0,0.0,70
21.0,0.0,5.0,2.0,316.0,40
199.0,0.0,1.0,3.0,364.0,65
14.0,1.0,1.0,1.0,2.0,189
15.0,0.0,1.0,2.0,0.0,36
6.0,0.0,2.0,1.0,6.0,69
28.0,1.0,3.0,1.0,221.0,100
19.0,1.0,1.0,1.0,0.0,175
14.0,0.0,3.0,2.0,0.0,150
7.0,1.0,6.0,2.0,247.0,350
70.0,1.0,3.0,1.0,292.0,175
16.0,0.0,5.0,1.0,0.0,90
22.0,0.0,5.0,1.0,0.0,33
6.0,0.0,2.0,2.0,316.0,50
23.0,2.0,14.0,28.0,341.0,32
37.0,1.0,1.0,4.0,156.0,85
1.0,1.0,3.0,3.0,6.0,187
20.0,1.0,4.0,1.0,0.0,200
2.0,1.0,5.0,1.0,0.0,120
12.0,0.0,1.0,2.0,0.0,100
24.0,1.0,5.0,1.0,166.0,200
13.0,0.0,30.0,25.0,342.0,48
178.0,1.0,1.0,1.0,356.0,50
103.0,0.0,1.0,7.0,0.0,49
6.0,0.0,2.0,1.0,0.0,38
19.0,1.0,2.0,1.0,0.0,100
5.0,1.0,30.0,23.0,365.0,200
12.0,1.0,3.0,1.0,0.0,115
2.0,0.0,1.0,2.0,0.0,65
3.0,0.0,1.0,1.0,0.0,50
12.0,0.0,2.0,1.0,0.0,130
112.0,0.0,1.0,3.0,142.0,39
66.0,1.0,1.0,1.0,191.0,150
8.0,1.0,4.0,1.0,274.0,950
12.0,0.0,11.0,2.0,316.0,85
15.0,0.0,1.0,1.0,0.0,75
52.0,1.0,1.0,1.0,185.0,500
56.0,1.0,1.0,2.0,0.0,120
12.0,1.0,10.0,1.0,52.0,225
13.0,1.0,2.0,1.0,0.0,100
1.0,1.0,1.0,1.0,125.0,250
4.0,0.0,2.0,1.0,0.0,90
12.0,1.0,5.0,1.0,15.0,450
1.0,1.0,3.0,1.0,0.0,185
28.0,0.0,3.0,5.0,213.0,89
39.0,0.0,1.0,2.0,0.0,35
52.0,0.0,4.0,3.0,0.0,120
37.0,0.0,2.0,7.0,57.0,45
27.0,1.0,3.0,1.0,161.0,899
23.0,1.0,1.0,1.0,0.0,120
2.0,0.0,60.0,4.0,0.0,50
182.0,0.0,3.0,2.0,49.0,100
9.0,0.0,4.0,1.0,0.0,67
187.0,1.0,2.0,1.0,46.0,101
24.0,0.0,31.0,1.0,167.0,80
9.0,1.0,5.0,1.0,0.0,175
7.0,0.0,1.0,1.0,0.0,87
70.0,1.0,2.0,4.0,347.0,195
14.0,1.0,30.0,87.0,350.0,230
71.0,1.0,15.0,1.0,0.0,100
56.0,1.0,4.0,1.0,0.0,79
15.0,1.0,15.0,5.0,179.0,79
15.0,0.0,2.0,1.0,0.0,60
152.0,0.0,1.0,3.0,26.0,80
43.0,1.0,2.0,327.0,285.0,230
75.0,1.0,2.0,1.0,313.0,160
21.0,1.0,2.0,1.0,112.0,300
31.0,0.0,30.0,103.0,230.0,61
12.0,1.0,2.0,1.0,176.0,175
25.0,0.0,13.0,1.0,12.0,56
21.0,1.0,3.0,1.0,12.0,100
56.0,1.0,2.0,1.0,0.0,160
5.0,1.0,2.0,1.0,90.0,160
7.0,1.0,1.0,1.0,0.0,135
43.0,1.0,29.0,327.0,361.0,137
52.0,0.0,2.0,1.0,268.0,99
6.0,0.0,28.0,4.0,310.0,45
29.0,0.0,2.0,3.0,0.0,99
29.0,1.0,1.0,1.0,0.0,550
140.0,1.0,1.0,1.0,362.0,258
19.0,0.0,3.0,1.0,0.0,150
14.0,1.0,3.0,1.0,35.0,240
28.0,0.0,1.0,3.0,324.0,114
2.0,0.0,2.0,1.0,90.0,86
25.0,0.0,3.0,1.0,37.0,55
79.0,0.0,2.0,1.0,41.0,50
14.0,0.0,1.0,3.0,87.0,140
14.0,1.0,3.0,1.0,293.0,199
19.0,1.0,5.0,1.0,6.0,150
8.0,0.0,30.0,1.0,90.0,75
1.0,0.0,3.0,12.0,365.0,1599
6.0,1.0,2.0,2.0,11.0,135
21.0,0.0,1.0,1.0,0.0,38
79.0,0.0,1.0,3.0,71.0,50
3.0,0.0,7.0,1.0,0.0,45
1.0,0.0,2.0,1.0,19.0,150
6.0,1.0,5.0,1.0,254.0,120
106.0,1.0,2.0,1.0,309.0,150
56.0,0.0,1.0,1.0,177.0,95
12.0,1.0,6.0,1.0,20.0,120
23.0,0.0,1.0,2.0,161.0,159
34.0,1.0,6.0,1.0,0.0,70
12.0,0.0,7.0,1.0,0.0,66
2.0,0.0,10.0,2.0,0.0,120
49.0,0.0,1.0,1.0,0.0,100
19.0,0.0,2.0,1.0,74.0,110
21.0,0.0,3.0,1.0,0.0,90
100.0,1.0,1.0,1.0,61.0,65
12.0,1.0,3.0,1.0,0.0,130
28.0,1.0,2.0,1.0,0.0,115
21.0,0.0,3.0,1.0,0.0,70
62.0,1.0,1.0,1.0,88.0,150
30.0,0.0,3.0,1.0,3.0,145
2.0,0.0,2.0,1.0,30.0,65
16.0,1.0,4.0,1.0,0.0,245
9.0,0.0,1.0,4.0,164.0,89
2.0,0.0,1.0,1.0,0.0,80
28.0,2.0,30.0,6.0,294.0,45
39.0,0.0,1.0,1.0,173.0,90
5.0,1.0,1.0,1.0,93.0,299
26.0,1.0,29.0,1.0,2.0,185
1.0,0.0,2.0,11.0,143.0,913
43.0,1.0,2.0,327.0,312.0,214
6.0,1.0,4.0,1.0,0.0,92
12.0,0.0,1.0,1.0,0.0,75
10.0,0.0,1.0,4.0,22.0,69
44.0,0.0,1.0,1.0,5.0,89
6.0,0.0,3.0,1.0,0.0,85
6.0,1.0,4.0,1.0,0.0,145
1.0,0.0,3.0,2.0,0.0,100
12.0,1.0,30.0,1.0,0.0,99
14.0,1.0,2.0,1.0,0.0,150
2.0,0.0,2.0,4.0,141.0,95
6.0,1.0,1.0,1.0,0.0,120
24.0,0.0,2.0,1.0,0.0,50
6.0,1.0,3.0,1.0,357.0,450
183.0,1.0,1.0,1.0,65.0,65
12.0,1.0,1.0,1.0,0.0,200
1.0,0.0,1.0,2.0,0.0,350
11.0,1.0,3.0,1.0,246.0,170
25.0,1.0,480.0,1.0,365.0,199
15.0,1.0,5.0,1.0,0.0,135
45.0,0.0,4.0,1.0,0.0,55
6.0,1.0,3.0,1.0,317.0,100
28.0,1.0,1.0,1.0,0.0,1000
63.0,0.0,2.0,4.0,6.0,59
111.0,0.0,1.0,7.0,357.0,45
15.0,1.0,2.0,1.0,0.0,180
20.0,1.0,4.0,1.0,24.0,155
11.0,1.0,4.0,1.0,21.0,300
56.0,0.0,1.0,9.0,351.0,59
21.0,0.0,5.0,1.0,169.0,65
22.0,0.0,5.0,1.0,358.0,150
44.0,0.0,5.0,2.0,100.0,56
2.0,0.0,1.0,1.0,204.0,72
26.0,0.0,5.0,1.0,0.0,140
145.0,0.0,30.0,2.0,312.0,52
106.0,1.0,1.0,1.0,81.0,120
13.0,1.0,2.0,1.0,0.0,150
48.0,1.0,2.0,1.0,70.0,265
18.0,1.0,2.0,1.0,0.0,95
12.0,1.0,2.0,1.0,0.0,104
59.0,2.0,2.0,4.0,365.0,60
12.0,1.0,30.0,1.0,342.0,145
154.0,1.0,1.0,1.0,33.0,85
22.0,0.0,1.0,1.0,70.0,52
8.0,1.0,30.0,25.0,181.0,190
52.0,1.0,2.0,1.0,264.0,200
12.0,1.0,3.0,1.0,4.0,150
80.0,1.0,1.0,1.0,0.0,110
43.0,0.0,1.0,5.0,161.0,109
6.0,1.0,4.0,2.0,0.0,90
24.0,1.0,3.0,1.0,0.0,95
2.0,1.0,1.0,1.0,0.0,70
54.0,1.0,1.0,1.0,141.0,90
7.0,1.0,2.0,1.0,179.0,199
4.0,0.0,3.0,1.0,0.0,90
12.0,0.0,4.0,1.0,0.0,95
20.0,1.0,2.0,2.0,12.0,174
2.0,1.0,1.0,1.0,6.0,70
28.0,0.0,3.0,2.0,364.0,100
19.0,1.0,2.0,1.0,34.0,199
51.0,0.0,10.0,1.0,0.0,40
52.0,1.0,5.0,1.0,45.0,850
1.0,1.0,4.0,1.0,0.0,160
8.0,1.0,4.0,1.0,0.0,135
18.0,0.0,1.0,2.0,233.0,39
24.0,2.0,2.0,1.0,0.0,75
30.0,0.0,1.0,1.0,31.0,80
8.0,1.0,7.0,1.0,14.0,167
30.0,0.0,30.0,1.0,0.0,35
21.0,1.0,1.0,1.0,77.0,99
67.0,2.0,10.0,12.0,0.0,25
6.0,0.0,2.0,1.0,0.0,47
20.0,0.0,6.0,1.0,43.0,92
8.0,1.0,5.0,2.0,70.0,165
12.0,1.0,2.0,1.0,14.0,144
12.0,0.0,1.0,1.0,0.0,50
144.0,0.0,2.0,8.0,84.0,33
12.0,0.0,10.0,1.0,42.0,110
57.0,1.0,1.0,7.0,332.0,155
73.0,0.0,5.0,1.0,97.0,59
152.0,0.0,1.0,3.0,25.0,50
12.0,1.0,1.0,1.0,0.0,146
33.0,1.0,7.0,3.0,0.0,90
19.0,0.0,3.0,2.0,23.0,130
12.0,0.0,3.0,1.0,0.0,80
130.0,1.0,7.0,1.0,0.0,700
19.0,1.0,2.0,1.0,0.0,299
19.0,0.0,3.0,1.0,91.0,180
13.0,0.0,3.0,2.0,192.0,80
2.0,1.0,2.0,1.0,0.0,150
49.0,1.0,18.0,1.0,0.0,125
20.0,1.0,3.0,1.0,58.0,139
160.0,0.0,1.0,1.0,281.0,85
49.0,0.0,6.0,8.0,307.0,45
81.0,0.0,1.0,3.0,173.0,85
32.0,1.0,2.0,1.0,0.0,75
103.0,1.0,1.0,2.0,0.0,135
21.0,0.0,6.0,3.0,13.0,50
45.0,0.0,15.0,1.0,0.0,45
46.0,0.0,1.0,3.0,356.0,150
14.0,1.0,1.0,1.0,90.0,500
24.0,1.0,2.0,2.0,0.0,106
34.0,1.0,5.0,1.0,0.0,63
6.0,1.0,2.0,1.0,116.0,206
6.0,1.0,2.0,2.0,139.0,135
24.0,1.0,1.0,1.0,89.0,44
124.0,0.0,1.0,1.0,157.0,65
21.0,0.0,5.0,7.0,139.0,65
101.0,0.0,1.0,7.0,360.0,100
71.0,1.0,29.0,327.0,365.0,227
28.0,1.0,30.0,13.0,283.0,290
12.0,0.0,3.0,1.0,364.0,70
7.0,0.0,2.0,3.0,0.0,100
1.0,1.0,3.0,49.0,230.0,737
169.0,0.0,1.0,2.0,121.0,40
72.0,0.0,3.0,1.0,341.0,85
21.0,0.0,2.0,1.0,5.0,70
71.0,1.0,30.0,121.0,363.0,239
29.0,1.0,5.0,1.0,0.0,100
19.0,0.0,1.0,4.0,310.0,125
16.0,1.0,3.0,1.0,55.0,195
29.0,1.0,2.0,1.0,151.0,180
6.0,1.0,1.0,1.0,0.0,100
6.0,0.0,3.0,1.0,0.0,40
56.0,0.0,1.0,1.0,115.0,50
90.0,0.0,30.0,4.0,288.0,70
14.0,0.0,1.0,20.0,359.0,159
6.0,0.0,5.0,1.0,0.0,75
107.0,0.0,7.0,1.0,0.0,100
64.0,1.0,3.0,1.0,0.0,375
39.0,0.0,3.0,3.0,97.0,45
14.0,0.0,180.0,1.0,263.0,65
6.0,1.0,3.0,3.0,170.0,150
30.0,0.0,2.0,1.0,0.0,50
12.0,1.0,3.0,2.0,158.0,165
59.0,1.0,1.0,1.0,0.0,175
6.0,1.0,2.0,1.0,202.0,100
11.0,1.0,30.0,39.0,365.0,250
1.0,1.0,30.0,2.0,0.0,160
20.0,2.0,2.0,5.0,274.0,35
142.0,0.0,1.0,1.0,188.0,40
19.0,1.0,7.0,1.0,0.0,390
7.0,2.0,1.0,8.0,199.0,65
7.0,1.0,2.0,1.0,67.0,110
12.0,0.0,1.0,1.0,0.0,120
28.0,1.0,2.0,1.0,0.0,180
31.0,0.0,30.0,103.0,215.0,41
8.0,1.0,1.0,1.0,0.0,150
7.0,0.0,1.0,1.0,365.0,135
15.0,1.0,30.0,2.0,171.0,400
2.0,0.0,2.0,1.0,184.0,150
16.0,0.0,1.0,1.0,230.0,85
13.0,1.0,2.0,1.0,290.0,180
19.0,1.0,1.0,1.0,0.0,206
14.0,1.0,3.0,1.0,0.0,395
23.0,1.0,3.0,1.0,188.0,190
15.0,1.0,2.0,1.0,13.0,215
30.0,1.0,70.0,1.0,37.0,80
6.0,1.0,3.0,2.0,0.0,165
117.0,1.0,2.0,1.0,217.0,78
14.0,0.0,1.0,2.0,0.0,200
87.0,0.0,1.0,3.0,361.0,30
1.0,1.0,3.0,8.0,225.0,380
11.0,1.0,4.0,1.0,127.0,199
113.0,0.0,2.0,1.0,6.0,111
12.0,0.0,4.0,1.0,0.0,85
6.0,1.0,1.0,3.0,59.0,85
117.0,0.0,2.0,2.0,42.0,60
21.0,0.0,1.0,1.0,0.0,44
6.0,1.0,2.0,1.0,280.0,180
15.0,0.0,30.0,7.0,94.0,64
21.0,0.0,2.0,2.0,0.0,60
19.0,1.0,1.0,3.0,0.0,297
21.0,0.0,1.0,1.0,1.0,30
14.0,1.0,30.0,33.0,307.0,164
5.0,1.0,30.0,121.0,365.0,279
48.0,1.0,10.0,1.0,57.0,185
21.0,0.0,15.0,1.0,0.0,47
26.0,1.0,3.0,1.0,19.0,850
12.0,1.0,3.0,1.0,0.0,200
6.0,0.0,1.0,1.0,0.0,47
6.0,1.0,2.0,2.0,18.0,89
19.0,1.0,5.0,1.0,0.0,175
22.0,1.0,3.0,1.0,73.0,100
15.0,0.0,1.0,2.0,0.0,70
26.0,0.0,2.0,1.0,256.0,125
12.0,1.0,3.0,1.0,277.0,325
21.0,2.0,1.0,5.0,365.0,50
4.0,0.0,5.0,1.0,0.0,40
68.0,0.0,1.0,1.0,0.0,200
7.0,0.0,1.0,1.0,0.0,99
28.0,1.0,4.0,1.0,0.0,160
12.0,0.0,2.0,1.0,0.0,75
15.0,1.0,2.0,1.0,308.0,124
25.0,0.0,15.0,2.0,238.0,79
3.0,1.0,2.0,2.0,236.0,170
6.0,0.0,4.0,1.0,0.0,45
24.0,0.0,1.0,7.0,42.0,55
2.0,1.0,2.0,1.0,17.0,118
116.0,1.0,2.0,1.0,340.0,80
13.0,1.0,8.0,1.0,0.0,150
90.0,0.0,1.0,4.0,134.0,75
76.0,0.0,7.0,1.0,0.0,69
68.0,1.0,9.0,1.0,8.0,186
19.0,1.0,9.0,1.0,116.0,230
23.0,0.0,2.0,3.0,0.0,98
25.0,1.0,3.0,2.0,69.0,120
22.0,1.0,7.0,1.0,0.0,80
79.0,0.0,1.0,3.0,84.0,60
25.0,0.0,1.0,1.0,66.0,65
21.0,0.0,1.0,1.0,0.0,30
10.0,0.0,3.0,1.0,5.0,90
28.0,1.0,2.0,1.0,9.0,100
1.0,1.0,4.0,1.0,270.0,295
6.0,0.0,5.0,1.0,3.0,75
117.0,1.0,2.0,1.0,27.0,85
100.0,1.0,2.0,1.0,0.0,80
81.0,1.0,3.0,2.0,22.0,83
21.0,0.0,2.0,3.0,0.0,50
43.0,0.0,13.0,2.0,166.0,59
103.0,0.0,2.0,1.0,0.0,90
21.0,0.0,2.0,1.0,0.0,50
14.0,1.0,2.0,1.0,66.0,162
73.0,0.0,1.0,3.0,85.0,50
52.0,1.0,5.0,1.0,229.0,500
20.0,1.0,7.0,1.0,0.0,120
4.0,1.0,4.0,1.0,99.0,150
54.0,0.0,1.0,4.0,365.0,75
29.0,1.0,30.0,1.0,319.0,250
21.0,0.0,3.0,1.0,0.0,60
15.0,1.0,5.0,1.0,20.0,95
31.0,0.0,2.0,1.0,52.0,45
34.0,1.0,30.0,1.0,67.0,400
6.0,0.0,2.0,6.0,128.0,81
34.0,0.0,4.0,1.0,0.0,70
7.0,0.0,3.0,1.0,365.0,180
2.0,0.0,2.0,1.0,0.0,55
1.0,1.0,30.0,2.0,249.0,159
45.0,0.0,3.0,1.0,246.0,122
4.0,0.0,2.0,1.0,171.0,90
14.0,1.0,3.0,1.0,252.0,195
22.0,0.0,30.0,1.0,0.0,38
30.0,1.0,1.0,1.0,0.0,200
54.0,0.0,2.0,2.0,27.0,80
6.0,2.0,1.0,17.0,88.0,35
43.0,1.0,2.0,327.0,303.0,194
19.0,1.0,3.0,1.0,0.0,300
19.0,1.0,1.0,1.0,365.0,190
19.0,1.0,2.0,1.0,0.0,250
160.0,2.0,5.0,8.0,365.0,30
2.0,0.0,5.0,2.0,364.0,70
49.0,1.0,2.0,1.0,0.0,120
124.0,1.0,2.0,2.0,62.0,125
20.0,1.0,2.0,2.0,7.0,200
2.0,0.0,2.0,3.0,72.0,99
4.0,0.0,1.0,1.0,45.0,60
2.0,1.0,7.0,1.0,43.0,73
1.0,1.0,7.0,1.0,281.0,600
19.0,0.0,30.0,1.0,84.0,61
4.0,0.0,30.0,8.0,352.0,75
1.0,1.0,2.0,1.0,207.0,325
23.0,0.0,7.0,1.0,0.0,100
15.0,0.0,7.0,1.0,95.0,115
12.0,0.0,2.0,1.0,0.0,80
8.0,0.0,1.0,1.0,0.0,110
19.0,1.0,1.0,1.0,0.0,3750
22.0,0.0,3.0,2.0,54.0,40
12.0,1.0,2.0,2.0,271.0,207
15.0,0.0,1.0,1.0,0.0,44
4.0,0.0,1.0,2.0,76.0,100
16.0,1.0,3.0,1.0,0.0,175
21.0,1.0,7.0,1.0,0.0,117
21.0,0.0,3.0,2.0,15.0,70
7.0,1.0,2.0,2.0,261.0,177
2.0,2.0,3.0,2.0,312.0,45
27.0,0.0,1.0,10.0,151.0,129
21.0,2.0,30.0,3.0,365.0,49
0.0,0.0,2.0,3.0,220.0,60
56.0,1.0,2.0,1.0,0.0,119
21.0,1.0,5.0,1.0,152.0,128
98.0,1.0,2.0,1.0,0.0,65
43.0,1.0,7.0,1.0,20.0,180
21.0,0.0,3.0,1.0,0.0,55
6.0,0.0,7.0,2.0,0.0,60
6.0,1.0,7.0,1.0,0.0,200
2.0,1.0,1.0,1.0,265.0,225
12.0,0.0,3.0,1.0,3.0,60
2.0,0.0,14.0,1.0,0.0,75
16.0,1.0,2.0,1.0,13.0,450
4.0,0.0,1.0,1.0,0.0,95
21.0,0.0,2.0,1.0,3.0,49
21.0,0.0,2.0,1.0,3.0,75
22.0,1.0,2.0,2.0,0.0,95
5.0,1.0,5.0,1.0,233.0,250
15.0,1.0,50.0,2.0,225.0,100
28.0,0.0,1.0,3.0,326.0,132
21.0,0.0,30.0,1.0,365.0,40
13.0,1.0,2.0,1.0,71.0,160
1.0,1.0,1.0,1.0,0.0,149
44.0,0.0,30.0,8.0,163.0,45
83.0,0.0,1.0,1.0,30.0,60
24.0,1.0,5.0,1.0,0.0,60
6.0,0.0,4.0,2.0,0.0,41
19.0,0.0,3.0,1.0,0.0,200
29.0,1.0,2.0,1.0,3.0,175
2.0,0.0,3.0,1.0,0.0,50
7.0,1.0,1.0,1.0,0.0,150
6.0,1.0,2.0,1.0,301.0,130
95.0,0.0,2.0,1.0,353.0,65
14.0,0.0,6.0,2.0,0.0,110
12.0,0.0,1.0,1.0,0.0,75
1.0,1.0,30.0,12.0,290.0,140
28.0,1.0,1.0,1.0,0.0,90
8.0,0.0,30.0,10.0,342.0,47
21.0,0.0,1.0,1.0,0.0,120
80.0,0.0,5.0,1.0,188.0,38
21.0,0.0,5.0,2.0,100.0,65
1.0,1.0,2.0,6.0,364.0,2000
1.0,1.0,2.0,1.0,0.0,210
30.0,0.0,2.0,1.0,0.0,70
129.0,0.0,2.0,3.0,330.0,40
12.0,1.0,1.0,3.0,0.0,200
26.0,0.0,30.0,1.0,253.0,57
27.0,0.0,2.0,2.0,340.0,135
79.0,0.0,7.0,1.0,362.0,120
21.0,0.0,3.0,8.0,330.0,75
21.0,0.0,9.0,1.0,0.0,40
6.0,1.0,1.0,2.0,68.0,160
22.0,0.0,2.0,1.0,0.0,40
21.0,0.0,30.0,17.0,327.0,50
21.0,0.0,4.0,1.0,0.0,80
3.0,0.0,4.0,3.0,365.0,165
7.0,1.0,30.0,20.0,333.0,130
27.0,1.0,2.0,1.0,0.0,132
76.0,1.0,3.0,2.0,118.0,113
12.0,0.0,2.0,1.0,32.0,95
6.0,0.0,32.0,1.0,85.0,45
89.0,1.0,5.0,1.0,155.0,75
14.0,0.0,1.0,20.0,160.0,199
22.0,1.0,2.0,1.0,10.0,90
28.0,1.0,30.0,91.0,312.0,117
12.0,0.0,1.0,1.0,0.0,65
124.0,0.0,1.0,2.0,48.0,83
162.0,2.0,2.0,2.0,365.0,27
6.0,0.0,2.0,5.0,201.0,75
2.0,1.0,3.0,1.0,0.0,115
71.0,0.0,1.0,1.0,9.0,195
12.0,1.0,2.0,1.0,0.0,200
79.0,1.0,10.0,1.0,90.0,130
12.0,0.0,1.0,1.0,13.0,80
54.0,1.0,1.0,1.0,48.0,115
12.0,1.0,1.0,2.0,64.0,250
19.0,1.0,100.0,19.0,7.0,87
10.0,1.0,2.0,1.0,250.0,218
21.0,0.0,2.0,1.0,346.0,46
28.0,1.0,30.0,1.0,197.0,109
8.0,0.0,21.0,1.0,177.0,40
6.0,0.0,30.0,5.0,247.0,39
6.0,0.0,1.0,1.0,0.0,45
40.0,1.0,2.0,1.0,0.0,145
172.0,1.0,2.0,5.0,354.0,149
6.0,0.0,1.0,1.0,359.0,100
6.0,0.0,1.0,10.0,260.0,65
21.0,0.0,1.0,1.0,0.0,40
81.0,0.0,1.0,1.0,89.0,300
6.0,1.0,30.0,1.0,318.0,85
162.0,0.0,1.0,2.0,59.0,40
0.0,0.0,1.0,11.0,23.0,45
12.0,0.0,1.0,2.0,0.0,75
59.0,0.0,1.0,1.0,347.0,45
49.0,0.0,2.0,1.0,365.0,100
19.0,0.0,2.0,1.0,0.0,150
12.0,1.0,2.0,1.0,0.0,285
21.0,0.0,1.0,7.0,61.0,44
15.0,0.0,2.0,1.0,179.0,50
55.0,1.0,2.0,1.0,247.0,65
13.0,0.0,2.0,1.0,75.0,86
16.0,1.0,4.0,1.0,0.0,160
56.0,0.0,10.0,1.0,0.0,55
4.0,1.0,5.0,1.0,0.0,100
24.0,1.0,2.0,1.0,29.0,70
79.0,0.0,1.0,2.0,233.0,75
12.0,1.0,1.0,2.0,208.0,164
68.0,1.0,2.0,1.0,194.0,325
19.0,1.0,2.0,1.0,0.0,200
4.0,0.0,4.0,1.0,365.0,89
24.0,1.0,2.0,1.0,10.0,120
28.0,1.0,6.0,1.0,0.0,200
8.0,2.0,1.0,1.0,262.0,70
20.0,0.0,1.0,2.0,83.0,85
26.0,1.0,1.0,1.0,0.0,67
71.0,1.0,30.0,3.0,116.0,140
1.0,0.0,2.0,11.0,217.0,191
20.0,1.0,3.0,1.0,43.0,450
43.0,1.0,2.0,1.0,0.0,200
2.0,0.0,1.0,1.0,179.0,80
7.0,0.0,3.0,1.0,281.0,110
162.0,2.0,1.0,8.0,332.0,24
33.0,1.0,1.0,5.0,365.0,250
79.0,1.0,1.0,1.0,0.0,90
14.0,1.0,30.0,232.0,280.0,303
29.0,1.0,5.0,1.0,0.0,125
2.0,1.0,4.0,1.0,0.0,165
30.0,0.0,21.0,2.0,38.0,55
68.0,0.0,1.0,1.0,365.0,250
19.0,1.0,3.0,1.0,365.0,299
45.0,0.0,1.0,1.0,0.0,30
21.0,1.0,1.0,4.0,64.0,55
46.0,0.0,1.0,4.0,155.0,55
12.0,0.0,2.0,1.0,0.0,99
23.0,1.0,2.0,1.0,279.0,395
19.0,0.0,10.0,1.0,23.0,108
70.0,1.0,2.0,2.0,179.0,75
44.0,0.0,1.0,1.0,158.0,48
4.0,1.0,1.0,1.0,0.0,89
30.0,0.0,2.0,1.0,216.0,60
12.0,1.0,4.0,1.0,1.0,150
1.0,0.0,1.0,1.0,14.0,50
15.0,1.0,10.0,1.0,6.0,88
44.0,0.0,2.0,1.0,0.0,55
52.0,1.0,2.0,2.0,0.0,300
69.0,1.0,2.0,5.0,312.0,142
4.0,0.0,2.0,1.0,161.0,83
44.0,0.0,1.0,1.0,0.0,32
12.0,1.0,2.0,2.0,31.0,215
42.0,0.0,3.0,1.0,42.0,22
24.0,1.0,1.0,1.0,0.0,139
19.0,0.0,2.0,1.0,0.0,100
29.0,1.0,1.0,1.0,0.0,75
6.0,1.0,2.0,1.0,81.0,130
56.0,0.0,1.0,1.0,0.0,119
4.0,0.0,5.0,6.0,6.0,55
14.0,0.0,3.0,1.0,364.0,150
7.0,0.0,3.0,1.0,5.0,95
22.0,1.0,2.0,1.0,0.0,95
26.0,1.0,30.0,8.0,332.0,150
12.0,1.0,10.0,1.0,0.0,150
6.0,1.0,3.0,1.0,0.0,100
25.0,1.0,30.0,2.0,159.0,135
44.0,1.0,3.0,1.0,0.0,125
15.0,0.0,4.0,1.0,174.0,25
6.0,1.0,2.0,2.0,258.0,109
19.0,1.0,6.0,1.0,0.0,500
6.0,0.0,14.0,1.0,0.0,50
56.0,0.0,5.0,1.0,0.0,75
8.0,1.0,1.0,2.0,0.0,399
81.0,0.0,7.0,3.0,21.0,45
7.0,1.0,1.0,1.0,0.0,200
13.0,0.0,2.0,2.0,0.0,75
15.0,1.0,21.0,3.0,0.0,150
101.0,1.0,30.0,1.0,0.0,325
21.0,0.0,3.0,1.0,63.0,59
68.0,1.0,30.0,1.0,0.0,250
34.0,1.0,6.0,1.0,1.0,400
7.0,1.0,3.0,1.0,0.0,137
71.0,1.0,28.0,1.0,331.0,150
9.0,0.0,1.0,4.0,175.0,108
15.0,0.0,2.0,1.0,89.0,130
16.0,1.0,1.0,1.0,0.0,120
106.0,1.0,2.0,1.0,268.0,89
121.0,1.0,1.0,5.0,21.0,126
20.0,0.0,13.0,1.0,0.0,100
39.0,0.0,3.0,1.0,1.0,55
6.0,0.0,4.0,1.0,0.0,40
6.0,1.0,3.0,1.0,296.0,102
11.0,0.0,2.0,1.0,348.0,88
6.0,1.0,1.0,9.0,134.0,139
33.0,1.0,4.0,2.0,3.0,147
19.0,1.0,1.0,4.0,233.0,250
21.0,0.0,1.0,1.0,0.0,60
23.0,0.0,1.0,1.0,0.0,80
76.0,0.0,2.0,4.0,236.0,70
7.0,2.0,1.0,7.0,362.0,75
28.0,0.0,1.0,3.0,0.0,99
61.0,0.0,1.0,1.0,88.0,70
34.0,1.0,3.0,1.0,0.0,265
30.0,1.0,2.0,1.0,35.0,150
28.0,1.0,2.0,1.0,247.0,175
37.0,1.0,3.0,1.0,0.0,90
14.0,0.0,1.0,2.0,0.0,175
111.0,0.0,1.0,4.0,60.0,53
18.0,1.0,1.0,1.0,1.0,71
56.0,1.0,3.0,1.0,1.0,99
6.0,0.0,3.0,1.0,220.0,45
8.0,1.0,3.0,1.0,0.0,199
6.0,0.0,3.0,1.0,83.0,90
7.0,1.0,1.0,1.0,81.0,200
3.0,1.0,30.0,1.0,266.0,200
2.0,2.0,5.0,2.0,363.0,80
19.0,1.0,3.0,1.0,25.0,220
18.0,0.0,7.0,1.0,0.0,50
21.0,0.0,3.0,1.0,0.0,43
15.0,1.0,6.0,1.0,101.0,97
14.0,0.0,1.0,20.0,365.0,199
7.0,1.0,3.0,1.0,341.0,280
68.0,1.0,2.0,1.0,12.0,125
28.0,1.0,30.0,1.0,50.0,100
6.0,1.0,2.0,1.0,326.0,175
12.0,0.0,2.0,2.0,34.0,80
73.0,1.0,1.0,1.0,365.0,2000
8.0,0.0,1.0,1.0,0.0,114
39.0,0.0,3.0,2.0,167.0,65
6.0,0.0,1.0,1.0,349.0,50
68.0,1.0,1.0,1.0,0.0,200
19.0,0.0,2.0,4.0,0.0,90
6.0,0.0,2.0,1.0,0.0,75
15.0,0.0,1.0,2.0,52.0,75
56.0,1.0,5.0,2.0,0.0,150
6.0,1.0,2.0,2.0,0.0,350
4.0,0.0,4.0,1.0,0.0,40
6.0,1.0,1.0,5.0,85.0,90
21.0,1.0,7.0,1.0,124.0,350
8.0,1.0,1.0,1.0,239.0,300
124.0,0.0,1.0,2.0,354.0,50
44.0,1.0,3.0,1.0,107.0,100
13.0,0.0,6.0,2.0,26.0,135
6.0,1.0,1.0,1.0,133.0,165
4.0,1.0,1.0,1.0,86.0,124
0.0,0.0,4.0,1.0,0.0,65
21.0,0.0,7.0,1.0,0.0,41
21.0,1.0,31.0,1.0,295.0,116
80.0,1.0,3.0,2.0,280.0,80
54.0,0.0,1.0,1.0,162.0,80
8.0,1.0,30.0,1.0,15.0,85
49.0,1.0,28.0,1.0,88.0,250
6.0,0.0,3.0,1.0,0.0,90
21.0,1.0,3.0,1.0,15.0,180
6.0,1.0,2.0,2.0,89.0,205
12.0,1.0,2.0,3.0,14.0,175
79.0,1.0,1.0,1.0,0.0,140
4.0,1.0,30.0,2.0,341.0,180
21.0,1.0,3.0,1.0,26.0,100
7.0,1.0,2.0,1.0,0.0,200
54.0,2.0,2.0,2.0,88.0,45
39.0,0.0,2.0,1.0,118.0,60
12.0,0.0,4.0,1.0,0.0,50
6.0,1.0,2.0,3.0,113.0,105
6.0,0.0,4.0,2.0,1.0,53
12.0,0.0,5.0,1.0,0.0,160
2.0,0.0,1.0,1.0,0.0,79
30.0,0.0,6.0,3.0,3.0,55
6.0,1.0,3.0,1.0,115.0,183
54.0,1.0,1.0,1.0,0.0,70
24.0,0.0,2.0,1.0,111.0,75
15.0,1.0,2.0,1.0,298.0,120
6.0,0.0,4.0,1.0,338.0,60
2.0,1.0,4.0,1.0,5.0,133
54.0,1.0,30.0,2.0,221.0,109
45.0,0.0,1.0,1.0,0.0,50
15.0,0.0,14.0,2.0,61.0,55
23.0,0.0,1.0,2.0,0.0,95
20.0,0.0,2.0,1.0,0.0,70
3.0,1.0,3.0,1.0,0.0,140
83.0,2.0,1.0,4.0,365.0,26
9.0,0.0,3.0,1.0,0.0,58
19.0,1.0,3.0,1.0,148.0,478
50.0,1.0,2.0,1.0,346.0,375
162.0,1.0,2.0,6.0,320.0,79
7.0,0.0,1.0,1.0,0.0,200
8.0,1.0,3.0,1.0,0.0,127
79.0,0.0,3.0,1.0,0.0,80
68.0,1.0,1.0,1.0,312.0,250
12.0,0.0,1.0,2.0,73.0,62
103.0,0.0,1.0,5.0,341.0,48
39.0,0.0,30.0,1.0,1.0,35
2.0,1.0,5.0,1.0,0.0,99
20.0,0.0,1.0,1.0,0.0,150
28.0,1.0,7.0,1.0,0.0,75
6.0,0.0,3.0,1.0,13.0,40
21.0,0.0,1.0,1.0,0.0,60
70.0,1.0,30.0,1.0,365.0,150
22.0,0.0,2.0,4.0,0.0,90
38.0,0.0,2.0,1.0,0.0,80
7.0,1.0,1.0,1.0,32.0,560
68.0,1.0,4.0,1.0,0.0,400
30.0,1.0,5.0,1.0,83.0,180
71.0,0.0,1.0,13.0,341.0,100
7.0,1.0,30.0,91.0,0.0,199
43.0,1.0,2.0,1.0,47.0,220
20.0,1.0,1.0,6.0,0.0,50
13.0,1.0,10.0,4.0,350.0,225
12.0,0.0,5.0,1.0,0.0,80
10.0,1.0,7.0,1.0,0.0,300
7.0,1.0,2.0,1.0,7.0,239
44.0,0.0,5.0,1.0,0.0,75
71.0,0.0,1.0,1.0,0.0,150
12.0,0.0,20.0,2.0,363.0,60
128.0,1.0,1.0,2.0,0.0,50
6.0,1.0,4.0,1.0,14.0,95
6.0,1.0,2.0,1.0,0.0,139
16.0,0.0,7.0,2.0,333.0,65
30.0,0.0,3.0,1.0,0.0,48
7.0,1.0,1.0,1.0,0.0,134
8.0,1.0,3.0,1.0,0.0,150
7.0,0.0,3.0,3.0,7.0,98
24.0,1.0,2.0,1.0,0.0,99
83.0,0.0,2.0,6.0,66.0,45
2.0,0.0,14.0,1.0,66.0,75
6.0,2.0,1.0,1.0,342.0,60
82.0,0.0,1.0,5.0,204.0,65
24.0,1.0,4.0,2.0,337.0,175
63.0,0.0,2.0,3.0,365.0,150
12.0,0.0,2.0,1.0,52.0,80
28.0,1.0,3.0,1.0,0.0,10
3.0,0.0,3.0,2.0,6.0,60
30.0,0.0,2.0,1.0,0.0,75
21.0,1.0,2.0,1.0,2.0,190
19.0,1.0,2.0,1.0,0.0,279
28.0,1.0,31.0,1.0,358.0,3600
1.0,1.0,1.0,1.0,35.0,125
22.0,1.0,2.0,1.0,2.0,97
12.0,0.0,2.0,1.0,0.0,85
45.0,0.0,30.0,3.0,328.0,70
21.0,1.0,3.0,2.0,243.0,55
6.0,1.0,28.0,1.0,74.0,85
90.0,1.0,1.0,1.0,329.0,100
52.0,0.0,5.0,3.0,350.0,295
30.0,1.0,5.0,1.0,0.0,95
20.0,1.0,2.0,1.0,0.0,200
21.0,1.0,7.0,1.0,0.0,70
79.0,1.0,2.0,2.0,355.0,259
22.0,0.0,1.0,2.0,51.0,70
25.0,0.0,1.0,1.0,69.0,84
6.0,0.0,3.0,1.0,66.0,55
6.0,0.0,1.0,4.0,189.0,50
83.0,0.0,2.0,1.0,85.0,110
23.0,1.0,2.0,2.0,166.0,249
45.0,1.0,2.0,1.0,0.0,180
152.0,0.0,1.0,3.0,364.0,50
21.0,0.0,1.0,1.0,0.0,35
27.0,2.0,2.0,1.0,0.0,195
64.0,0.0,3.0,1.0,0.0,100
10.0,1.0,2.0,1.0,282.0,162
15.0,0.0,7.0,1.0,81.0,58
57.0,0.0,2.0,1.0,179.0,46
57.0,0.0,3.0,2.0,156.0,40
6.0,0.0,1.0,1.0,39.0,50
36.0,1.0,2.0,1.0,0.0,115
27.0,1.0,3.0,1.0,6.0,500
80.0,0.0,2.0,2.0,110.0,50
34.0,0.0,1.0,17.0,342.0,139
4.0,0.0,1.0,1.0,0.0,85
8.0,1.0,2.0,1.0,0.0,140
86.0,1.0,4.0,4.0,335.0,625
14.0,1.0,4.0,1.0,34.0,550
34.0,0.0,1.0,1.0,82.0,75
25.0,0.0,1.0,1.0,0.0,60
63.0,0.0,1.0,1.0,178.0,78
16.0,1.0,3.0,1.0,0.0,175
6.0,0.0,1.0,1.0,0.0,66
19.0,1.0,2.0,2.0,28.0,260
23.0,1.0,1.0,2.0,0.0,226
7.0,1.0,4.0,2.0,0.0,107
16.0,1.0,1.0,1.0,8.0,120
8.0,1.0,3.0,2.0,0.0,129
56.0,0.0,2.0,1.0,313.0,62
29.0,1.0,3.0,1.0,0.0,150
3.0,1.0,14.0,1.0,0.0,83
2.0,0.0,1.0,2.0,178.0,85
7.0,1.0,1.0,2.0,0.0,305
152.0,0.0,1.0,2.0,347.0,50
3.0,1.0,2.0,1.0,15.0,100
22.0,2.0,1.0,1.0,0.0,25
14.0,0.0,1.0,3.0,0.0,100
19.0,1.0,30.0,39.0,331.0,195
54.0,1.0,2.0,1.0,85.0,120
2.0,1.0,4.0,1.0,46.0,150
28.0,1.0,5.0,1.0,135.0,399
54.0,1.0,1.0,1.0,120.0,85
23.0,1.0,10.0,1.0,0.0,95
8.0,1.0,9.0,1.0,0.0,125
2.0,1.0,1.0,2.0,238.0,105
6.0,1.0,2.0,1.0,6.0,200
24.0,0.0,30.0,1.0,0.0,30
103.0,0.0,1.0,5.0,89.0,60
2.0,0.0,1.0,1.0,74.0,79
103.0,0.0,1.0,5.0,338.0,48
23.0,0.0,1.0,1.0,84.0,69
33.0,1.0,2.0,1.0,196.0,150
16.0,1.0,8.0,1.0,0.0,65
21.0,0.0,5.0,1.0,0.0,32
2.0,1.0,2.0,1.0,6.0,95
30.0,2.0,1.0,1.0,0.0,41
12.0,0.0,3.0,1.0,42.0,60
127.0,0.0,30.0,1.0,85.0,25
10.0,1.0,150.0,1.0,0.0,125
46.0,1.0,1.0,4.0,347.0,485
28.0,1.0,3.0,1.0,0.0,75
19.0,2.0,30.0,1.0,304.0,30
2.0,0.0,2.0,2.0,0.0,69
6.0,1.0,3.0,1.0,0.0,195
19.0,1.0,5.0,1.0,0.0,170
12.0,1.0,3.0,1.0,0.0,123
15.0,0.0,1.0,2.0,88.0,45
10.0,1.0,2.0,1.0,245.0,135
19.0,1.0,1.0,1.0,0.0,140
22.0,0.0,2.0,1.0,17.0,59
7.0,0.0,30.0,47.0,347.0,45
0.0,1.0,13.0,1.0,37.0,93
8.0,0.0,1.0,2.0,117.0,97
21.0,1.0,1.0,1.0,0.0,90
43.0,1.0,29.0,327.0,333.0,179
77.0,1.0,14.0,4.0,298.0,499
7.0,1.0,3.0,1.0,152.0,225
13.0,1.0,3.0,1.0,0.0,150
20.0,1.0,3.0,1.0,0.0,120
28.0,0.0,1.0,2.0,7.0,85
1.0,1.0,8.0,1.0,196.0,115
3.0,1.0,3.0,1.0,54.0,140
147.0,1.0,3.0,1.0,54.0,176
15.0,1.0,4.0,9.0,87.0,459
22.0,0.0,2.0,4.0,2.0,45
12.0,0.0,4.0,1.0,0.0,75
25.0,0.0,14.0,1.0,0.0,70
22.0,0.0,1.0,2.0,90.0,148
56.0,1.0,2.0,1.0,270.0,225
30.0,0.0,2.0,1.0,86.0,55
30.0,1.0,7.0,1.0,294.0,147
20.0,0.0,31.0,3.0,193.0,50
19.0,0.0,1.0,1.0,0.0,69
54.0,0.0,1.0,3.0,37.0,33
11.0,0.0,3.0,1.0,112.0,100
23.0,1.0,26.0,1.0,0.0,90
1.0,1.0,30.0,31.0,133.0,110
6.0,0.0,1.0,1.0,0.0,29
12.0,1.0,5.0,1.0,0.0,295
7.0,0.0,2.0,1.0,0.0,150
4.0,1.0,3.0,1.0,120.0,149
21.0,0.0,7.0,3.0,329.0,65
20.0,0.0,2.0,1.0,0.0,98
5.0,1.0,2.0,1.0,69.0,189
12.0,0.0,2.0,1.0,267.0,94
28.0,1.0,3.0,1.0,0.0,210
21.0,0.0,1.0,3.0,363.0,75
30.0,2.0,1.0,3.0,332.0,32
49.0,0.0,1.0,1.0,157.0,170
28.0,1.0,3.0,1.0,36.0,275
12.0,0.0,1.0,1.0,0.0,89
8.0,0.0,2.0,1.0,0.0,175
12.0,1.0,4.0,1.0,50.0,225
2.0,0.0,2.0,3.0,98.0,64
28.0,1.0,2.0,1.0,0.0,155
141.0,0.0,1.0,1.0,271.0,51
29.0,1.0,6.0,1.0,0.0,150
28.0,1.0,31.0,33.0,248.0,300
67.0,2.0,3.0,4.0,50.0,35
5.0,1.0,29.0,327.0,338.0,172
12.0,1.0,5.0,1.0,38.0,550
49.0,1.0,2.0,1.0,26.0,130
28.0,1.0,3.0,1.0,0.0,195
23.0,1.0,3.0,1.0,228.0,125
19.0,1.0,2.0,1.0,0.0,150
2.0,1.0,1.0,1.0,0.0,150
56.0,1.0,2.0,1.0,257.0,115
8.0,1.0,30.0,5.0,286.0,109
83.0,0.0,30.0,37.0,1.0,43
19.0,1.0,2.0,1.0,156.0,121
7.0,1.0,1.0,1.0,365.0,1000
1.0,0.0,30.0,1.0,0.0,48
12.0,1.0,2.0,2.0,268.0,200
43.0,1.0,30.0,232.0,324.0,285
6.0,0.0,5.0,1.0,0.0,65
21.0,1.0,1.0,1.0,88.0,172
8.0,1.0,3.0,1.0,25.0,225
56.0,0.0,2.0,1.0,89.0,70
12.0,1.0,3.0,1.0,0.0,100
59.0,0.0,6.0,2.0,0.0,45
182.0,0.0,2.0,2.0,0.0,99
2.0,1.0,7.0,1.0,38.0,70
7.0,1.0,3.0,3.0,8.0,290
12.0,0.0,2.0,1.0,0.0,65
6.0,0.0,2.0,2.0,0.0,70
15.0,1.0,30.0,1.0,61.0,70
2.0,0.0,3.0,2.0,88.0,85
6.0,1.0,3.0,1.0,312.0,195
39.0,1.0,2.0,1.0,0.0,110
4.0,1.0,3.0,1.0,272.0,300
23.0,1.0,14.0,2.0,221.0,133
11.0,1.0,10.0,2.0,0.0,350
31.0,0.0,30.0,103.0,215.0,60
19.0,1.0,4.0,1.0,0.0,180
54.0,0.0,3.0,1.0,189.0,60
39.0,1.0,14.0,1.0,0.0,95
20.0,1.0,2.0,1.0,14.0,100
11.0,0.0,1.0,2.0,75.0,125
5.0,1.0,3.0,1.0,248.0,210
117.0,0.0,15.0,1.0,0.0,40
6.0,1.0,7.0,1.0,1.0,159
6.0,0.0,2.0,1.0,0.0,45
7.0,1.0,5.0,2.0,0.0,115
8.0,1.0,30.0,52.0,365.0,95
2.0,0.0,1.0,1.0,0.0,55
6.0,0.0,1.0,2.0,82.0,60
37.0,0.0,2.0,3.0,342.0,55
189.0,1.0,5.0,1.0,305.0,85
69.0,0.0,2.0,4.0,172.0,47
20.0,1.0,3.0,1.0,11.0,94
3.0,0.0,2.0,1.0,0.0,100
23.0,1.0,14.0,1.0,0.0,135
28.0,1.0,2.0,1.0,0.0,230
4.0,1.0,3.0,3.0,0.0,264
6.0,0.0,4.0,1.0,0.0,45
85.0,1.0,2.0,1.0,352.0,130
5.0,2.0,2.0,3.0,358.0,43
2.0,1.0,2.0,1.0,0.0,98
28.0,0.0,3.0,1.0,0.0,70
79.0,1.0,2.0,1.0,2.0,73
22.0,0.0,2.0,4.0,0.0,75
3.0,0.0,3.0,1.0,189.0,45
23.0,0.0,1.0,2.0,0.0,85
24.0,1.0,1.0,1.0,0.0,130
111.0,0.0,2.0,1.0,129.0,75
28.0,1.0,3.0,1.0,0.0,110
17.0,1.0,4.0,3.0,0.0,150
7.0,1.0,30.0,31.0,350.0,200
30.0,0.0,1.0,1.0,0.0,45
6.0,1.0,14.0,1.0,0.0,120
106.0,2.0,1.0,2.0,148.0,37
183.0,0.0,2.0,2.0,171.0,38
6.0,1.0,4.0,1.0,130.0,179
20.0,1.0,4.0,1.0,121.0,250
111.0,2.0,1.0,4.0,365.0,35
6.0,0.0,1.0,2.0,47.0,63
56.0,0.0,5.0,4.0,90.0,70
56.0,1.0,1.0,1.0,316.0,96
45.0,0.0,14.0,2.0,164.0,55
6.0,1.0,1.0,3.0,162.0,600
19.0,1.0,4.0,2.0,17.0,89
1.0,1.0,1.0,1.0,139.0,260
28.0,1.0,30.0,1.0,196.0,275
4.0,0.0,2.0,2.0,0.0,60
6.0,1.0,5.0,1.0,280.0,300
12.0,1.0,3.0,2.0,0.0,110
68.0,1.0,90.0,1.0,0.0,220
17.0,1.0,4.0,2.0,87.0,450
15.0,1.0,1.0,2.0,300.0,67
71.0,1.0,4.0,1.0,26.0,400
19.0,0.0,1.0,1.0,0.0,120
166.0,0.0,1.0,3.0,35.0,65
56.0,1.0,3.0,1.0,0.0,100
12.0,1.0,1.0,1.0,0.0,120
90.0,2.0,12.0,12.0,0.0,30
72.0,1.0,3.0,1.0,253.0,75
7.0,1.0,1.0,3.0,334.0,300
43.0,1.0,29.0,327.0,334.0,197
21.0,0.0,2.0,1.0,0.0,45
36.0,1.0,30.0,1.0,12.0,124
83.0,0.0,1.0,1.0,0.0,70
15.0,0.0,14.0,1.0,0.0,31
19.0,0.0,1.0,1.0,0.0,65
15.0,0.0,1.0,1.0,0.0,88
1.0,1.0,1.0,2.0,0.0,400
28.0,1.0,2.0,1.0,0.0,150
6.0,1.0,30.0,2.0,139.0,103
28.0,0.0,30.0,1.0,236.0,70
4.0,1.0,2.0,1.0,8.0,100
1.0,1.0,3.0,1.0,0.0,250
175.0,0.0,1.0,1.0,179.0,79
7.0,0.0,1.0,3.0,149.0,150
7.0,1.0,30.0,52.0,331.0,125
15.0,1.0,1.0,1.0,0.0,75
12.0,1.0,2.0,1.0,308.0,270
44.0,1.0,28.0,1.0,365.0,80
7.0,1.0,3.0,1.0,271.0,200
51.0,0.0,1.0,2.0,0.0,80
7.0,0.0,1.0,1.0,0.0,139
12.0,1.0,2.0,1.0,0.0,100
9.0,1.0,4.0,1.0,7.0,125
28.0,1.0,2.0,1.0,9.0,190
29.0,0.0,3.0,1.0,0.0,66
21.0,0.0,30.0,9.0,196.0,34
14.0,1.0,2.0,1.0,365.0,300
54.0,0.0,2.0,4.0,360.0,100
55.0,1.0,3.0,1.0,166.0,120
33.0,1.0,1.0,2.0,0.0,74
43.0,1.0,29.0,96.0,299.0,232
6.0,0.0,2.0,1.0,0.0,85
4.0,0.0,1.0,4.0,365.0,79
21.0,0.0,10.0,1.0,349.0,65
7.0,1.0,3.0,1.0,48.0,250
26.0,1.0,30.0,1.0,256.0,650
12.0,1.0,4.0,2.0,22.0,95
43.0,1.0,29.0,96.0,282.0,219
21.0,1.0,4.0,3.0,54.0,175
11.0,1.0,3.0,1.0,328.0,250
103.0,0.0,2.0,1.0,176.0,65
27.0,0.0,1.0,1.0,0.0,89
1.0,1.0,7.0,1.0,4.0,106
12.0,1.0,2.0,1.0,214.0,300
15.0,0.0,4.0,4.0,170.0,55
8.0,1.0,2.0,1.0,0.0,85
172.0,0.0,1.0,3.0,287.0,27
19.0,1.0,6.0,1.0,0.0,120
5.0,0.0,1.0,1.0,0.0,200
79.0,1.0,3.0,1.0,3.0,150
25.0,1.0,7.0,1.0,62.0,90
21.0,0.0,1.0,1.0,0.0,43
8.0,1.0,30.0,25.0,329.0,275
7.0,1.0,1.0,1.0,311.0,250
30.0,0.0,7.0,1.0,0.0,31
167.0,0.0,1.0,1.0,0.0,150
6.0,0.0,7.0,1.0,72.0,99
7.0,1.0,2.0,3.0,110.0,199
56.0,1.0,1.0,2.0,162.0,130
7.0,0.0,5.0,1.0,179.0,98
59.0,0.0,2.0,1.0,86.0,69
157.0,0.0,5.0,5.0,365.0,65
123.0,1.0,2.0,1.0,275.0,115
103.0,0.0,2.0,1.0,10.0,40
6.0,0.0,14.0,1.0,0.0,49
6.0,0.0,2.0,34.0,282.0,65
4.0,0.0,14.0,1.0,55.0,60
8.0,0.0,7.0,3.0,0.0,76
28.0,1.0,5.0,1.0,235.0,155
7.0,1.0,14.0,1.0,34.0,155
20.0,0.0,4.0,2.0,246.0,94
81.0,0.0,1.0,1.0,15.0,30
28.0,1.0,3.0,1.0,0.0,150
12.0,1.0,3.0,1.0,342.0,150
6.0,1.0,3.0,1.0,4.0,100
39.0,2.0,1.0,3.0,140.0,30
84.0,0.0,30.0,1.0,98.0,85
3.0,0.0,30.0,11.0,231.0,95
21.0,1.0,4.0,2.0,8.0,150
12.0,1.0,30.0,1.0,298.0,200
56.0,0.0,2.0,2.0,8.0,75
21.0,0.0,2.0,1.0,76.0,65
4.0,0.0,1.0,1.0,126.0,59
43.0,1.0,4.0,1.0,79.0,225
7.0,0.0,1.0,1.0,0.0,70
15.0,0.0,1.0,1.0,330.0,60
12.0,1.0,2.0,1.0,59.0,225
22.0,1.0,3.0,1.0,0.0,95
124.0,1.0,2.0,2.0,360.0,249
85.0,0.0,3.0,3.0,358.0,50
81.0,0.0,1.0,1.0,0.0,74
26.0,0.0,3.0,1.0,0.0,99
2.0,0.0,2.0,4.0,180.0,160
15.0,0.0,2.0,2.0,57.0,55
27.0,1.0,4.0,1.0,329.0,500
45.0,1.0,3.0,1.0,40.0,103
68.0,1.0,6.0,1.0,43.0,165
56.0,0.0,1.0,2.0,25.0,62
15.0,0.0,2.0,7.0,325.0,85
17.0,1.0,10.0,1.0,23.0,150
19.0,1.0,2.0,1.0,0.0,199
1.0,1.0,1.0,1.0,341.0,165
117.0,1.0,2.0,1.0,55.0,125
45.0,1.0,3.0,1.0,282.0,150
17.0,1.0,7.0,3.0,0.0,250
0.0,1.0,4.0,1.0,0.0,115
20.0,1.0,3.0,2.0,277.0,150
2.0,1.0,3.0,1.0,278.0,165
19.0,1.0,3.0,1.0,80.0,450
54.0,0.0,1.0,1.0,179.0,80
1.0,0.0,7.0,1.0,0.0,120
52.0,1.0,2.0,1.0,300.0,150
69.0,0.0,4.0,5.0,0.0,63
20.0,1.0,30.0,52.0,358.0,149
6.0,0.0,15.0,14.0,0.0,65
2.0,0.0,1.0,1.0,365.0,100
23.0,1.0,4.0,2.0,3.0,127
6.0,1.0,3.0,1.0,329.0,200
7.0,1.0,3.0,1.0,5.0,235
28.0,1.0,30.0,121.0,336.0,115
12.0,0.0,7.0,1.0,0.0,69
12.0,1.0,2.0,1.0,157.0,90
33.0,1.0,2.0,1.0,0.0,189
1.0,1.0,2.0,1.0,22.0,250
18.0,0.0,4.0,1.0,0.0,50
21.0,0.0,15.0,2.0,0.0,70
28.0,1.0,30.0,3.0,283.0,125
8.0,1.0,2.0,1.0,0.0,228
12.0,1.0,1.0,1.0,0.0,129
54.0,0.0,1.0,6.0,365.0,99
1.0,1.0,30.0,31.0,132.0,99
8.0,0.0,3.0,2.0,38.0,89
25.0,0.0,1.0,2.0,7.0,55
152.0,0.0,2.0,3.0,357.0,44
4.0,1.0,30.0,1.0,112.0,280
20.0,0.0,5.0,3.0,1.0,52
8.0,0.0,30.0,5.0,188.0,167
143.0,0.0,1.0,2.0,157.0,45
6.0,1.0,3.0,1.0,0.0,125
23.0,0.0,1.0,1.0,0.0,70
90.0,0.0,1.0,3.0,361.0,80
12.0,1.0,3.0,1.0,254.0,203
6.0,0.0,1.0,2.0,18.0,29
12.0,1.0,2.0,1.0,0.0,140
21.0,0.0,3.0,1.0,27.0,70
23.0,1.0,4.0,1.0,29.0,140
20.0,2.0,1.0,1.0,0.0,185
19.0,0.0,3.0,3.0,357.0,150
30.0,0.0,3.0,1.0,2.0,60
21.0,1.0,3.0,1.0,92.0,135
79.0,0.0,3.0,1.0,299.0,85
12.0,0.0,2.0,2.0,52.0,60
23.0,0.0,2.0,2.0,255.0,125
4.0,1.0,2.0,1.0,267.0,177
79.0,1.0,7.0,1.0,0.0,180
7.0,1.0,29.0,327.0,302.0,180
20.0,1.0,4.0,1.0,0.0,109
14.0,0.0,1.0,1.0,1.0,150
43.0,0.0,5.0,2.0,365.0,210
56.0,0.0,2.0,1.0,87.0,80
21.0,0.0,2.0,2.0,349.0,65
12.0,1.0,5.0,1.0,101.0,188
6.0,1.0,1.0,1.0,0.0,110
72.0,1.0,30.0,1.0,358.0,90
12.0,1.0,2.0,1.0,0.0,210
111.0,0.0,1.0,8.0,0.0,45
6.0,0.0,2.0,1.0,91.0,71
16.0,1.0,4.0,1.0,0.0,325
162.0,2.0,1.0,6.0,365.0,45
18.0,1.0,3.0,1.0,0.0,120
6.0,1.0,2.0,1.0,0.0,90
192.0,0.0,1.0,5.0,330.0,69
6.0,1.0,2.0,1.0,171.0,160
8.0,1.0,5.0,2.0,156.0,390
23.0,1.0,3.0,1.0,205.0,329
19.0,1.0,2.0,1.0,139.0,398
165.0,0.0,3.0,3.0,308.0,40
67.0,0.0,3.0,1.0,324.0,39
39.0,0.0,30.0,103.0,216.0,43
8.0,0.0,3.0,1.0,3.0,80
71.0,1.0,29.0,327.0,333.0,220
70.0,1.0,2.0,1.0,0.0,120
21.0,0.0,30.0,43.0,203.0,50
5.0,1.0,30.0,87.0,115.0,179
11.0,0.0,2.0,1.0,92.0,105
43.0,0.0,1.0,1.0,0.0,150
10.0,0.0,1.0,2.0,0.0,112
22.0,0.0,2.0,2.0,0.0,70
22.0,0.0,1.0,1.0,0.0,30
15.0,1.0,30.0,2.0,173.0,400
24.0,1.0,2.0,1.0,0.0,100
210.0,2.0,3.0,1.0,88.0,32
21.0,1.0,3.0,1.0,355.0,300
2.0,0.0,1.0,1.0,74.0,59
2.0,1.0,28.0,2.0,310.0,376
83.0,0.0,3.0,2.0,155.0,50
21.0,0.0,1.0,1.0,0.0,75
12.0,1.0,3.0,1.0,107.0,325
6.0,0.0,30.0,4.0,284.0,40
12.0,1.0,2.0,2.0,69.0,160
2.0,1.0,3.0,1.0,192.0,165
19.0,0.0,1.0,1.0,0.0,89
56.0,1.0,1.0,1.0,0.0,70
12.0,1.0,2.0,1.0,0.0,149
6.0,0.0,1.0,1.0,45.0,110
14.0,1.0,2.0,1.0,221.0,299
7.0,1.0,30.0,1.0,9.0,190
8.0,0.0,31.0,1.0,83.0,139
30.0,0.0,7.0,1.0,0.0,29
12.0,1.0,1.0,1.0,0.0,300
28.0,0.0,2.0,1.0,0.0,90
4.0,0.0,5.0,1.0,80.0,65
90.0,2.0,9.0,12.0,0.0,18
6.0,1.0,4.0,1.0,13.0,120
9.0,1.0,3.0,1.0,215.0,202
12.0,0.0,14.0,1.0,0.0,65
46.0,0.0,1.0,1.0,71.0,53
2.0,0.0,4.0,1.0,0.0,69
22.0,0.0,1.0,2.0,89.0,180
12.0,0.0,87.0,1.0,173.0,60
173.0,0.0,3.0,1.0,36.0,45
19.0,1.0,2.0,1.0,0.0,200
60.0,0.0,2.0,1.0,296.0,99
32.0,1.0,3.0,1.0,2.0,100
106.0,0.0,2.0,1.0,67.0,100
129.0,1.0,5.0,2.0,0.0,170
8.0,1.0,1.0,1.0,175.0,105
19.0,1.0,5.0,1.0,224.0,190
26.0,1.0,5.0,1.0,248.0,199
7.0,1.0,3.0,1.0,0.0,200
24.0,0.0,2.0,4.0,170.0,65
19.0,1.0,6.0,1.0,0.0,155
152.0,1.0,1.0,1.0,297.0,60
113.0,0.0,10.0,2.0,0.0,70
44.0,0.0,30.0,10.0,323.0,47
6.0,1.0,28.0,5.0,226.0,122
28.0,1.0,30.0,9.0,331.0,300
28.0,1.0,3.0,1.0,0.0,135
15.0,1.0,3.0,2.0,88.0,70
12.0,0.0,6.0,2.0,3.0,100
15.0,1.0,2.0,3.0,271.0,99
20.0,1.0,2.0,1.0,12.0,220
21.0,0.0,2.0,1.0,0.0,55
6.0,1.0,1.0,9.0,238.0,139
26.0,1.0,3.0,1.0,365.0,339
6.0,1.0,1.0,1.0,0.0,65
30.0,0.0,3.0,1.0,144.0,80
6.0,1.0,3.0,1.0,52.0,100
23.0,0.0,1.0,1.0,7.0,83
84.0,1.0,2.0,1.0,282.0,125
4.0,1.0,1.0,3.0,353.0,150
9.0,1.0,2.0,1.0,0.0,140
19.0,1.0,2.0,1.0,361.0,199
30.0,0.0,3.0,3.0,137.0,75
26.0,1.0,2.0,1.0,0.0,200
12.0,1.0,7.0,1.0,345.0,200
27.0,1.0,2.0,1.0,30.0,225
14.0,1.0,4.0,1.0,0.0,143
20.0,0.0,1.0,2.0,49.0,75
2.0,2.0,1.0,1.0,23.0,50
14.0,1.0,1.0,1.0,0.0,800
79.0,1.0,2.0,1.0,19.0,130
12.0,0.0,7.0,1.0,0.0,70
61.0,1.0,1.0,2.0,158.0,125
15.0,1.0,2.0,1.0,0.0,130
4.0,0.0,30.0,1.0,262.0,100
3.0,1.0,2.0,1.0,60.0,150
8.0,1.0,2.0,1.0,0.0,140
21.0,0.0,2.0,8.0,349.0,65
2.0,1.0,2.0,1.0,0.0,140
165.0,1.0,3.0,1.0,317.0,131
19.0,0.0,4.0,1.0,0.0,90
19.0,0.0,1.0,1.0,41.0,90
28.0,1.0,3.0,1.0,15.0,135
117.0,1.0,7.0,1.0,0.0,85
124.0,1.0,3.0,1.0,0.0,100
22.0,1.0,3.0,3.0,311.0,99
1.0,1.0,30.0,14.0,365.0,190
26.0,1.0,2.0,1.0,3.0,175
1.0,1.0,30.0,121.0,352.0,239
77.0,1.0,2.0,1.0,17.0,259
71.0,1.0,4.0,1.0,0.0,190
1.0,1.0,30.0,87.0,365.0,200
8.0,0.0,1.0,4.0,0.0,80
1.0,1.0,2.0,1.0,226.0,130
12.0,1.0,1.0,1.0,0.0,85
60.0,0.0,3.0,1.0,42.0,145
26.0,1.0,2.0,1.0,66.0,275
2.0,0.0,1.0,1.0,4.0,65
30.0,0.0,2.0,1.0,321.0,75
28.0,1.0,2.0,1.0,0.0,110
24.0,1.0,4.0,1.0,0.0,75
6.0,0.0,1.0,1.0,0.0,85
11.0,1.0,4.0,1.0,0.0,169
12.0,0.0,3.0,2.0,0.0,100
82.0,1.0,1.0,4.0,85.0,120
3.0,1.0,3.0,1.0,41.0,130
13.0,0.0,28.0,2.0,77.0,57
18.0,0.0,30.0,2.0,0.0,50
8.0,0.0,5.0,1.0,16.0,140
19.0,0.0,1.0,1.0,1.0,97
70.0,0.0,2.0,4.0,159.0,45
8.0,0.0,1.0,1.0,0.0,48
26.0,1.0,5.0,1.0,0.0,220
5.0,1.0,30.0,1.0,58.0,168
113.0,1.0,7.0,1.0,0.0,170
12.0,0.0,1.0,1.0,0.0,75
8.0,1.0,3.0,1.0,0.0,349
44.0,0.0,2.0,1.0,0.0,70
21.0,1.0,3.0,1.0,17.0,150
6.0,0.0,15.0,11.0,189.0,48
1.0,0.0,1.0,2.0,0.0,145
129.0,1.0,4.0,2.0,113.0,106
43.0,1.0,2.0,327.0,347.0,231
2.0,1.0,2.0,1.0,0.0,80
28.0,1.0,30.0,8.0,311.0,80
28.0,1.0,1.0,1.0,0.0,350
30.0,0.0,5.0,3.0,1.0,79
36.0,1.0,30.0,1.0,54.0,210
12.0,0.0,2.0,1.0,0.0,62
84.0,0.0,1.0,1.0,365.0,38
4.0,1.0,3.0,1.0,74.0,250
19.0,1.0,5.0,1.0,0.0,135
21.0,0.0,1.0,6.0,160.0,59
12.0,0.0,1.0,2.0,0.0,55
21.0,0.0,8.0,1.0,8.0,60
19.0,1.0,1.0,1.0,0.0,99
71.0,0.0,1.0,7.0,362.0,299
19.0,0.0,1.0,1.0,0.0,100
49.0,0.0,2.0,1.0,112.0,60
27.0,1.0,2.0,1.0,0.0,195
128.0,0.0,2.0,3.0,188.0,38
24.0,1.0,5.0,1.0,8.0,79
24.0,0.0,3.0,3.0,311.0,75
21.0,0.0,1.0,1.0,205.0,60
60.0,0.0,4.0,1.0,96.0,80
8.0,1.0,1.0,1.0,7.0,375
21.0,0.0,1.0,1.0,0.0,25
83.0,1.0,2.0,1.0,346.0,170
14.0,1.0,30.0,87.0,57.0,195
32.0,1.0,1.0,1.0,24.0,125
6.0,1.0,7.0,1.0,56.0,160
12.0,0.0,6.0,2.0,358.0,51
11.0,1.0,3.0,1.0,10.0,260
8.0,1.0,4.0,1.0,0.0,85
2.0,1.0,7.0,4.0,33.0,100
6.0,1.0,3.0,2.0,277.0,135
2.0,0.0,3.0,1.0,0.0,40
28.0,0.0,2.0,1.0,75.0,149
1.0,1.0,3.0,12.0,0.0,269
121.0,1.0,2.0,1.0,45.0,150
6.0,0.0,1.0,1.0,161.0,70
8.0,1.0,30.0,1.0,0.0,240
4.0,1.0,2.0,1.0,185.0,179
171.0,0.0,3.0,1.0,290.0,59
14.0,1.0,30.0,232.0,320.0,291
19.0,1.0,12.0,1.0,0.0,140
39.0,0.0,3.0,2.0,0.0,60
21.0,0.0,15.0,1.0,354.0,39
14.0,1.0,30.0,1.0,275.0,350
2.0,1.0,1.0,1.0,0.0,125
11.0,1.0,1.0,1.0,0.0,350
6.0,0.0,3.0,6.0,158.0,78
7.0,1.0,2.0,1.0,0.0,275
8.0,0.0,1.0,1.0,178.0,82
103.0,0.0,1.0,4.0,349.0,65
70.0,0.0,3.0,2.0,363.0,68
21.0,1.0,4.0,1.0,126.0,137
2.0,0.0,2.0,4.0,0.0,120
14.0,1.0,60.0,1.0,0.0,160
1.0,1.0,12.0,1.0,110.0,333
2.0,0.0,1.0,5.0,0.0,200
15.0,0.0,1.0,1.0,0.0,50
12.0,1.0,3.0,1.0,0.0,270
155.0,1.0,7.0,2.0,14.0,75
43.0,0.0,2.0,1.0,0.0,210
25.0,0.0,14.0,1.0,61.0,55
14.0,1.0,180.0,1.0,180.0,375
38.0,1.0,2.0,1.0,23.0,200
21.0,0.0,4.0,2.0,0.0,50
6.0,1.0,2.0,1.0,35.0,135
19.0,0.0,3.0,2.0,0.0,100
1.0,1.0,30.0,232.0,325.0,338
87.0,0.0,1.0,4.0,0.0,50
14.0,1.0,3.0,1.0,0.0,349
18.0,1.0,30.0,1.0,8.0,106
15.0,1.0,5.0,1.0,0.0,70
68.0,1.0,5.0,1.0,182.0,399
6.0,1.0,7.0,2.0,5.0,149
2.0,0.0,2.0,1.0,0.0,90
19.0,1.0,3.0,1.0,0.0,199
11.0,0.0,3.0,1.0,34.0,150
21.0,0.0,5.0,1.0,250.0,75
8.0,1.0,2.0,1.0,0.0,125
11.0,1.0,4.0,1.0,84.0,239
24.0,0.0,1.0,7.0,58.0,55
84.0,0.0,3.0,1.0,317.0,51
7.0,1.0,30.0,121.0,365.0,239
6.0,1.0,2.0,2.0,270.0,161
4.0,1.0,7.0,2.0,0.0,125
52.0,1.0,5.0,1.0,0.0,118
2.0,0.0,3.0,1.0,0.0,50
23.0,1.0,1.0,3.0,217.0,299
7.0,0.0,2.0,3.0,316.0,134
6.0,1.0,2.0,1.0,341.0,159
38.0,1.0,2.0,1.0,311.0,300
7.0,0.0,4.0,1.0,0.0,87
19.0,1.0,1.0,1.0,0.0,300
56.0,0.0,3.0,1.0,156.0,60
21.0,0.0,7.0,2.0,332.0,60
12.0,0.0,2.0,1.0,46.0,85
7.0,1.0,2.0,1.0,0.0,499
79.0,1.0,3.0,1.0,156.0,109
19.0,1.0,2.0,1.0,0.0,135
2.0,0.0,3.0,1.0,39.0,80
70.0,0.0,7.0,13.0,116.0,35
28.0,1.0,14.0,2.0,95.0,168
2.0,1.0,30.0,1.0,0.0,120
28.0,1.0,30.0,1.0,66.0,150
54.0,1.0,3.0,1.0,167.0,75
39.0,1.0,4.0,2.0,298.0,149
6.0,0.0,1.0,1.0,0.0,55
28.0,1.0,2.0,1.0,83.0,175
15.0,1.0,3.0,1.0,0.0,50
81.0,0.0,1.0,1.0,239.0,50
13.0,0.0,30.0,25.0,219.0,48
2.0,1.0,3.0,1.0,25.0,150
126.0,2.0,1.0,3.0,47.0,55
56.0,1.0,3.0,1.0,76.0,250
124.0,1.0,1.0,1.0,162.0,300
7.0,0.0,2.0,3.0,133.0,175
8.0,1.0,2.0,1.0,177.0,305
15.0,0.0,4.0,4.0,281.0,45
14.0,1.0,30.0,1.0,89.0,216
7.0,1.0,45.0,12.0,365.0,160
15.0,0.0,1.0,1.0,0.0,50
19.0,1.0,5.0,1.0,163.0,325
12.0,1.0,3.0,1.0,344.0,248
11.0,0.0,4.0,1.0,307.0,156
37.0,0.0,2.0,1.0,0.0,100
126.0,0.0,30.0,103.0,235.0,36
18.0,0.0,30.0,37.0,1.0,29
26.0,0.0,2.0,1.0,33.0,133
28.0,1.0,60.0,1.0,0.0,119
12.0,0.0,2.0,3.0,365.0,86
28.0,0.0,1.0,2.0,0.0,100
19.0,1.0,10.0,1.0,16.0,300
28.0,0.0,2.0,6.0,341.0,700
99.0,1.0,1.0,3.0,104.0,89
23.0,1.0,7.0,1.0,290.0,150
56.0,1.0,3.0,2.0,355.0,170
12.0,0.0,5.0,1.0,0.0,70
12.0,1.0,3.0,1.0,249.0,250
19.0,1.0,4.0,1.0,0.0,150
15.0,1.0,30.0,1.0,264.0,125
79.0,0.0,1.0,1.0,0.0,55
20.0,1.0,3.0,1.0,157.0,170
34.0,1.0,31.0,2.0,110.0,109
23.0,0.0,15.0,28.0,184.0,91
30.0,0.0,2.0,1.0,152.0,70
21.0,1.0,1.0,2.0,331.0,135
100.0,0.0,2.0,1.0,67.0,70
103.0,0.0,1.0,1.0,36.0,65
59.0,1.0,1.0,1.0,84.0,95
43.0,2.0,1.0,1.0,357.0,65
28.0,1.0,2.0,1.0,0.0,150
71.0,0.0,1.0,13.0,335.0,100
6.0,0.0,1.0,1.0,0.0,38
15.0,0.0,6.0,1.0,0.0,40
15.0,0.0,5.0,7.0,308.0,70
93.0,0.0,1.0,4.0,73.0,50
43.0,0.0,2.0,327.0,332.0,258
7.0,1.0,7.0,1.0,308.0,200
34.0,0.0,1.0,2.0,20.0,55
21.0,1.0,1.0,1.0,0.0,150
20.0,1.0,1.0,1.0,0.0,75
15.0,0.0,21.0,5.0,331.0,49
52.0,1.0,2.0,1.0,310.0,250
7.0,1.0,5.0,2.0,142.0,128
86.0,0.0,1.0,2.0,362.0,65
24.0,1.0,1.0,1.0,0.0,75
53.0,0.0,28.0,3.0,147.0,70
121.0,0.0,1.0,2.0,301.0,43
12.0,0.0,1.0,1.0,0.0,65
6.0,1.0,2.0,2.0,342.0,125
22.0,1.0,1.0,2.0,365.0,1000
2.0,0.0,1.0,1.0,180.0,82
103.0,0.0,1.0,1.0,332.0,50
6.0,0.0,2.0,4.0,82.0,80
12.0,0.0,5.0,2.0,359.0,70
0.0,1.0,4.0,1.0,5.0,90
4.0,1.0,5.0,1.0,35.0,180
21.0,0.0,3.0,1.0,0.0,50
8.0,1.0,4.0,1.0,68.0,200
17.0,1.0,4.0,1.0,275.0,170
6.0,1.0,30.0,2.0,105.0,103
27.0,0.0,1.0,3.0,91.0,105
56.0,0.0,2.0,1.0,123.0,250
6.0,1.0,3.0,1.0,189.0,149
56.0,1.0,3.0,1.0,53.0,190
54.0,0.0,2.0,4.0,362.0,50
28.0,1.0,2.0,1.0,0.0,180
1.0,0.0,3.0,2.0,170.0,250
6.0,0.0,2.0,1.0,83.0,175
30.0,0.0,30.0,1.0,249.0,65
27.0,0.0,21.0,1.0,0.0,80
32.0,1.0,14.0,1.0,17.0,115
22.0,1.0,6.0,1.0,0.0,95
17.0,0.0,2.0,2.0,0.0,90
64.0,0.0,6.0,1.0,0.0,80
13.0,1.0,3.0,1.0,0.0,1200
7.0,0.0,1.0,2.0,76.0,120
171.0,1.0,1.0,1.0,336.0,125
30.0,0.0,1.0,1.0,0.0,38
15.0,1.0,7.0,1.0,35.0,175
43.0,0.0,1.0,1.0,0.0,80
21.0,0.0,3.0,1.0,0.0,90
144.0,0.0,3.0,1.0,179.0,40
60.0,0.0,1.0,3.0,2.0,55
25.0,0.0,2.0,1.0,0.0,60
14.0,1.0,3.0,2.0,58.0,150
22.0,1.0,2.0,6.0,87.0,75
87.0,0.0,1.0,1.0,123.0,80
2.0,0.0,1.0,2.0,90.0,100
7.0,0.0,3.0,1.0,0.0,100
19.0,0.0,3.0,1.0,294.0,84
21.0,0.0,2.0,1.0,61.0,60
177.0,0.0,1.0,4.0,365.0,80
21.0,0.0,7.0,1.0,16.0,42
44.0,0.0,1.0,2.0,329.0,60
21.0,0.0,10.0,1.0,0.0,55
19.0,0.0,1.0,5.0,317.0,260
37.0,0.0,1.0,7.0,329.0,55
94.0,0.0,1.0,18.0,90.0,93
15.0,1.0,3.0,1.0,0.0,155
12.0,0.0,30.0,3.0,19.0,67
2.0,0.0,1.0,2.0,340.0,73
7.0,1.0,30.0,23.0,365.0,199
21.0,0.0,2.0,2.0,0.0,55
2.0,1.0,1.0,1.0,0.0,85
12.0,0.0,2.0,2.0,0.0,70
21.0,0.0,1.0,1.0,0.0,50
126.0,0.0,30.0,103.0,251.0,49
12.0,0.0,6.0,2.0,0.0,70
29.0,1.0,6.0,1.0,0.0,115
56.0,1.0,1.0,1.0,0.0,150
6.0,0.0,1.0,1.0,365.0,150
7.0,1.0,30.0,121.0,185.0,479
15.0,1.0,2.0,1.0,12.0,100
21.0,1.0,15.0,1.0,7.0,50
28.0,0.0,1.0,5.0,0.0,80
64.0,1.0,5.0,1.0,0.0,149
7.0,1.0,1.0,1.0,0.0,160
4.0,1.0,2.0,1.0,1.0,125
209.0,1.0,1.0,1.0,178.0,670
19.0,0.0,30.0,9.0,310.0,69
81.0,0.0,1.0,4.0,0.0,55
31.0,0.0,2.0,1.0,16.0,35
97.0,0.0,3.0,1.0,0.0,245
3.0,0.0,4.0,1.0,26.0,119
8.0,1.0,5.0,1.0,4.0,200
15.0,1.0,3.0,1.0,0.0,90
44.0,0.0,35.0,10.0,365.0,47
6.0,0.0,1.0,1.0,0.0,70
24.0,0.0,3.0,4.0,0.0,40
56.0,1.0,4.0,1.0,0.0,300
43.0,1.0,2.0,327.0,299.0,245
56.0,0.0,2.0,3.0,35.0,75
113.0,0.0,30.0,1.0,17.0,65
22.0,1.0,7.0,1.0,0.0,175
23.0,1.0,1.0,1.0,0.0,225
29.0,0.0,2.0,2.0,3.0,85
37.0,0.0,1.0,9.0,337.0,85
29.0,1.0,2.0,1.0,13.0,120
172.0,0.0,1.0,3.0,261.0,22
21.0,0.0,1.0,1.0,25.0,49
6.0,0.0,2.0,1.0,9.0,42
81.0,0.0,30.0,103.0,247.0,38
12.0,1.0,2.0,1.0,2.0,200
1.0,1.0,3.0,49.0,235.0,737
25.0,1.0,2.0,1.0,40.0,300
22.0,0.0,1.0,1.0,0.0,50
6.0,1.0,3.0,1.0,88.0,110
141.0,0.0,2.0,1.0,0.0,87
6.0,0.0,3.0,1.0,364.0,150
12.0,0.0,3.0,1.0,0.0,75
88.0,0.0,1.0,1.0,35.0,59
116.0,2.0,1.0,2.0,362.0,43
12.0,0.0,3.0,2.0,282.0,130
81.0,1.0,2.0,1.0,315.0,125
12.0,1.0,2.0,1.0,296.0,150
21.0,0.0,3.0,1.0,0.0,35
6.0,1.0,2.0,1.0,0.0,116
12.0,0.0,2.0,1.0,5.0,78
7.0,1.0,15.0,1.0,52.0,250
13.0,1.0,3.0,1.0,0.0,120
6.0,0.0,1.0,1.0,0.0,63
4.0,0.0,4.0,1.0,0.0,65
21.0,1.0,1.0,2.0,349.0,148
22.0,1.0,1.0,1.0,0.0,85
21.0,1.0,3.0,3.0,255.0,225
15.0,0.0,7.0,1.0,0.0,39
12.0,0.0,1.0,1.0,0.0,55
54.0,0.0,3.0,5.0,311.0,46
21.0,0.0,2.0,2.0,303.0,47
2.0,0.0,2.0,4.0,180.0,160
27.0,1.0,30.0,121.0,342.0,822
64.0,1.0,7.0,1.0,0.0,215
16.0,0.0,1.0,1.0,89.0,250
7.0,1.0,1.0,1.0,125.0,295
56.0,1.0,3.0,1.0,13.0,125
88.0,1.0,3.0,1.0,0.0,80
19.0,1.0,3.0,1.0,58.0,330
100.0,1.0,2.0,1.0,167.0,100
79.0,0.0,1.0,8.0,127.0,39
4.0,0.0,2.0,1.0,14.0,99
28.0,1.0,7.0,1.0,34.0,145
21.0,0.0,7.0,1.0,0.0,50
6.0,0.0,1.0,7.0,41.0,69
93.0,0.0,1.0,4.0,89.0,43
2.0,0.0,4.0,2.0,0.0,39
6.0,1.0,2.0,1.0,0.0,70
28.0,1.0,60.0,13.0,155.0,150
6.0,0.0,5.0,1.0,281.0,68
28.0,1.0,4.0,1.0,0.0,110
15.0,0.0,1.0,1.0,0.0,60
15.0,1.0,3.0,3.0,100.0,350
73.0,0.0,1.0,3.0,83.0,32
12.0,0.0,1.0,2.0,0.0,100
8.0,2.0,3.0,1.0,302.0,68
8.0,0.0,2.0,1.0,0.0,86
7.0,1.0,1.0,1.0,0.0,225
24.0,1.0,3.0,1.0,284.0,107
6.0,1.0,3.0,2.0,97.0,550
14.0,1.0,30.0,39.0,289.0,155
32.0,1.0,2.0,1.0,0.0,200
102.0,1.0,2.0,1.0,112.0,328
28.0,0.0,5.0,4.0,145.0,195
19.0,1.0,5.0,1.0,0.0,90
10.0,1.0,3.0,1.0,266.0,120
44.0,1.0,1.0,1.0,77.0,215
67.0,1.0,2.0,3.0,97.0,99
28.0,1.0,6.0,1.0,128.0,100
6.0,1.0,3.0,1.0,66.0,600
8.0,1.0,30.0,96.0,250.0,330
12.0,0.0,9.0,1.0,0.0,50
90.0,1.0,14.0,2.0,33.0,130
6.0,1.0,4.0,1.0,0.0,95
3.0,0.0,31.0,1.0,54.0,40
32.0,1.0,5.0,1.0,26.0,195
14.0,1.0,1.0,1.0,86.0,60
70.0,1.0,5.0,1.0,139.0,80
3.0,0.0,3.0,2.0,150.0,59
20.0,0.0,3.0,1.0,0.0,60
11.0,1.0,2.0,1.0,51.0,275
173.0,0.0,3.0,4.0,8.0,50
152.0,1.0,1.0,7.0,160.0,175
28.0,1.0,3.0,1.0,0.0,118
8.0,1.0,4.0,1.0,0.0,150
6.0,0.0,4.0,3.0,330.0,54
11.0,1.0,4.0,2.0,289.0,375
21.0,1.0,3.0,1.0,0.0,110
21.0,0.0,2.0,1.0,204.0,65
46.0,1.0,2.0,1.0,0.0,55
21.0,1.0,3.0,1.0,23.0,160
12.0,1.0,1.0,2.0,39.0,99
81.0,1.0,3.0,1.0,101.0,95
4.0,1.0,4.0,1.0,332.0,220
12.0,0.0,1.0,1.0,0.0,100
117.0,1.0,5.0,1.0,105.0,85
43.0,0.0,3.0,3.0,12.0,113
12.0,0.0,2.0,1.0,246.0,89
23.0,0.0,28.0,1.0,0.0,62
79.0,0.0,2.0,5.0,224.0,39
49.0,0.0,85.0,1.0,228.0,35
63.0,1.0,2.0,2.0,0.0,175
10.0,1.0,3.0,2.0,226.0,190
12.0,1.0,30.0,1.0,330.0,165
4.0,1.0,1.0,1.0,0.0,100
11.0,1.0,30.0,232.0,234.0,269
4.0,0.0,1.0,1.0,0.0,65
12.0,0.0,3.0,1.0,98.0,110
100.0,0.0,2.0,3.0,354.0,49
1.0,1.0,30.0,49.0,332.0,230
28.0,1.0,1.0,1.0,0.0,100
39.0,2.0,1.0,2.0,0.0,50
8.0,1.0,30.0,12.0,233.0,300
17.0,0.0,2.0,2.0,86.0,60
6.0,0.0,30.0,37.0,54.0,28
14.0,0.0,2.0,1.0,0.0,109
37.0,1.0,30.0,15.0,281.0,90
52.0,1.0,1.0,1.0,50.0,159
6.0,2.0,3.0,34.0,359.0,39
27.0,1.0,1.0,1.0,308.0,275
2.0,0.0,4.0,3.0,0.0,123
72.0,0.0,1.0,1.0,364.0,65
151.0,1.0,2.0,1.0,360.0,200
5.0,1.0,30.0,23.0,365.0,135
8.0,1.0,30.0,16.0,200.0,135
1.0,1.0,30.0,91.0,342.0,133
43.0,1.0,2.0,327.0,323.0,230
95.0,1.0,7.0,1.0,69.0,125
21.0,0.0,2.0,1.0,267.0,62
2.0,1.0,2.0,1.0,214.0,220
5.0,1.0,30.0,50.0,365.0,111
13.0,1.0,6.0,1.0,0.0,142
7.0,1.0,6.0,1.0,364.0,450
116.0,0.0,7.0,4.0,320.0,65
19.0,0.0,1.0,1.0,0.0,1700
54.0,1.0,3.0,4.0,327.0,115
31.0,1.0,3.0,1.0,180.0,120
6.0,0.0,21.0,2.0,0.0,31
2.0,0.0,5.0,7.0,314.0,58
17.0,1.0,2.0,1.0,0.0,125
20.0,1.0,2.0,1.0,0.0,160
12.0,0.0,12.0,1.0,11.0,66
1.0,1.0,1.0,1.0,365.0,590
81.0,0.0,1.0,8.0,174.0,52
44.0,0.0,3.0,1.0,64.0,79
6.0,0.0,2.0,1.0,0.0,60
8.0,1.0,5.0,1.0,0.0,90
19.0,1.0,60.0,1.0,0.0,120
28.0,1.0,3.0,1.0,35.0,126
6.0,1.0,3.0,1.0,14.0,130
100.0,1.0,1.0,1.0,360.0,125
20.0,0.0,6.0,1.0,0.0,55
24.0,0.0,1.0,1.0,97.0,89
71.0,1.0,5.0,1.0,117.0,249
1.0,1.0,5.0,1.0,0.0,210
28.0,1.0,3.0,1.0,0.0,110
8.0,0.0,4.0,1.0,0.0,64
45.0,0.0,2.0,1.0,0.0,70
7.0,1.0,3.0,1.0,251.0,383
43.0,1.0,2.0,327.0,332.0,234
76.0,0.0,2.0,1.0,0.0,80
2.0,1.0,3.0,1.0,0.0,150
56.0,0.0,1.0,1.0,341.0,50
6.0,1.0,1.0,1.0,0.0,130
80.0,0.0,2.0,3.0,52.0,56
2.0,1.0,2.0,1.0,0.0,100
2.0,1.0,2.0,1.0,9.0,150
28.0,1.0,29.0,327.0,335.0,184
79.0,1.0,5.0,1.0,0.0,150
198.0,1.0,2.0,1.0,81.0,110
61.0,1.0,30.0,1.0,365.0,125
19.0,0.0,1.0,1.0,0.0,85
94.0,1.0,1.0,1.0,208.0,105
52.0,1.0,3.0,1.0,307.0,245
12.0,1.0,5.0,1.0,35.0,128
43.0,1.0,3.0,1.0,0.0,315
12.0,0.0,3.0,1.0,0.0,35
23.0,1.0,1.0,1.0,328.0,180
4.0,1.0,1.0,1.0,0.0,109
79.0,0.0,20.0,3.0,20.0,50
19.0,0.0,120.0,1.0,173.0,75
8.0,1.0,3.0,1.0,0.0,80
6.0,1.0,2.0,1.0,22.0,200
9.0,1.0,7.0,1.0,0.0,300
20.0,1.0,5.0,2.0,0.0,175
124.0,2.0,7.0,1.0,362.0,60
26.0,1.0,30.0,1.0,338.0,225
45.0,0.0,7.0,1.0,0.0,50
2.0,0.0,3.0,3.0,224.0,135
56.0,0.0,2.0,1.0,0.0,70
1.0,1.0,4.0,1.0,32.0,200
6.0,0.0,45.0,1.0,0.0,60
2.0,1.0,5.0,1.0,177.0,170
16.0,1.0,1.0,1.0,8.0,150
20.0,1.0,2.0,1.0,7.0,240
12.0,1.0,2.0,1.0,246.0,312
27.0,0.0,1.0,7.0,276.0,100
2.0,1.0,10.0,1.0,95.0,100
87.0,1.0,10.0,1.0,0.0,65
15.0,1.0,3.0,2.0,0.0,160
45.0,1.0,7.0,1.0,0.0,145
11.0,0.0,1.0,5.0,310.0,999
23.0,0.0,1.0,1.0,41.0,70
28.0,1.0,30.0,1.0,265.0,159
127.0,0.0,3.0,1.0,49.0,39
94.0,0.0,2.0,1.0,90.0,200
12.0,1.0,3.0,1.0,302.0,160
162.0,2.0,2.0,6.0,365.0,30
20.0,0.0,3.0,1.0,0.0,50
24.0,0.0,7.0,1.0,53.0,40
38.0,1.0,5.0,3.0,333.0,400
12.0,0.0,4.0,2.0,0.0,50
56.0,1.0,2.0,1.0,0.0,140
8.0,0.0,14.0,1.0,15.0,50
7.0,1.0,30.0,121.0,365.0,199
28.0,1.0,4.0,1.0,104.0,190
41.0,0.0,2.0,1.0,57.0,68
52.0,1.0,3.0,1.0,0.0,225
23.0,1.0,32.0,5.0,243.0,100
25.0,1.0,3.0,1.0,164.0,250
2.0,1.0,1.0,1.0,0.0,99
8.0,1.0,2.0,1.0,337.0,200
28.0,0.0,1.0,1.0,0.0,100
81.0,2.0,1.0,2.0,271.0,15
30.0,0.0,1.0,1.0,0.0,75
54.0,0.0,3.0,7.0,341.0,80
4.0,0.0,2.0,1.0,168.0,90
2.0,0.0,1.0,1.0,358.0,75
7.0,1.0,2.0,1.0,129.0,295
12.0,0.0,40.0,1.0,324.0,50
103.0,1.0,1.0,3.0,80.0,128
3.0,0.0,3.0,2.0,120.0,60
8.0,1.0,30.0,16.0,201.0,99
19.0,0.0,1.0,1.0,0.0,190
45.0,0.0,4.0,1.0,0.0,65
6.0,0.0,1.0,4.0,0.0,53
21.0,1.0,3.0,2.0,231.0,149
7.0,2.0,1.0,6.0,314.0,70
6.0,1.0,1.0,1.0,0.0,60
2.0,1.0,4.0,1.0,0.0,135
19.0,1.0,7.0,1.0,32.0,165
12.0,0.0,1.0,1.0,59.0,85
52.0,1.0,2.0,1.0,0.0,200
54.0,0.0,1.0,1.0,364.0,89
44.0,2.0,31.0,4.0,365.0,26
53.0,0.0,3.0,1.0,10.0,120
26.0,1.0,2.0,1.0,0.0,195
5.0,1.0,60.0,232.0,188.0,262
23.0,1.0,2.0,1.0,97.0,585
1.0,1.0,2.0,13.0,246.0,198
23.0,0.0,2.0,1.0,296.0,125
44.0,0.0,3.0,1.0,291.0,71
17.0,1.0,3.0,1.0,121.0,180
15.0,0.0,4.0,1.0,0.0,44
5.0,1.0,7.0,3.0,43.0,150
44.0,1.0,20.0,2.0,161.0,110
21.0,1.0,2.0,2.0,0.0,143
7.0,2.0,2.0,5.0,188.0,299
4.0,0.0,1.0,2.0,127.0,95
7.0,0.0,1.0,30.0,334.0,199
13.0,1.0,1.0,1.0,40.0,95
12.0,1.0,3.0,1.0,0.0,170
73.0,1.0,4.0,2.0,360.0,85
6.0,0.0,1.0,1.0,0.0,68
30.0,0.0,3.0,1.0,0.0,47
23.0,1.0,1.0,1.0,0.0,118
56.0,0.0,2.0,1.0,67.0,60
12.0,1.0,2.0,1.0,14.0,200
45.0,0.0,2.0,1.0,0.0,100
7.0,0.0,1.0,30.0,156.0,107
25.0,0.0,2.0,1.0,140.0,95
16.0,0.0,30.0,43.0,361.0,54
14.0,1.0,4.0,1.0,0.0,125
6.0,1.0,2.0,2.0,55.0,150
23.0,0.0,15.0,1.0,35.0,90
3.0,0.0,1.0,1.0,0.0,43
6.0,0.0,1.0,2.0,80.0,65
6.0,1.0,2.0,3.0,329.0,149
8.0,1.0,1.0,1.0,0.0,125
20.0,0.0,1.0,2.0,44.0,56
43.0,1.0,2.0,1.0,163.0,245
12.0,1.0,2.0,1.0,0.0,150
21.0,1.0,5.0,1.0,1.0,125
30.0,0.0,3.0,1.0,60.0,85
1.0,1.0,1.0,1.0,40.0,409
2.0,0.0,5.0,1.0,188.0,50
71.0,1.0,30.0,232.0,318.0,303
26.0,2.0,2.0,3.0,348.0,39
7.0,0.0,7.0,47.0,355.0,62
102.0,1.0,30.0,1.0,331.0,172
54.0,1.0,3.0,1.0,291.0,103
56.0,1.0,1.0,1.0,211.0,99
54.0,1.0,1.0,1.0,244.0,45
25.0,0.0,1.0,1.0,0.0,70
3.0,1.0,6.0,1.0,203.0,70
8.0,0.0,1.0,4.0,1.0,79
70.0,0.0,3.0,2.0,23.0,50
39.0,1.0,4.0,1.0,0.0,85
12.0,0.0,3.0,1.0,0.0,93
12.0,0.0,1.0,1.0,292.0,120
56.0,0.0,1.0,1.0,0.0,120
37.0,0.0,1.0,4.0,77.0,59
2.0,0.0,2.0,1.0,0.0,80
51.0,0.0,2.0,1.0,0.0,60
7.0,1.0,30.0,18.0,365.0,534
6.0,0.0,7.0,1.0,0.0,41
15.0,0.0,4.0,1.0,84.0,45
10.0,1.0,4.0,1.0,20.0,210
12.0,0.0,27.0,2.0,154.0,65
12.0,0.0,2.0,3.0,0.0,70
28.0,1.0,31.0,33.0,326.0,300
19.0,0.0,10.0,2.0,0.0,150
98.0,0.0,1.0,1.0,90.0,60
61.0,1.0,2.0,2.0,345.0,84
23.0,1.0,1.0,1.0,162.0,185
12.0,1.0,2.0,1.0,0.0,250
36.0,1.0,2.0,1.0,1.0,200
11.0,1.0,30.0,232.0,285.0,341
21.0,0.0,2.0,1.0,0.0,62
37.0,0.0,7.0,1.0,89.0,50
19.0,0.0,30.0,1.0,238.0,95
26.0,1.0,3.0,1.0,277.0,276
12.0,1.0,3.0,1.0,197.0,140
0.0,1.0,2.0,1.0,0.0,150
23.0,0.0,2.0,2.0,7.0,75
7.0,1.0,3.0,1.0,201.0,499
12.0,1.0,3.0,3.0,257.0,245
18.0,0.0,5.0,2.0,90.0,70
67.0,2.0,1.0,1.0,363.0,100
49.0,0.0,1.0,4.0,308.0,50
87.0,0.0,2.0,1.0,319.0,54
28.0,1.0,4.0,1.0,0.0,115
44.0,0.0,7.0,1.0,0.0,35
8.0,0.0,1.0,1.0,0.0,75
44.0,1.0,20.0,1.0,28.0,55
1.0,1.0,3.0,49.0,153.0,737
23.0,0.0,3.0,1.0,28.0,80
2.0,0.0,2.0,1.0,0.0,40
124.0,0.0,1.0,1.0,0.0,150
12.0,1.0,7.0,1.0,0.0,275
23.0,1.0,28.0,1.0,38.0,124
11.0,0.0,2.0,1.0,0.0,120
12.0,0.0,1.0,2.0,0.0,80
8.0,1.0,3.0,1.0,283.0,225
8.0,1.0,5.0,1.0,0.0,170
27.0,1.0,2.0,1.0,0.0,295
77.0,1.0,4.0,1.0,124.0,700
3.0,0.0,3.0,3.0,362.0,79
12.0,1.0,2.0,1.0,331.0,451
22.0,0.0,2.0,2.0,68.0,80
64.0,1.0,5.0,1.0,0.0,225
47.0,1.0,4.0,4.0,314.0,115
3.0,1.0,2.0,1.0,104.0,124
7.0,1.0,3.0,1.0,259.0,250
198.0,1.0,1.0,2.0,280.0,275
2.0,1.0,1.0,2.0,301.0,250
19.0,1.0,2.0,1.0,28.0,249
100.0,1.0,3.0,1.0,317.0,175
19.0,1.0,3.0,2.0,326.0,175
202.0,0.0,2.0,3.0,89.0,65
20.0,1.0,3.0,28.0,60.0,199
21.0,0.0,1.0,1.0,0.0,35
11.0,1.0,30.0,96.0,327.0,450
2.0,1.0,2.0,2.0,0.0,150
22.0,1.0,2.0,1.0,222.0,70
21.0,1.0,2.0,2.0,308.0,180
1.0,1.0,4.0,1.0,0.0,125
21.0,0.0,4.0,1.0,0.0,49
1.0,1.0,4.0,1.0,0.0,200
12.0,0.0,7.0,2.0,0.0,50
6.0,0.0,3.0,5.0,316.0,70
71.0,1.0,30.0,232.0,332.0,316
23.0,1.0,30.0,9.0,197.0,99
33.0,1.0,1.0,1.0,164.0,170
26.0,1.0,1.0,9.0,337.0,350
13.0,0.0,30.0,25.0,334.0,48
4.0,1.0,2.0,1.0,36.0,100
30.0,0.0,9.0,1.0,0.0,45
12.0,1.0,30.0,1.0,310.0,200
16.0,0.0,5.0,1.0,189.0,75
12.0,0.0,20.0,4.0,275.0,70
19.0,1.0,3.0,1.0,0.0,110
4.0,2.0,2.0,9.0,10.0,49
56.0,1.0,30.0,4.0,134.0,58
2.0,0.0,1.0,2.0,293.0,125
63.0,0.0,1.0,1.0,0.0,75
21.0,0.0,1.0,1.0,0.0,50
79.0,0.0,3.0,2.0,108.0,50
13.0,0.0,1.0,2.0,364.0,77
46.0,0.0,1.0,3.0,349.0,70
12.0,0.0,182.0,1.0,157.0,66
12.0,0.0,30.0,1.0,0.0,45
6.0,1.0,2.0,1.0,0.0,110
15.0,1.0,3.0,1.0,0.0,125
7.0,1.0,30.0,23.0,364.0,195
4.0,1.0,5.0,3.0,8.0,99
56.0,0.0,4.0,1.0,93.0,95
23.0,0.0,5.0,1.0,0.0,69
4.0,0.0,1.0,1.0,84.0,169
28.0,1.0,1.0,1.0,0.0,149
24.0,1.0,3.0,1.0,73.0,150
6.0,0.0,3.0,4.0,89.0,40
89.0,0.0,1.0,1.0,352.0,59
2.0,0.0,7.0,1.0,312.0,90
23.0,0.0,1.0,2.0,365.0,128
12.0,1.0,20.0,1.0,327.0,100
31.0,0.0,30.0,103.0,252.0,59
28.0,1.0,4.0,1.0,128.0,79
30.0,0.0,1.0,1.0,0.0,45
12.0,1.0,2.0,1.0,77.0,300
6.0,1.0,9.0,2.0,55.0,100
13.0,0.0,30.0,25.0,341.0,48
54.0,0.0,2.0,2.0,158.0,80
6.0,1.0,30.0,21.0,221.0,172
46.0,0.0,1.0,18.0,180.0,135
13.0,0.0,3.0,1.0,35.0,75
9.0,1.0,1.0,1.0,183.0,80
28.0,0.0,1.0,1.0,0.0,100
11.0,1.0,1.0,1.0,61.0,299
28.0,1.0,7.0,1.0,14.0,130
76.0,1.0,7.0,2.0,232.0,120
71.0,1.0,3.0,1.0,216.0,185
12.0,1.0,1.0,1.0,155.0,259
6.0,1.0,1.0,3.0,21.0,109
39.0,0.0,1.0,3.0,323.0,50
6.0,2.0,3.0,2.0,0.0,68
79.0,0.0,1.0,3.0,121.0,73
19.0,1.0,1.0,4.0,20.0,180
19.0,1.0,30.0,1.0,179.0,425
181.0,1.0,2.0,1.0,160.0,75
24.0,0.0,2.0,4.0,88.0,55
8.0,0.0,1.0,1.0,1.0,100
25.0,1.0,3.0,2.0,334.0,400
144.0,0.0,1.0,1.0,364.0,70
166.0,0.0,1.0,3.0,310.0,37
68.0,1.0,4.0,1.0,0.0,310
6.0,1.0,3.0,1.0,4.0,125
21.0,1.0,2.0,1.0,297.0,220
3.0,1.0,3.0,1.0,84.0,150
124.0,0.0,1.0,1.0,308.0,50
8.0,0.0,30.0,32.0,365.0,60
162.0,0.0,1.0,1.0,115.0,75
8.0,1.0,2.0,1.0,0.0,380
12.0,1.0,3.0,1.0,335.0,280
28.0,1.0,3.0,1.0,0.0,135
23.0,1.0,3.0,1.0,191.0,200
12.0,0.0,4.0,3.0,0.0,79
6.0,0.0,2.0,1.0,0.0,64
12.0,0.0,3.0,1.0,0.0,65
28.0,0.0,2.0,1.0,89.0,100
6.0,1.0,1.0,1.0,0.0,95
6.0,0.0,9.0,1.0,0.0,58
23.0,1.0,1.0,1.0,0.0,140
44.0,0.0,1.0,3.0,76.0,180
34.0,0.0,3.0,1.0,0.0,50
45.0,1.0,4.0,1.0,0.0,150
117.0,2.0,1.0,4.0,21.0,32
19.0,1.0,2.0,4.0,0.0,300
12.0,0.0,7.0,1.0,281.0,66
56.0,0.0,2.0,1.0,16.0,120
12.0,1.0,4.0,1.0,25.0,179
3.0,1.0,2.0,1.0,0.0,145
147.0,1.0,7.0,1.0,19.0,95
12.0,1.0,7.0,1.0,0.0,108
121.0,1.0,5.0,1.0,0.0,195
120.0,1.0,1.0,1.0,16.0,95
68.0,1.0,2.0,1.0,66.0,690
3.0,0.0,4.0,1.0,347.0,50
6.0,0.0,30.0,5.0,140.0,43
70.0,1.0,2.0,1.0,356.0,99
71.0,0.0,1.0,7.0,300.0,100
21.0,0.0,3.0,1.0,0.0,65
15.0,0.0,2.0,1.0,0.0,35
71.0,1.0,29.0,327.0,340.0,157
28.0,1.0,30.0,5.0,0.0,125
71.0,1.0,30.0,1.0,168.0,160
7.0,0.0,1.0,1.0,0.0,180
12.0,1.0,3.0,1.0,182.0,358
28.0,0.0,1.0,1.0,311.0,120
2.0,1.0,2.0,1.0,22.0,181
2.0,1.0,3.0,1.0,78.0,95
30.0,0.0,1.0,3.0,0.0,120
30.0,0.0,3.0,5.0,18.0,95
7.0,1.0,4.0,1.0,61.0,180
8.0,1.0,4.0,1.0,301.0,699
20.0,1.0,30.0,1.0,34.0,70
12.0,0.0,1.0,2.0,269.0,120
7.0,0.0,5.0,1.0,0.0,90
8.0,1.0,5.0,1.0,7.0,550
20.0,0.0,5.0,1.0,0.0,65
28.0,1.0,3.0,2.0,212.0,239
21.0,0.0,1.0,1.0,0.0,115
43.0,1.0,3.0,1.0,339.0,189
19.0,1.0,30.0,2.0,56.0,165
2.0,0.0,7.0,1.0,0.0,59
6.0,0.0,4.0,1.0,9.0,50
15.0,0.0,5.0,1.0,69.0,35
23.0,1.0,1.0,2.0,317.0,200
0.0,1.0,2.0,1.0,66.0,100
56.0,1.0,4.0,1.0,2.0,69
20.0,1.0,3.0,1.0,0.0,66
0.0,0.0,500.0,1.0,358.0,45
43.0,1.0,2.0,1.0,235.0,235
15.0,1.0,7.0,1.0,146.0,100
7.0,0.0,3.0,3.0,86.0,45
12.0,0.0,1.0,1.0,0.0,70
12.0,1.0,14.0,1.0,0.0,160
100.0,0.0,2.0,2.0,0.0,58
58.0,1.0,2.0,13.0,365.0,105
3.0,0.0,30.0,6.0,332.0,97
2.0,0.0,1.0,1.0,89.0,35
12.0,1.0,4.0,1.0,6.0,325
7.0,0.0,15.0,1.0,0.0,189
71.0,1.0,30.0,49.0,356.0,560
32.0,1.0,5.0,1.0,9.0,208
12.0,0.0,2.0,1.0,0.0,80
8.0,1.0,3.0,1.0,63.0,249
7.0,0.0,1.0,12.0,270.0,110
46.0,0.0,1.0,2.0,365.0,50
25.0,0.0,5.0,1.0,0.0,57
37.0,1.0,7.0,1.0,0.0,65
4.0,1.0,6.0,1.0,161.0,110
21.0,0.0,1.0,4.0,61.0,65
16.0,0.0,7.0,1.0,0.0,85
12.0,0.0,2.0,1.0,30.0,55
28.0,1.0,30.0,16.0,333.0,155
19.0,1.0,30.0,1.0,0.0,250
28.0,1.0,30.0,1.0,0.0,130
28.0,0.0,22.0,1.0,0.0,52
71.0,1.0,5.0,1.0,0.0,800
1.0,0.0,3.0,1.0,0.0,115
2.0,1.0,1.0,1.0,0.0,125
20.0,1.0,5.0,1.0,0.0,175
81.0,1.0,7.0,1.0,0.0,115
111.0,2.0,3.0,1.0,177.0,50
19.0,1.0,2.0,1.0,87.0,225
2.0,0.0,30.0,6.0,1.0,63
8.0,1.0,14.0,1.0,0.0,150
6.0,1.0,5.0,1.0,32.0,85
7.0,1.0,3.0,1.0,0.0,135
6.0,0.0,1.0,1.0,0.0,50
2.0,1.0,30.0,1.0,200.0,130
12.0,0.0,10.0,1.0,0.0,50
84.0,1.0,1.0,1.0,9.0,150
46.0,1.0,1.0,4.0,177.0,60
97.0,1.0,4.0,1.0,0.0,190
38.0,1.0,4.0,1.0,0.0,230
45.0,0.0,1.0,1.0,0.0,120
37.0,0.0,2.0,1.0,153.0,40
70.0,0.0,2.0,2.0,354.0,150
19.0,0.0,30.0,8.0,364.0,82
45.0,0.0,1.0,1.0,165.0,89
4.0,1.0,3.0,1.0,0.0,161
70.0,2.0,4.0,1.0,270.0,100
7.0,0.0,3.0,2.0,0.0,105
7.0,1.0,7.0,1.0,0.0,98
6.0,1.0,30.0,3.0,141.0,500
14.0,1.0,1.0,1.0,0.0,240
28.0,1.0,7.0,1.0,15.0,299
43.0,1.0,3.0,1.0,0.0,150
8.0,2.0,1.0,1.0,0.0,80
23.0,1.0,2.0,1.0,239.0,255
142.0,0.0,4.0,2.0,77.0,70
6.0,1.0,2.0,1.0,50.0,96
6.0,1.0,2.0,1.0,287.0,150
20.0,1.0,5.0,1.0,0.0,120
37.0,1.0,3.0,2.0,178.0,135
22.0,1.0,5.0,1.0,0.0,85
28.0,2.0,30.0,6.0,323.0,45
6.0,0.0,2.0,1.0,33.0,75
44.0,0.0,2.0,1.0,326.0,52
3.0,1.0,2.0,1.0,0.0,175
16.0,0.0,3.0,1.0,6.0,60
6.0,1.0,1.0,2.0,365.0,500
7.0,1.0,30.0,20.0,268.0,130
23.0,1.0,4.0,1.0,67.0,225
6.0,1.0,2.0,1.0,42.0,155
59.0,0.0,2.0,4.0,364.0,65
19.0,0.0,1.0,1.0,0.0,70
15.0,0.0,1.0,2.0,151.0,125
56.0,0.0,1.0,1.0,0.0,47
4.0,0.0,1.0,10.0,350.0,50
11.0,1.0,30.0,1.0,156.0,160
12.0,1.0,1.0,1.0,0.0,124
19.0,1.0,3.0,1.0,17.0,180
38.0,1.0,3.0,1.0,0.0,125
5.0,1.0,30.0,50.0,147.0,175
8.0,0.0,1.0,3.0,16.0,76
45.0,1.0,5.0,2.0,0.0,200
43.0,1.0,1.0,1.0,181.0,75
43.0,0.0,4.0,1.0,90.0,150
28.0,1.0,1.0,1.0,221.0,160
191.0,1.0,4.0,1.0,363.0,100
6.0,1.0,2.0,2.0,357.0,175
49.0,0.0,1.0,1.0,0.0,60
12.0,1.0,2.0,1.0,11.0,120
33.0,1.0,1.0,1.0,34.0,125
15.0,1.0,4.0,1.0,8.0,200
27.0,1.0,2.0,1.0,0.0,300
7.0,0.0,1.0,10.0,345.0,166
20.0,1.0,1.0,4.0,248.0,399
2.0,0.0,2.0,3.0,177.0,80
21.0,0.0,1.0,1.0,20.0,40
76.0,0.0,2.0,4.0,364.0,79
7.0,1.0,7.0,1.0,0.0,165
19.0,0.0,5.0,1.0,316.0,95
25.0,1.0,4.0,1.0,0.0,90
30.0,0.0,1.0,3.0,0.0,90
19.0,0.0,5.0,1.0,0.0,129
1.0,0.0,1.0,5.0,268.0,100
9.0,0.0,1.0,1.0,0.0,100
8.0,1.0,2.0,1.0,226.0,200
6.0,1.0,4.0,1.0,365.0,225
4.0,1.0,7.0,1.0,64.0,165
19.0,0.0,3.0,1.0,109.0,149
28.0,1.0,30.0,29.0,205.0,142
12.0,0.0,4.0,2.0,0.0,70
8.0,1.0,3.0,1.0,110.0,145
6.0,0.0,2.0,4.0,0.0,72
93.0,0.0,2.0,3.0,305.0,85
39.0,1.0,30.0,2.0,338.0,150
23.0,0.0,1.0,3.0,0.0,118
2.0,1.0,5.0,3.0,290.0,825
64.0,1.0,2.0,1.0,0.0,125
44.0,1.0,3.0,1.0,169.0,149
19.0,1.0,1.0,1.0,25.0,195
14.0,1.0,2.0,1.0,0.0,325
5.0,1.0,1.0,1.0,201.0,159
15.0,1.0,2.0,1.0,325.0,275
26.0,1.0,30.0,4.0,227.0,412
20.0,0.0,3.0,5.0,285.0,46
21.0,1.0,3.0,2.0,34.0,127
4.0,0.0,1.0,1.0,0.0,45
2.0,0.0,1.0,2.0,89.0,295
7.0,1.0,30.0,4.0,50.0,115
46.0,0.0,1.0,1.0,54.0,80
15.0,1.0,7.0,1.0,0.0,90
28.0,1.0,30.0,91.0,311.0,200
54.0,0.0,7.0,9.0,206.0,80
3.0,1.0,3.0,2.0,255.0,150
19.0,1.0,31.0,1.0,0.0,140
17.0,1.0,3.0,1.0,37.0,165
34.0,0.0,1.0,2.0,281.0,55
2.0,1.0,5.0,1.0,0.0,150
15.0,0.0,5.0,1.0,0.0,44
19.0,1.0,3.0,1.0,166.0,146
32.0,1.0,2.0,1.0,0.0,180
23.0,1.0,1.0,1.0,0.0,150
112.0,0.0,1.0,3.0,345.0,49
16.0,1.0,2.0,1.0,0.0,125
7.0,1.0,1.0,1.0,0.0,115
22.0,0.0,2.0,6.0,287.0,65
28.0,1.0,4.0,1.0,0.0,375
13.0,1.0,1.0,1.0,49.0,107
9.0,1.0,1.0,1.0,365.0,1500
4.0,0.0,2.0,1.0,9.0,65
19.0,0.0,1.0,1.0,0.0,96
76.0,1.0,3.0,2.0,99.0,113
43.0,0.0,1.0,6.0,290.0,225
56.0,1.0,1.0,1.0,60.0,170
52.0,0.0,3.0,3.0,20.0,150
40.0,0.0,3.0,1.0,0.0,100
52.0,1.0,3.0,1.0,19.0,299
2.0,0.0,3.0,1.0,14.0,75
12.0,1.0,5.0,1.0,86.0,150
56.0,0.0,3.0,2.0,244.0,80
20.0,1.0,4.0,1.0,0.0,120
12.0,0.0,3.0,1.0,28.0,79
79.0,0.0,7.0,1.0,0.0,32
55.0,0.0,2.0,6.0,0.0,37
125.0,0.0,1.0,2.0,342.0,100
20.0,1.0,5.0,1.0,0.0,167
7.0,0.0,1.0,30.0,175.0,179
21.0,0.0,3.0,2.0,0.0,65
28.0,1.0,7.0,1.0,235.0,200
22.0,0.0,1.0,1.0,365.0,150
7.0,0.0,1.0,1.0,71.0,112
8.0,1.0,1.0,1.0,0.0,200
2.0,1.0,3.0,1.0,8.0,100
14.0,0.0,1.0,1.0,15.0,70
14.0,1.0,1.0,1.0,189.0,230
19.0,1.0,1.0,1.0,319.0,399
48.0,1.0,6.0,4.0,63.0,525
14.0,1.0,30.0,2.0,363.0,109
19.0,1.0,2.0,1.0,280.0,110
81.0,0.0,2.0,1.0,296.0,51
2.0,1.0,1.0,1.0,96.0,139
84.0,2.0,1.0,6.0,0.0,25
13.0,1.0,4.0,1.0,15.0,285
2.0,0.0,8.0,6.0,299.0,53
19.0,0.0,3.0,1.0,0.0,110
12.0,1.0,3.0,1.0,0.0,92
14.0,0.0,1.0,12.0,360.0,85
56.0,1.0,30.0,8.0,200.0,107
7.0,0.0,4.0,1.0,0.0,125
12.0,0.0,1.0,1.0,0.0,60
56.0,0.0,3.0,1.0,282.0,50
12.0,1.0,3.0,2.0,144.0,235
6.0,0.0,1.0,4.0,0.0,60
25.0,0.0,2.0,2.0,4.0,80
18.0,0.0,2.0,1.0,141.0,125
172.0,0.0,2.0,5.0,355.0,55
7.0,1.0,7.0,1.0,216.0,200
23.0,1.0,2.0,1.0,120.0,185
43.0,1.0,2.0,327.0,284.0,241
12.0,1.0,30.0,8.0,97.0,80
21.0,1.0,2.0,5.0,342.0,250
28.0,0.0,3.0,9.0,30.0,69
29.0,1.0,30.0,3.0,55.0,125
8.0,1.0,1.0,1.0,178.0,195
8.0,0.0,1.0,1.0,0.0,88
51.0,0.0,25.0,1.0,149.0,45
4.0,1.0,5.0,1.0,19.0,200
141.0,1.0,1.0,1.0,0.0,200
21.0,0.0,2.0,1.0,89.0,100
12.0,1.0,3.0,2.0,128.0,175
6.0,1.0,5.0,2.0,0.0,109
23.0,1.0,1.0,1.0,325.0,432
54.0,1.0,2.0,1.0,352.0,300
14.0,1.0,1.0,1.0,0.0,500
13.0,1.0,2.0,1.0,66.0,240
27.0,0.0,1.0,1.0,364.0,250
129.0,0.0,5.0,6.0,212.0,45
6.0,1.0,20.0,1.0,149.0,120
21.0,0.0,2.0,1.0,0.0,50
6.0,1.0,2.0,2.0,285.0,129
25.0,0.0,2.0,1.0,0.0,80
2.0,0.0,1.0,1.0,0.0,45
15.0,0.0,3.0,1.0,93.0,50
21.0,1.0,2.0,1.0,261.0,11
23.0,1.0,30.0,9.0,310.0,150
10.0,1.0,1.0,1.0,0.0,300
21.0,0.0,1.0,2.0,0.0,40
77.0,1.0,3.0,1.0,0.0,250
31.0,0.0,1.0,1.0,89.0,80
45.0,0.0,1.0,1.0,365.0,100
5.0,0.0,1.0,1.0,2.0,89
20.0,0.0,2.0,1.0,67.0,95
26.0,1.0,3.0,1.0,0.0,150
5.0,1.0,5.0,1.0,51.0,215
144.0,2.0,1.0,1.0,365.0,130
147.0,0.0,1.0,2.0,53.0,59
1.0,0.0,3.0,1.0,0.0,499
14.0,0.0,1.0,20.0,351.0,149
12.0,1.0,1.0,1.0,88.0,155
4.0,1.0,90.0,1.0,140.0,160
19.0,1.0,3.0,1.0,16.0,250
37.0,0.0,2.0,6.0,365.0,120
2.0,0.0,1.0,5.0,245.0,64
36.0,1.0,30.0,1.0,324.0,117
8.0,1.0,21.0,1.0,0.0,175
28.0,1.0,4.0,1.0,191.0,350
25.0,1.0,2.0,1.0,0.0,125
1.0,1.0,30.0,232.0,322.0,238
26.0,1.0,30.0,1.0,274.0,250
12.0,0.0,2.0,1.0,0.0,65
32.0,1.0,3.0,1.0,44.0,600
81.0,0.0,1.0,5.0,35.0,49
112.0,1.0,3.0,1.0,112.0,175
7.0,1.0,30.0,39.0,336.0,185
7.0,0.0,1.0,11.0,248.0,155
6.0,2.0,1.0,1.0,0.0,725
56.0,0.0,1.0,1.0,0.0,60
16.0,1.0,1.0,1.0,0.0,300
173.0,1.0,2.0,1.0,120.0,99
87.0,2.0,1.0,4.0,0.0,23
11.0,1.0,5.0,1.0,242.0,200
2.0,0.0,1.0,3.0,332.0,75
16.0,1.0,2.0,1.0,302.0,199
7.0,1.0,6.0,1.0,83.0,575
7.0,0.0,2.0,1.0,52.0,100
21.0,1.0,3.0,1.0,30.0,89
27.0,1.0,4.0,1.0,257.0,265
54.0,1.0,2.0,1.0,106.0,150
26.0,0.0,1.0,2.0,147.0,130
5.0,1.0,1.0,1.0,140.0,239
8.0,0.0,1.0,4.0,39.0,90
2.0,1.0,28.0,2.0,29.0,117
37.0,0.0,1.0,1.0,0.0,44
14.0,0.0,25.0,2.0,0.0,138
102.0,1.0,13.0,1.0,0.0,140
2.0,0.0,4.0,1.0,280.0,69
34.0,0.0,2.0,3.0,156.0,65
12.0,1.0,1.0,1.0,0.0,160
30.0,0.0,1.0,1.0,30.0,55
20.0,1.0,2.0,1.0,0.0,110
10.0,1.0,1.0,1.0,5.0,100
12.0,0.0,28.0,1.0,0.0,48
21.0,0.0,2.0,1.0,89.0,90
4.0,1.0,1.0,1.0,0.0,185
2.0,1.0,3.0,1.0,0.0,165
8.0,1.0,30.0,9.0,338.0,290
15.0,0.0,12.0,1.0,64.0,90
23.0,1.0,3.0,1.0,163.0,150
6.0,0.0,1.0,1.0,0.0,50
27.0,1.0,3.0,1.0,0.0,250
43.0,1.0,12.0,1.0,14.0,170
6.0,1.0,2.0,1.0,26.0,95
12.0,1.0,10.0,1.0,0.0,330
90.0,1.0,1.0,1.0,330.0,150
2.0,0.0,3.0,1.0,228.0,56
11.0,1.0,1.0,1.0,158.0,190
19.0,0.0,7.0,2.0,45.0,150
38.0,1.0,14.0,3.0,205.0,425
70.0,0.0,1.0,6.0,180.0,119
12.0,0.0,1.0,1.0,297.0,80
2.0,0.0,2.0,9.0,365.0,69
0.0,0.0,1.0,1.0,0.0,56
2.0,1.0,10.0,1.0,95.0,80
28.0,2.0,2.0,1.0,0.0,89
59.0,0.0,1.0,1.0,0.0,70
23.0,0.0,15.0,28.0,185.0,73
51.0,0.0,3.0,1.0,0.0,150
44.0,0.0,1.0,1.0,0.0,45
2.0,0.0,5.0,2.0,186.0,65
4.0,0.0,1.0,2.0,0.0,90
7.0,1.0,1.0,1.0,200.0,200
64.0,1.0,2.0,1.0,0.0,99
39.0,0.0,3.0,2.0,112.0,50
4.0,1.0,1.0,1.0,304.0,110
14.0,1.0,2.0,1.0,4.0,109
158.0,1.0,1.0,1.0,175.0,75
3.0,0.0,3.0,2.0,0.0,65
20.0,1.0,1.0,2.0,0.0,150
12.0,1.0,7.0,1.0,230.0,120
10.0,1.0,2.0,1.0,0.0,145
7.0,1.0,1.0,1.0,9.0,135
12.0,1.0,4.0,1.0,10.0,160
4.0,1.0,1.0,1.0,84.0,125
28.0,1.0,2.0,1.0,0.0,175
21.0,0.0,2.0,2.0,3.0,58
53.0,0.0,2.0,2.0,0.0,99
15.0,0.0,3.0,3.0,49.0,85
31.0,0.0,1.0,1.0,0.0,40
8.0,0.0,3.0,3.0,45.0,126
4.0,1.0,6.0,1.0,0.0,200
23.0,1.0,2.0,1.0,0.0,300
12.0,0.0,1.0,1.0,0.0,75
21.0,1.0,2.0,1.0,0.0,99
27.0,1.0,1.0,8.0,71.0,89
22.0,0.0,5.0,1.0,0.0,40
3.0,0.0,1.0,1.0,0.0,50
21.0,0.0,3.0,1.0,0.0,41
1.0,0.0,1.0,8.0,0.0,250
7.0,0.0,5.0,1.0,35.0,109
27.0,1.0,1.0,1.0,0.0,350
12.0,1.0,2.0,4.0,262.0,315
12.0,0.0,2.0,1.0,0.0,55
6.0,0.0,7.0,2.0,49.0,60
6.0,0.0,4.0,1.0,0.0,50
73.0,1.0,2.0,1.0,142.0,130
8.0,0.0,1.0,1.0,0.0,84
30.0,0.0,1.0,1.0,0.0,40
6.0,1.0,4.0,1.0,50.0,110
14.0,1.0,2.0,1.0,0.0,150
19.0,0.0,1.0,1.0,0.0,139
21.0,1.0,2.0,4.0,352.0,159
197.0,0.0,6.0,2.0,32.0,33
76.0,1.0,1.0,1.0,61.0,100
3.0,1.0,29.0,1.0,9.0,95
50.0,1.0,1.0,1.0,347.0,299
14.0,0.0,2.0,1.0,37.0,75
171.0,1.0,2.0,3.0,1.0,299
13.0,0.0,1.0,1.0,0.0,60
7.0,1.0,21.0,1.0,310.0,107
48.0,1.0,2.0,1.0,89.0,250
14.0,0.0,1.0,1.0,0.0,100
12.0,1.0,3.0,1.0,13.0,595
70.0,1.0,3.0,1.0,256.0,275
2.0,1.0,31.0,4.0,91.0,200
6.0,1.0,1.0,1.0,309.0,185
11.0,0.0,1.0,4.0,269.0,299
6.0,2.0,1.0,34.0,365.0,36
12.0,0.0,1.0,1.0,0.0,100
1.0,1.0,29.0,327.0,354.0,177
14.0,1.0,6.0,1.0,170.0,135
13.0,0.0,2.0,2.0,0.0,120
12.0,1.0,30.0,1.0,166.0,350
77.0,1.0,3.0,1.0,325.0,799
79.0,1.0,7.0,1.0,128.0,120
21.0,0.0,1.0,1.0,48.0,90
6.0,1.0,1.0,9.0,118.0,155
10.0,0.0,1.0,2.0,137.0,53
12.0,0.0,1.0,1.0,0.0,65
52.0,1.0,3.0,1.0,0.0,180
21.0,0.0,2.0,1.0,0.0,60
12.0,1.0,4.0,1.0,46.0,95
8.0,1.0,5.0,1.0,125.0,400
21.0,0.0,1.0,5.0,148.0,59
11.0,1.0,3.0,2.0,18.0,250
19.0,1.0,1.0,1.0,0.0,120
26.0,1.0,29.0,121.0,364.0,239
9.0,0.0,1.0,2.0,0.0,92
162.0,2.0,1.0,6.0,365.0,45
7.0,1.0,30.0,91.0,4.0,133
13.0,1.0,1.0,1.0,30.0,145
26.0,1.0,30.0,91.0,312.0,159
21.0,1.0,3.0,3.0,341.0,154
34.0,1.0,2.0,1.0,292.0,295
2.0,0.0,1.0,1.0,0.0,51
6.0,1.0,3.0,1.0,33.0,118
14.0,0.0,2.0,1.0,0.0,85
77.0,0.0,1.0,1.0,31.0,100
59.0,0.0,2.0,1.0,365.0,75
26.0,1.0,2.0,1.0,12.0,150
12.0,1.0,3.0,1.0,83.0,400
11.0,1.0,30.0,1.0,264.0,180
12.0,1.0,30.0,1.0,101.0,200
2.0,0.0,2.0,1.0,0.0,65
56.0,1.0,3.0,2.0,0.0,150
7.0,0.0,3.0,1.0,0.0,70
22.0,1.0,2.0,1.0,342.0,99
38.0,1.0,3.0,1.0,194.0,130
12.0,0.0,3.0,1.0,159.0,110
7.0,1.0,3.0,1.0,66.0,85
2.0,1.0,1.0,7.0,249.0,250
9.0,1.0,2.0,1.0,0.0,130
6.0,1.0,2.0,1.0,144.0,150
133.0,1.0,93.0,1.0,134.0,70
12.0,0.0,2.0,2.0,0.0,97
11.0,1.0,3.0,1.0,2.0,160
8.0,0.0,30.0,3.0,185.0,53
2.0,0.0,5.0,1.0,90.0,55
6.0,1.0,1.0,1.0,345.0,99
14.0,1.0,3.0,2.0,64.0,150
126.0,1.0,2.0,1.0,73.0,122
28.0,1.0,31.0,33.0,326.0,225
12.0,1.0,1.0,1.0,0.0,115
8.0,1.0,2.0,1.0,0.0,165
15.0,0.0,2.0,1.0,0.0,44
28.0,1.0,4.0,1.0,6.0,150
14.0,1.0,4.0,3.0,252.0,329
2.0,0.0,1.0,4.0,365.0,65
7.0,1.0,1.0,1.0,365.0,550
15.0,0.0,2.0,1.0,0.0,40
13.0,1.0,6.0,1.0,12.0,250
2.0,0.0,3.0,2.0,0.0,45
7.0,1.0,4.0,1.0,0.0,280
12.0,1.0,30.0,1.0,0.0,200
22.0,1.0,7.0,1.0,0.0,99
37.0,1.0,30.0,15.0,320.0,180
37.0,0.0,1.0,2.0,87.0,95
28.0,0.0,14.0,2.0,14.0,75
34.0,0.0,2.0,1.0,189.0,80
27.0,0.0,2.0,1.0,0.0,130
52.0,0.0,4.0,1.0,339.0,120
2.0,0.0,1.0,1.0,0.0,70
44.0,0.0,1.0,1.0,0.0,50
24.0,1.0,2.0,1.0,247.0,129
2.0,1.0,3.0,2.0,235.0,225
84.0,0.0,30.0,6.0,74.0,42
54.0,0.0,3.0,2.0,58.0,43
102.0,0.0,4.0,2.0,7.0,100
6.0,1.0,3.0,1.0,0.0,75
3.0,0.0,30.0,11.0,249.0,90
32.0,0.0,3.0,1.0,252.0,125
5.0,1.0,29.0,96.0,365.0,207
60.0,0.0,3.0,3.0,4.0,150
19.0,0.0,1.0,1.0,0.0,100
14.0,1.0,1.0,1.0,336.0,213
43.0,1.0,2.0,2.0,0.0,400
48.0,1.0,3.0,3.0,0.0,350
12.0,1.0,2.0,1.0,28.0,895
2.0,1.0,7.0,2.0,253.0,225
28.0,0.0,1.0,1.0,166.0,89
29.0,0.0,1.0,1.0,19.0,35
96.0,1.0,1.0,1.0,0.0,144
21.0,0.0,1.0,1.0,319.0,70
12.0,1.0,14.0,1.0,249.0,100
7.0,1.0,1.0,1.0,106.0,150
76.0,1.0,3.0,2.0,147.0,123
2.0,0.0,1.0,2.0,0.0,70
8.0,0.0,6.0,1.0,0.0,95
6.0,0.0,3.0,2.0,329.0,50
6.0,0.0,7.0,1.0,0.0,30
16.0,1.0,11.0,1.0,0.0,149
14.0,1.0,3.0,1.0,63.0,200
121.0,1.0,4.0,1.0,101.0,95
6.0,1.0,3.0,1.0,283.0,100
6.0,1.0,5.0,1.0,0.0,175
49.0,1.0,1.0,1.0,0.0,125
6.0,1.0,1.0,1.0,127.0,350
28.0,1.0,30.0,34.0,342.0,185
6.0,0.0,1.0,1.0,0.0,40
4.0,0.0,1.0,1.0,329.0,128
12.0,0.0,5.0,1.0,4.0,49
11.0,1.0,3.0,1.0,0.0,190
147.0,1.0,2.0,5.0,51.0,300
29.0,0.0,14.0,1.0,336.0,90
155.0,1.0,1.0,2.0,147.0,150
64.0,1.0,2.0,1.0,0.0,500
23.0,1.0,1.0,2.0,162.0,199
31.0,0.0,2.0,2.0,242.0,45
8.0,0.0,4.0,1.0,0.0,60
56.0,1.0,2.0,1.0,0.0,99
12.0,0.0,1.0,1.0,85.0,100
24.0,0.0,2.0,1.0,321.0,70
23.0,1.0,3.0,2.0,0.0,200
28.0,1.0,30.0,33.0,189.0,206
54.0,0.0,1.0,1.0,0.0,200
31.0,0.0,30.0,37.0,0.0,43
8.0,0.0,7.0,1.0,0.0,90
64.0,1.0,30.0,4.0,365.0,199
7.0,0.0,2.0,1.0,139.0,145
12.0,0.0,2.0,2.0,174.0,90
6.0,1.0,2.0,1.0,38.0,225
31.0,1.0,3.0,1.0,302.0,199
8.0,1.0,4.0,1.0,0.0,165
6.0,0.0,6.0,1.0,0.0,50
21.0,0.0,2.0,1.0,0.0,55
17.0,1.0,30.0,1.0,222.0,100
77.0,1.0,30.0,232.0,312.0,309
8.0,0.0,3.0,1.0,0.0,87
12.0,0.0,1.0,1.0,90.0,101
12.0,1.0,7.0,1.0,0.0,199
21.0,0.0,3.0,1.0,0.0,50
145.0,1.0,1.0,1.0,189.0,120
21.0,0.0,3.0,1.0,23.0,65
20.0,0.0,7.0,2.0,0.0,75
83.0,0.0,2.0,3.0,365.0,50
24.0,0.0,1.0,1.0,0.0,90
2.0,0.0,4.0,1.0,0.0,160
22.0,0.0,4.0,1.0,20.0,35
194.0,1.0,1.0,1.0,0.0,62
2.0,0.0,5.0,1.0,354.0,90
15.0,1.0,28.0,2.0,336.0,155
87.0,1.0,3.0,1.0,0.0,135
54.0,0.0,2.0,4.0,45.0,118
75.0,1.0,2.0,1.0,69.0,99
15.0,0.0,3.0,1.0,56.0,90
17.0,1.0,1.0,3.0,232.0,55
21.0,0.0,7.0,1.0,310.0,50
152.0,0.0,1.0,3.0,340.0,59
19.0,1.0,5.0,1.0,0.0,169
12.0,1.0,3.0,1.0,23.0,125
56.0,0.0,4.0,1.0,324.0,75
14.0,1.0,1.0,1.0,0.0,180
12.0,1.0,3.0,3.0,86.0,150
12.0,0.0,2.0,2.0,274.0,45
5.0,1.0,30.0,50.0,365.0,222
19.0,1.0,2.0,1.0,109.0,215
21.0,0.0,2.0,2.0,0.0,43
21.0,0.0,1.0,1.0,0.0,60
2.0,0.0,1.0,9.0,260.0,70
21.0,0.0,30.0,103.0,157.0,43
11.0,1.0,3.0,1.0,0.0,148
1.0,1.0,30.0,4.0,342.0,200
188.0,0.0,2.0,1.0,0.0,42
7.0,1.0,4.0,1.0,0.0,250
7.0,1.0,30.0,1.0,333.0,159
24.0,1.0,2.0,1.0,0.0,90
70.0,1.0,4.0,1.0,89.0,159
70.0,0.0,3.0,13.0,90.0,85
3.0,1.0,2.0,1.0,261.0,196
20.0,1.0,11.0,1.0,15.0,150
12.0,0.0,1.0,1.0,0.0,58
37.0,0.0,1.0,3.0,332.0,55
103.0,0.0,1.0,1.0,95.0,80
64.0,0.0,1.0,8.0,0.0,109
5.0,0.0,1.0,1.0,0.0,130
3.0,0.0,2.0,6.0,158.0,98
70.0,1.0,2.0,1.0,86.0,120
51.0,1.0,3.0,1.0,1.0,250
52.0,1.0,1.0,1.0,0.0,149
207.0,1.0,3.0,1.0,189.0,103
56.0,0.0,11.0,1.0,0.0,85
8.0,0.0,1.0,1.0,32.0,137
14.0,1.0,4.0,1.0,161.0,239
61.0,1.0,1.0,1.0,170.0,69
16.0,1.0,2.0,3.0,227.0,545
21.0,0.0,14.0,1.0,67.0,45
71.0,1.0,30.0,96.0,0.0,290
19.0,0.0,12.0,1.0,21.0,73
14.0,0.0,1.0,20.0,359.0,149
19.0,0.0,2.0,1.0,1.0,78
11.0,1.0,3.0,1.0,0.0,164
6.0,0.0,1.0,1.0,311.0,100
4.0,1.0,1.0,1.0,314.0,185
70.0,1.0,1.0,1.0,297.0,80
30.0,1.0,15.0,1.0,1.0,67
1.0,1.0,3.0,1.0,0.0,399
36.0,1.0,3.0,1.0,36.0,200
79.0,1.0,4.0,1.0,123.0,150
20.0,0.0,1.0,1.0,0.0,45
6.0,0.0,2.0,4.0,279.0,69
23.0,0.0,5.0,1.0,341.0,167
187.0,0.0,3.0,2.0,311.0,69
1.0,1.0,10.0,1.0,101.0,299
6.0,1.0,2.0,1.0,246.0,160
21.0,0.0,1.0,3.0,365.0,85
21.0,1.0,3.0,1.0,269.0,320
15.0,1.0,4.0,1.0,0.0,79
46.0,0.0,1.0,6.0,81.0,60
14.0,1.0,5.0,1.0,302.0,226
55.0,1.0,1.0,2.0,172.0,99
21.0,0.0,3.0,1.0,298.0,42
21.0,0.0,3.0,1.0,0.0,40
6.0,0.0,2.0,1.0,0.0,50
21.0,2.0,1.0,1.0,0.0,85
20.0,1.0,2.0,1.0,0.0,210
4.0,1.0,1.0,1.0,25.0,98
12.0,1.0,5.0,1.0,18.0,128
70.0,0.0,15.0,3.0,213.0,36
12.0,1.0,4.0,1.0,4.0,210
12.0,0.0,3.0,2.0,188.0,58
28.0,1.0,5.0,2.0,182.0,200
15.0,0.0,3.0,1.0,0.0,50
11.0,1.0,4.0,1.0,0.0,200
7.0,1.0,30.0,12.0,173.0,225
15.0,0.0,4.0,1.0,15.0,55
2.0,0.0,1.0,2.0,0.0,90
12.0,1.0,3.0,1.0,12.0,199
28.0,1.0,4.0,1.0,0.0,300
49.0,1.0,6.0,1.0,0.0,110
79.0,1.0,3.0,1.0,0.0,179
12.0,0.0,1.0,1.0,0.0,95
53.0,0.0,2.0,2.0,23.0,95
12.0,1.0,3.0,1.0,352.0,650
2.0,0.0,25.0,1.0,1.0,59
3.0,1.0,1.0,1.0,6.0,100
2.0,0.0,6.0,3.0,18.0,79
77.0,1.0,3.0,1.0,54.0,485
21.0,0.0,1.0,2.0,74.0,50
1.0,0.0,1.0,1.0,0.0,120
12.0,2.0,2.0,1.0,135.0,70
19.0,1.0,1.0,2.0,50.0,169
15.0,1.0,4.0,1.0,0.0,119
42.0,0.0,1.0,3.0,353.0,40
12.0,1.0,4.0,1.0,0.0,90
63.0,1.0,3.0,2.0,154.0,268
27.0,1.0,2.0,1.0,0.0,550
22.0,0.0,1.0,1.0,109.0,65
15.0,0.0,15.0,1.0,0.0,40
1.0,1.0,7.0,1.0,64.0,170
83.0,0.0,30.0,103.0,0.0,33
23.0,0.0,5.0,1.0,0.0,85
7.0,1.0,3.0,1.0,0.0,375
98.0,1.0,3.0,3.0,45.0,120
6.0,1.0,1.0,1.0,272.0,120
64.0,1.0,2.0,1.0,3.0,200
12.0,1.0,1.0,1.0,0.0,120
38.0,0.0,1.0,1.0,0.0,46
68.0,1.0,1.0,1.0,0.0,96
100.0,0.0,1.0,5.0,365.0,100
20.0,1.0,30.0,4.0,354.0,210
26.0,1.0,1.0,2.0,0.0,449
19.0,0.0,1.0,3.0,0.0,150
7.0,0.0,1.0,2.0,245.0,99
8.0,0.0,1.0,1.0,0.0,95
2.0,0.0,3.0,1.0,6.0,80
11.0,0.0,3.0,1.0,0.0,75
30.0,1.0,20.0,1.0,100.0,75
83.0,1.0,1.0,1.0,143.0,80
12.0,1.0,4.0,2.0,188.0,250
19.0,0.0,2.0,1.0,0.0,90
12.0,0.0,2.0,1.0,86.0,85
20.0,0.0,2.0,1.0,0.0,55
52.0,1.0,3.0,1.0,38.0,315
49.0,0.0,14.0,1.0,68.0,50
47.0,1.0,6.0,1.0,237.0,90
26.0,0.0,1.0,1.0,0.0,80
54.0,0.0,30.0,43.0,306.0,48
21.0,0.0,1.0,3.0,0.0,70
43.0,1.0,2.0,327.0,346.0,198
28.0,1.0,6.0,1.0,39.0,219
71.0,0.0,3.0,3.0,25.0,99
30.0,1.0,30.0,1.0,8.0,100
8.0,1.0,1.0,1.0,0.0,250
30.0,0.0,3.0,1.0,344.0,120
3.0,0.0,2.0,1.0,22.0,95
14.0,2.0,1.0,1.0,0.0,250
11.0,1.0,7.0,1.0,0.0,250
15.0,0.0,1.0,1.0,153.0,70
103.0,1.0,1.0,1.0,0.0,50
44.0,0.0,30.0,10.0,340.0,47
1.0,1.0,30.0,121.0,352.0,239
26.0,0.0,30.0,26.0,335.0,95
20.0,0.0,3.0,1.0,0.0,50
14.0,1.0,1.0,1.0,8.0,200
6.0,0.0,30.0,5.0,221.0,39
21.0,0.0,2.0,2.0,0.0,50
1.0,1.0,5.0,1.0,58.0,250
21.0,0.0,5.0,3.0,0.0,54
4.0,1.0,5.0,1.0,24.0,150
2.0,0.0,2.0,2.0,35.0,73
21.0,0.0,1.0,1.0,0.0,40
37.0,0.0,1.0,4.0,362.0,49
44.0,1.0,3.0,1.0,16.0,99
71.0,1.0,30.0,232.0,218.0,280
63.0,0.0,1.0,1.0,35.0,72
28.0,1.0,2.0,1.0,0.0,275
55.0,0.0,2.0,6.0,341.0,37
6.0,1.0,3.0,1.0,0.0,130
19.0,0.0,2.0,1.0,26.0,185
7.0,0.0,1.0,1.0,170.0,195
12.0,0.0,3.0,1.0,0.0,75
18.0,1.0,2.0,1.0,283.0,200
2.0,0.0,2.0,3.0,178.0,80
6.0,1.0,7.0,2.0,284.0,110
12.0,0.0,2.0,2.0,179.0,65
21.0,1.0,3.0,1.0,0.0,80
14.0,1.0,7.0,1.0,266.0,249
8.0,1.0,7.0,1.0,0.0,250
19.0,1.0,2.0,2.0,0.0,240
81.0,0.0,1.0,1.0,0.0,34
23.0,1.0,2.0,1.0,233.0,200
68.0,0.0,7.0,1.0,0.0,100
30.0,0.0,1.0,2.0,0.0,70
15.0,1.0,2.0,1.0,0.0,150
11.0,1.0,7.0,1.0,365.0,500
70.0,1.0,3.0,1.0,297.0,169
126.0,0.0,2.0,3.0,259.0,31
28.0,1.0,3.0,1.0,230.0,125
7.0,0.0,1.0,1.0,0.0,105
19.0,1.0,6.0,1.0,40.0,120
15.0,0.0,2.0,2.0,351.0,38
12.0,1.0,2.0,1.0,0.0,200
12.0,0.0,1.0,1.0,0.0,45
53.0,1.0,28.0,1.0,0.0,199
64.0,1.0,1.0,4.0,14.0,430
3.0,1.0,2.0,1.0,343.0,280
6.0,1.0,4.0,1.0,132.0,150
56.0,1.0,2.0,2.0,305.0,110
79.0,0.0,1.0,1.0,0.0,65
2.0,0.0,5.0,1.0,0.0,80
23.0,1.0,3.0,1.0,168.0,300
45.0,1.0,5.0,1.0,0.0,290
8.0,0.0,1.0,1.0,0.0,60
150.0,1.0,3.0,1.0,358.0,148
20.0,0.0,2.0,1.0,0.0,53
33.0,0.0,2.0,2.0,160.0,80
7.0,2.0,2.0,2.0,42.0,116
44.0,0.0,1.0,7.0,59.0,50
43.0,0.0,4.0,1.0,0.0,96
19.0,0.0,2.0,2.0,96.0,68
12.0,0.0,3.0,2.0,310.0,99
9.0,0.0,3.0,3.0,0.0,65
7.0,1.0,30.0,20.0,332.0,160
53.0,1.0,31.0,11.0,93.0,138
2.0,1.0,90.0,1.0,90.0,110
8.0,1.0,7.0,1.0,38.0,590
33.0,0.0,4.0,2.0,0.0,90
43.0,0.0,1.0,1.0,0.0,80
28.0,1.0,4.0,1.0,0.0,209
12.0,0.0,3.0,1.0,0.0,55
1.0,1.0,30.0,12.0,226.0,199
20.0,0.0,1.0,2.0,152.0,37
147.0,0.0,1.0,1.0,0.0,28
19.0,0.0,10.0,1.0,0.0,100
6.0,0.0,1.0,1.0,0.0,60
6.0,0.0,3.0,1.0,116.0,45
7.0,1.0,1.0,2.0,215.0,150
23.0,0.0,3.0,4.0,333.0,200
6.0,1.0,2.0,1.0,5.0,135
6.0,0.0,5.0,1.0,0.0,47
15.0,1.0,3.0,1.0,19.0,85
55.0,0.0,2.0,2.0,293.0,135
49.0,1.0,3.0,1.0,0.0,70
8.0,1.0,3.0,1.0,4.0,170
17.0,1.0,2.0,1.0,1.0,267
23.0,1.0,4.0,1.0,327.0,400
2.0,1.0,4.0,1.0,56.0,95
11.0,1.0,88.0,1.0,249.0,151
70.0,0.0,1.0,1.0,88.0,60
11.0,1.0,2.0,1.0,0.0,230
6.0,2.0,2.0,3.0,343.0,37
2.0,0.0,1.0,2.0,343.0,85
15.0,1.0,3.0,4.0,249.0,115
23.0,1.0,1.0,1.0,0.0,170
28.0,1.0,30.0,65.0,364.0,200
3.0,1.0,3.0,1.0,0.0,190
34.0,1.0,1.0,1.0,0.0,115
79.0,0.0,30.0,2.0,312.0,65
34.0,0.0,1.0,1.0,0.0,90
20.0,1.0,1.0,1.0,10.0,75
155.0,0.0,1.0,1.0,65.0,57
14.0,0.0,1.0,1.0,0.0,100
2.0,1.0,4.0,1.0,110.0,300
28.0,1.0,6.0,1.0,0.0,750
16.0,0.0,1.0,1.0,88.0,105
56.0,0.0,1.0,1.0,0.0,50
7.0,1.0,2.0,1.0,236.0,499
12.0,1.0,3.0,1.0,0.0,220
43.0,1.0,2.0,327.0,253.0,475
14.0,0.0,1.0,1.0,0.0,70
27.0,1.0,4.0,1.0,306.0,400
81.0,0.0,1.0,5.0,49.0,80
20.0,0.0,5.0,2.0,95.0,80
19.0,0.0,1.0,7.0,328.0,180
1.0,1.0,30.0,121.0,352.0,239
6.0,1.0,2.0,1.0,194.0,149
21.0,0.0,2.0,1.0,0.0,75
33.0,0.0,5.0,1.0,0.0,59
23.0,1.0,13.0,1.0,44.0,250
15.0,1.0,5.0,1.0,0.0,100
15.0,0.0,1.0,1.0,0.0,85
44.0,0.0,30.0,23.0,225.0,42
6.0,0.0,7.0,1.0,0.0,55
106.0,0.0,3.0,2.0,0.0,60
71.0,1.0,30.0,1.0,339.0,200
43.0,1.0,29.0,96.0,332.0,167
43.0,0.0,7.0,13.0,365.0,169
26.0,1.0,20.0,1.0,0.0,120
8.0,1.0,4.0,1.0,324.0,350
56.0,0.0,1.0,2.0,319.0,55
15.0,0.0,2.0,1.0,0.0,65
23.0,1.0,5.0,2.0,0.0,350
24.0,1.0,1.0,1.0,0.0,102
4.0,1.0,4.0,1.0,215.0,225
12.0,1.0,7.0,1.0,0.0,98
28.0,1.0,30.0,121.0,273.0,249
7.0,1.0,1.0,1.0,0.0,150
10.0,1.0,1.0,1.0,0.0,145
19.0,1.0,12.0,2.0,164.0,140
28.0,0.0,3.0,5.0,169.0,74
152.0,0.0,1.0,3.0,0.0,45
2.0,1.0,1.0,1.0,40.0,125
79.0,1.0,3.0,1.0,10.0,135
56.0,1.0,3.0,2.0,349.0,150
182.0,0.0,2.0,1.0,325.0,50
5.0,1.0,3.0,1.0,3.0,140
13.0,1.0,3.0,2.0,286.0,170
2.0,0.0,1.0,1.0,180.0,120
21.0,1.0,1.0,1.0,321.0,390
22.0,0.0,3.0,3.0,188.0,70
14.0,1.0,1.0,1.0,12.0,195
2.0,1.0,3.0,1.0,0.0,250
4.0,0.0,3.0,2.0,24.0,108
63.0,1.0,9.0,1.0,322.0,16
14.0,1.0,29.0,327.0,311.0,277
78.0,0.0,1.0,1.0,0.0,300
19.0,0.0,2.0,1.0,0.0,80
23.0,2.0,14.0,28.0,318.0,35
46.0,1.0,2.0,1.0,348.0,129
1.0,0.0,1.0,1.0,0.0,350
56.0,0.0,2.0,1.0,0.0,40
6.0,0.0,1.0,1.0,84.0,75
6.0,0.0,7.0,3.0,364.0,45
7.0,1.0,3.0,1.0,0.0,300
2.0,0.0,7.0,3.0,363.0,50
8.0,0.0,1.0,4.0,269.0,159
56.0,0.0,2.0,1.0,0.0,48
6.0,0.0,2.0,1.0,0.0,55
21.0,0.0,4.0,1.0,0.0,40
101.0,0.0,1.0,1.0,0.0,90
28.0,1.0,5.0,1.0,7.0,250
38.0,1.0,4.0,1.0,0.0,1000
13.0,0.0,3.0,1.0,0.0,68
8.0,1.0,3.0,1.0,0.0,150
19.0,0.0,1.0,2.0,332.0,135
11.0,1.0,2.0,1.0,0.0,205
81.0,0.0,2.0,1.0,0.0,70
27.0,1.0,1.0,1.0,0.0,900
21.0,1.0,5.0,1.0,7.0,140
15.0,1.0,6.0,1.0,0.0,84
158.0,0.0,30.0,2.0,354.0,40
30.0,0.0,1.0,3.0,53.0,50
13.0,0.0,30.0,25.0,342.0,48
16.0,1.0,4.0,1.0,0.0,125
38.0,1.0,3.0,1.0,0.0,185
19.0,1.0,5.0,1.0,0.0,250
15.0,1.0,30.0,1.0,62.0,75
15.0,1.0,1.0,2.0,0.0,69
21.0,1.0,1.0,2.0,4.0,100
68.0,0.0,2.0,1.0,285.0,69
54.0,2.0,1.0,1.0,365.0,85
27.0,1.0,5.0,2.0,83.0,650
27.0,1.0,2.0,1.0,0.0,500
149.0,0.0,1.0,1.0,0.0,80
68.0,0.0,3.0,1.0,0.0,295
7.0,1.0,5.0,1.0,0.0,125
6.0,1.0,4.0,1.0,0.0,94
68.0,1.0,31.0,1.0,365.0,250
6.0,1.0,2.0,1.0,57.0,139
118.0,0.0,5.0,1.0,310.0,50
22.0,0.0,5.0,4.0,247.0,45
21.0,0.0,1.0,6.0,170.0,69
2.0,0.0,3.0,1.0,0.0,100
43.0,1.0,30.0,232.0,341.0,289
4.0,1.0,6.0,1.0,0.0,125
44.0,0.0,3.0,2.0,0.0,55
28.0,1.0,30.0,13.0,140.0,150
26.0,1.0,1.0,1.0,20.0,299
6.0,1.0,2.0,1.0,262.0,130
12.0,0.0,3.0,1.0,0.0,75
2.0,1.0,1.0,2.0,0.0,185
7.0,1.0,4.0,1.0,7.0,300
3.0,1.0,4.0,1.0,15.0,160
162.0,2.0,1.0,8.0,346.0,24
69.0,0.0,3.0,1.0,0.0,49
45.0,1.0,1.0,3.0,344.0,600
83.0,0.0,4.0,4.0,100.0,68
79.0,1.0,1.0,1.0,35.0,100
13.0,1.0,7.0,1.0,19.0,95
2.0,0.0,3.0,1.0,324.0,175
14.0,1.0,3.0,1.0,0.0,229
1.0,1.0,30.0,1.0,242.0,179
87.0,0.0,1.0,2.0,327.0,66
8.0,0.0,1.0,1.0,0.0,125
30.0,0.0,2.0,1.0,365.0,185
7.0,1.0,2.0,1.0,283.0,235
52.0,1.0,2.0,1.0,339.0,290
7.0,1.0,1.0,1.0,36.0,190
4.0,0.0,2.0,1.0,0.0,89
52.0,1.0,3.0,1.0,0.0,191
7.0,1.0,1.0,1.0,84.0,299
12.0,0.0,15.0,1.0,8.0,80
3.0,2.0,3.0,1.0,0.0,99
16.0,1.0,10.0,1.0,30.0,305
85.0,0.0,1.0,3.0,180.0,85
10.0,1.0,3.0,5.0,41.0,169
84.0,0.0,1.0,1.0,330.0,100
6.0,0.0,5.0,1.0,0.0,45
44.0,0.0,7.0,1.0,157.0,90
6.0,0.0,1.0,2.0,0.0,70
27.0,1.0,2.0,1.0,294.0,183
21.0,0.0,2.0,3.0,87.0,90
64.0,0.0,7.0,2.0,0.0,165
12.0,1.0,4.0,1.0,0.0,155
52.0,1.0,7.0,1.0,0.0,150
1.0,1.0,28.0,49.0,241.0,675
20.0,1.0,30.0,52.0,308.0,199
28.0,1.0,7.0,1.0,32.0,150
1.0,2.0,1.0,3.0,15.0,99
70.0,0.0,7.0,13.0,258.0,38
23.0,1.0,2.0,1.0,13.0,200
93.0,1.0,2.0,1.0,263.0,180
11.0,1.0,3.0,2.0,166.0,180
8.0,1.0,1.0,1.0,0.0,180
25.0,1.0,5.0,1.0,0.0,125
14.0,1.0,3.0,1.0,0.0,350
8.0,1.0,30.0,96.0,332.0,275
6.0,1.0,6.0,1.0,0.0,100
21.0,1.0,1.0,2.0,46.0,108
15.0,0.0,1.0,1.0,0.0,80
29.0,0.0,1.0,2.0,0.0,50
64.0,0.0,12.0,2.0,332.0,89
4.0,1.0,3.0,1.0,318.0,350
18.0,1.0,2.0,1.0,19.0,125
2.0,0.0,3.0,8.0,341.0,57
1.0,0.0,1.0,1.0,4.0,120
126.0,0.0,5.0,3.0,320.0,45
6.0,1.0,3.0,1.0,2.0,150
77.0,1.0,30.0,121.0,280.0,894
1.0,1.0,7.0,1.0,0.0,139
103.0,0.0,1.0,5.0,278.0,49
12.0,1.0,2.0,2.0,106.0,99
149.0,0.0,1.0,1.0,87.0,90
25.0,0.0,2.0,1.0,0.0,95
13.0,1.0,1.0,1.0,0.0,300
15.0,0.0,1.0,1.0,0.0,90
6.0,0.0,4.0,1.0,3.0,95
28.0,1.0,30.0,9.0,353.0,200
21.0,0.0,4.0,1.0,0.0,75
15.0,1.0,3.0,2.0,0.0,100
39.0,0.0,2.0,2.0,6.0,65
81.0,0.0,30.0,37.0,0.0,34
1.0,1.0,2.0,1.0,78.0,150
12.0,1.0,5.0,1.0,14.0,129
21.0,0.0,1.0,1.0,37.0,185
2.0,0.0,3.0,7.0,1.0,55
30.0,0.0,2.0,1.0,80.0,83
31.0,0.0,30.0,37.0,0.0,41
30.0,0.0,1.0,1.0,0.0,49
24.0,0.0,5.0,3.0,323.0,49
21.0,0.0,2.0,26.0,311.0,36
44.0,1.0,4.0,1.0,0.0,90
12.0,1.0,3.0,1.0,21.0,191
1.0,0.0,3.0,1.0,2.0,400
6.0,2.0,1.0,1.0,365.0,200
8.0,0.0,2.0,2.0,275.0,115
6.0,0.0,2.0,3.0,40.0,59
2.0,0.0,3.0,1.0,224.0,75
28.0,0.0,3.0,2.0,0.0,120
44.0,0.0,3.0,1.0,365.0,60
7.0,1.0,30.0,87.0,357.0,215
128.0,0.0,2.0,2.0,156.0,50
79.0,0.0,1.0,1.0,0.0,65
12.0,1.0,4.0,1.0,0.0,250
193.0,1.0,2.0,6.0,144.0,110
50.0,1.0,14.0,1.0,0.0,115
15.0,1.0,1.0,1.0,0.0,157
68.0,1.0,2.0,1.0,3.0,155
54.0,0.0,1.0,3.0,125.0,65
45.0,0.0,5.0,1.0,0.0,50
11.0,1.0,3.0,1.0,150.0,345
64.0,1.0,1.0,1.0,9.0,500
6.0,0.0,2.0,4.0,39.0,45
6.0,0.0,1.0,1.0,0.0,80
6.0,0.0,2.0,1.0,0.0,33
12.0,2.0,3.0,1.0,0.0,175
8.0,2.0,1.0,1.0,0.0,62
12.0,1.0,2.0,1.0,0.0,90
15.0,1.0,1.0,2.0,103.0,162
1.0,0.0,3.0,1.0,9.0,107
152.0,0.0,1.0,6.0,179.0,60
28.0,1.0,2.0,1.0,9.0,16
16.0,0.0,2.0,1.0,60.0,90
12.0,0.0,1.0,1.0,0.0,75
12.0,1.0,3.0,1.0,55.0,225
2.0,0.0,15.0,1.0,0.0,35
15.0,0.0,3.0,1.0,9.0,65
7.0,0.0,1.0,1.0,316.0,90
117.0,1.0,7.0,1.0,0.0,65
34.0,1.0,1.0,2.0,0.0,250
56.0,1.0,2.0,1.0,16.0,83
68.0,0.0,3.0,1.0,18.0,97
14.0,1.0,5.0,1.0,46.0,270
20.0,0.0,4.0,1.0,0.0,67
33.0,1.0,7.0,1.0,256.0,495
8.0,0.0,1.0,1.0,0.0,60
8.0,1.0,3.0,1.0,0.0,200
7.0,1.0,3.0,1.0,0.0,400
4.0,0.0,2.0,1.0,11.0,90
7.0,0.0,5.0,1.0,48.0,130
4.0,0.0,2.0,1.0,0.0,75
12.0,0.0,1.0,3.0,237.0,89
8.0,1.0,30.0,10.0,365.0,350
38.0,1.0,30.0,21.0,246.0,123
68.0,1.0,4.0,1.0,10.0,499
14.0,1.0,3.0,1.0,16.0,795
15.0,1.0,2.0,1.0,0.0,95
2.0,0.0,2.0,1.0,0.0,81
20.0,0.0,1.0,33.0,365.0,119
2.0,0.0,30.0,3.0,365.0,65
1.0,0.0,2.0,1.0,0.0,200
126.0,0.0,1.0,2.0,27.0,45
21.0,1.0,30.0,1.0,32.0,177
15.0,2.0,5.0,4.0,14.0,24
6.0,0.0,1.0,2.0,365.0,206
19.0,0.0,4.0,1.0,0.0,95
1.0,1.0,5.0,1.0,40.0,425
6.0,1.0,1.0,1.0,34.0,110
15.0,0.0,5.0,1.0,0.0,65
6.0,0.0,60.0,1.0,189.0,60
6.0,0.0,1.0,1.0,0.0,55
21.0,0.0,1.0,2.0,365.0,155
8.0,1.0,4.0,1.0,248.0,399
2.0,1.0,2.0,2.0,314.0,299
39.0,0.0,1.0,1.0,82.0,50
64.0,0.0,3.0,1.0,246.0,399
8.0,1.0,30.0,1.0,215.0,175
1.0,1.0,30.0,4.0,327.0,140
83.0,0.0,2.0,1.0,314.0,65
9.0,1.0,1.0,1.0,318.0,210
46.0,1.0,3.0,2.0,257.0,63
39.0,1.0,5.0,1.0,0.0,120
52.0,0.0,1.0,1.0,125.0,79
12.0,1.0,1.0,1.0,0.0,200
6.0,1.0,3.0,1.0,0.0,100
11.0,0.0,1.0,1.0,365.0,225
46.0,0.0,1.0,3.0,164.0,39
1.0,0.0,3.0,4.0,357.0,389
188.0,0.0,1.0,1.0,150.0,100
21.0,0.0,2.0,1.0,0.0,30
14.0,0.0,1.0,3.0,87.0,133
7.0,0.0,2.0,1.0,220.0,79
28.0,1.0,1.0,1.0,0.0,120
2.0,0.0,2.0,1.0,247.0,70
51.0,2.0,4.0,1.0,0.0,30
15.0,0.0,2.0,1.0,282.0,88
149.0,0.0,1.0,2.0,0.0,45
154.0,1.0,2.0,1.0,52.0,97
17.0,1.0,1.0,1.0,0.0,250
16.0,0.0,1.0,1.0,0.0,70
15.0,1.0,5.0,1.0,290.0,160
12.0,0.0,6.0,1.0,0.0,430
28.0,1.0,31.0,33.0,327.0,206
146.0,1.0,3.0,1.0,0.0,150
4.0,0.0,1.0,5.0,0.0,51
21.0,0.0,5.0,1.0,0.0,45
19.0,1.0,5.0,1.0,0.0,125
7.0,1.0,30.0,91.0,0.0,185
12.0,1.0,31.0,1.0,223.0,100
95.0,0.0,1.0,4.0,31.0,42
51.0,0.0,2.0,1.0,43.0,100
23.0,0.0,3.0,1.0,0.0,155
68.0,0.0,3.0,1.0,242.0,57
54.0,0.0,7.0,9.0,364.0,80
76.0,0.0,3.0,2.0,173.0,60
39.0,2.0,2.0,6.0,344.0,39
12.0,0.0,2.0,1.0,0.0,119
6.0,0.0,30.0,5.0,348.0,42
19.0,0.0,1.0,1.0,0.0,45
76.0,0.0,5.0,1.0,0.0,40
12.0,0.0,3.0,1.0,0.0,140
109.0,0.0,5.0,1.0,87.0,40
30.0,0.0,60.0,1.0,364.0,125
6.0,1.0,7.0,2.0,359.0,150
19.0,1.0,1.0,1.0,0.0,400
1.0,0.0,1.0,3.0,0.0,295
48.0,1.0,2.0,1.0,51.0,295
12.0,0.0,2.0,1.0,207.0,85
3.0,1.0,2.0,1.0,0.0,150
28.0,1.0,30.0,87.0,365.0,200
7.0,1.0,6.0,1.0,137.0,250
52.0,1.0,3.0,1.0,356.0,349
56.0,1.0,5.0,1.0,0.0,130
2.0,1.0,1.0,1.0,104.0,114
21.0,1.0,2.0,2.0,209.0,200
12.0,1.0,6.0,1.0,0.0,114
160.0,0.0,10.0,4.0,197.0,75
6.0,0.0,5.0,3.0,23.0,52
8.0,1.0,1.0,1.0,61.0,299
87.0,0.0,2.0,1.0,180.0,70
43.0,0.0,7.0,1.0,351.0,150
50.0,0.0,3.0,1.0,0.0,95
6.0,0.0,4.0,3.0,325.0,52
62.0,1.0,2.0,1.0,152.0,200
98.0,0.0,3.0,1.0,1.0,64
2.0,0.0,3.0,2.0,65.0,138
136.0,0.0,1.0,1.0,206.0,50
49.0,0.0,4.0,1.0,89.0,55
100.0,1.0,1.0,1.0,83.0,168
7.0,1.0,5.0,2.0,7.0,140
20.0,1.0,2.0,1.0,49.0,250
37.0,0.0,1.0,1.0,333.0,50
15.0,0.0,1.0,2.0,89.0,47
45.0,0.0,4.0,2.0,233.0,99
7.0,1.0,3.0,2.0,76.0,285
44.0,1.0,7.0,1.0,190.0,80
107.0,0.0,3.0,2.0,365.0,55
27.0,0.0,4.0,1.0,60.0,400
111.0,0.0,2.0,1.0,0.0,49
1.0,1.0,3.0,49.0,204.0,699
3.0,1.0,2.0,1.0,78.0,250
8.0,1.0,7.0,1.0,68.0,150
119.0,1.0,1.0,1.0,0.0,150
13.0,0.0,30.0,25.0,220.0,48
28.0,1.0,2.0,1.0,0.0,160
79.0,1.0,3.0,1.0,297.0,225
23.0,1.0,5.0,1.0,0.0,240
7.0,1.0,30.0,96.0,303.0,250
6.0,0.0,3.0,2.0,310.0,70
12.0,1.0,3.0,1.0,0.0,170
11.0,0.0,1.0,1.0,330.0,90
12.0,1.0,2.0,1.0,153.0,418
8.0,1.0,30.0,52.0,365.0,87
1.0,1.0,7.0,1.0,0.0,1200
5.0,0.0,1.0,1.0,0.0,75
6.0,0.0,3.0,1.0,78.0,65
0.0,1.0,2.0,1.0,0.0,95
14.0,1.0,30.0,2.0,67.0,125
23.0,2.0,1.0,2.0,0.0,68
19.0,1.0,2.0,1.0,36.0,200
114.0,0.0,2.0,1.0,0.0,50
87.0,0.0,7.0,1.0,365.0,90
11.0,0.0,3.0,2.0,0.0,250
7.0,0.0,2.0,2.0,279.0,59
43.0,1.0,29.0,327.0,328.0,164
2.0,1.0,3.0,1.0,0.0,200
14.0,1.0,2.0,1.0,274.0,299
12.0,0.0,2.0,1.0,156.0,55
6.0,0.0,6.0,1.0,0.0,52
21.0,1.0,1.0,1.0,0.0,60
110.0,0.0,30.0,2.0,354.0,75
12.0,1.0,4.0,1.0,13.0,150
43.0,1.0,30.0,96.0,332.0,178
48.0,0.0,2.0,1.0,5.0,295
1.0,0.0,1.0,14.0,350.0,450
34.0,1.0,30.0,1.0,208.0,200
30.0,0.0,2.0,2.0,169.0,55
28.0,0.0,4.0,1.0,95.0,135
7.0,1.0,2.0,1.0,205.0,200
6.0,0.0,5.0,7.0,0.0,50
12.0,0.0,2.0,1.0,0.0,70
15.0,0.0,5.0,1.0,0.0,44
1.0,0.0,3.0,12.0,365.0,599
12.0,1.0,3.0,1.0,353.0,500
12.0,0.0,3.0,1.0,0.0,48
12.0,1.0,2.0,1.0,0.0,150
45.0,1.0,1.0,1.0,0.0,170
12.0,0.0,2.0,2.0,245.0,90
126.0,1.0,2.0,3.0,300.0,184
6.0,0.0,3.0,1.0,0.0,60
20.0,0.0,5.0,2.0,78.0,70
1.0,1.0,2.0,2.0,0.0,120
19.0,1.0,4.0,1.0,41.0,190
6.0,1.0,7.0,1.0,0.0,125
1.0,0.0,3.0,2.0,0.0,129
70.0,0.0,3.0,8.0,360.0,75
59.0,0.0,2.0,2.0,26.0,50
29.0,1.0,30.0,1.0,219.0,95
13.0,1.0,4.0,2.0,22.0,186
20.0,0.0,2.0,1.0,0.0,55
1.0,1.0,28.0,49.0,257.0,714
2.0,1.0,30.0,1.0,7.0,135
32.0,0.0,1.0,1.0,0.0,200
7.0,1.0,30.0,121.0,365.0,199
2.0,0.0,1.0,1.0,0.0,56
20.0,1.0,3.0,1.0,6.0,149
6.0,0.0,30.0,27.0,331.0,42
30.0,0.0,2.0,1.0,365.0,97
12.0,2.0,1.0,3.0,358.0,25
8.0,2.0,1.0,1.0,39.0,60
4.0,0.0,1.0,2.0,34.0,65
12.0,1.0,3.0,1.0,0.0,200
5.0,1.0,29.0,96.0,347.0,184
132.0,0.0,1.0,2.0,0.0,115
21.0,1.0,7.0,1.0,0.0,65
87.0,0.0,1.0,10.0,120.0,55
6.0,1.0,2.0,1.0,177.0,150
56.0,1.0,1.0,1.0,317.0,150
7.0,0.0,5.0,2.0,236.0,124
42.0,0.0,2.0,3.0,17.0,80
121.0,0.0,12.0,1.0,0.0,105
19.0,0.0,8.0,1.0,0.0,80
10.0,1.0,5.0,1.0,192.0,163
8.0,1.0,1.0,1.0,176.0,175
15.0,0.0,2.0,1.0,0.0,80
22.0,0.0,3.0,1.0,0.0,60
83.0,0.0,2.0,1.0,188.0,70
16.0,1.0,2.0,2.0,185.0,120
14.0,1.0,3.0,1.0,18.0,350
3.0,1.0,2.0,1.0,159.0,100
30.0,0.0,1.0,1.0,341.0,55
6.0,1.0,1.0,1.0,241.0,115
28.0,1.0,4.0,1.0,0.0,139
71.0,0.0,1.0,15.0,359.0,100
3.0,0.0,2.0,1.0,0.0,75
129.0,1.0,3.0,1.0,308.0,170
12.0,1.0,30.0,1.0,235.0,100
103.0,1.0,2.0,1.0,341.0,149
15.0,1.0,2.0,1.0,12.0,139
4.0,0.0,2.0,1.0,5.0,52
7.0,0.0,7.0,1.0,0.0,79
28.0,1.0,2.0,1.0,0.0,500
36.0,1.0,2.0,1.0,279.0,159
12.0,0.0,1.0,1.0,0.0,70
5.0,1.0,4.0,1.0,167.0,600
12.0,1.0,1.0,1.0,0.0,1200
18.0,1.0,1.0,1.0,0.0,120
20.0,0.0,3.0,1.0,365.0,100
49.0,1.0,6.0,8.0,275.0,187
30.0,0.0,15.0,3.0,159.0,60
38.0,1.0,4.0,1.0,247.0,189
4.0,2.0,120.0,1.0,0.0,35
2.0,1.0,30.0,4.0,86.0,83
2.0,1.0,16.0,1.0,31.0,76
15.0,1.0,4.0,1.0,28.0,90
8.0,1.0,2.0,1.0,0.0,260
7.0,2.0,1.0,8.0,181.0,99
103.0,2.0,1.0,4.0,123.0,34
8.0,0.0,3.0,1.0,0.0,72
29.0,1.0,3.0,1.0,265.0,189
37.0,0.0,4.0,1.0,64.0,30
12.0,0.0,3.0,2.0,254.0,110
15.0,1.0,4.0,1.0,250.0,250
56.0,0.0,90.0,4.0,341.0,30
51.0,0.0,4.0,2.0,0.0,79
12.0,1.0,4.0,1.0,11.0,198
32.0,1.0,3.0,1.0,0.0,150
73.0,0.0,7.0,2.0,29.0,36
4.0,0.0,2.0,4.0,166.0,95
2.0,0.0,5.0,1.0,0.0,120
15.0,0.0,1.0,2.0,365.0,100
6.0,1.0,2.0,2.0,144.0,175
21.0,0.0,1.0,5.0,332.0,70
33.0,1.0,1.0,5.0,152.0,350
25.0,1.0,6.0,1.0,105.0,250
28.0,1.0,14.0,1.0,43.0,160
1.0,0.0,2.0,1.0,1.0,250
11.0,1.0,15.0,1.0,31.0,196
40.0,1.0,30.0,232.0,349.0,312
2.0,1.0,5.0,1.0,281.0,165
30.0,1.0,3.0,1.0,0.0,215
19.0,1.0,4.0,2.0,232.0,199
17.0,0.0,1.0,7.0,260.0,62
18.0,1.0,1.0,1.0,0.0,80
14.0,1.0,3.0,1.0,0.0,189
8.0,0.0,45.0,1.0,0.0,35
24.0,1.0,3.0,1.0,0.0,135
56.0,1.0,5.0,1.0,348.0,150
6.0,1.0,1.0,1.0,137.0,170
6.0,0.0,1.0,5.0,289.0,75
7.0,1.0,30.0,91.0,105.0,117
61.0,1.0,2.0,1.0,290.0,97
19.0,1.0,4.0,3.0,204.0,199
10.0,1.0,2.0,1.0,0.0,149
117.0,0.0,1.0,1.0,0.0,100
8.0,1.0,1.0,1.0,228.0,165
15.0,1.0,3.0,3.0,219.0,475
37.0,1.0,30.0,15.0,244.0,140
23.0,2.0,14.0,28.0,322.0,35
52.0,0.0,2.0,1.0,0.0,99
81.0,0.0,29.0,5.0,2.0,35
19.0,0.0,3.0,1.0,0.0,175
3.0,1.0,6.0,1.0,156.0,350
37.0,1.0,1.0,1.0,0.0,120
113.0,0.0,1.0,33.0,365.0,119
21.0,0.0,3.0,1.0,0.0,45
43.0,1.0,2.0,327.0,329.0,188
5.0,1.0,30.0,50.0,332.0,111
15.0,0.0,3.0,4.0,255.0,75
8.0,0.0,4.0,1.0,57.0,99
20.0,0.0,3.0,1.0,23.0,95
15.0,1.0,1.0,1.0,0.0,88
12.0,0.0,1.0,3.0,279.0,85
7.0,1.0,45.0,8.0,0.0,139
20.0,1.0,30.0,52.0,357.0,129
8.0,1.0,1.0,1.0,0.0,275
23.0,1.0,1.0,1.0,319.0,210
56.0,0.0,5.0,2.0,208.0,69
7.0,1.0,2.0,1.0,0.0,245
12.0,0.0,28.0,6.0,297.0,45
7.0,1.0,30.0,91.0,363.0,175
123.0,0.0,2.0,1.0,59.0,85
19.0,0.0,1.0,2.0,238.0,73
24.0,0.0,30.0,43.0,361.0,45
1.0,1.0,30.0,2.0,365.0,340
1.0,1.0,30.0,18.0,364.0,748
12.0,0.0,1.0,3.0,206.0,85
28.0,0.0,3.0,5.0,138.0,82
18.0,1.0,5.0,1.0,0.0,75
38.0,1.0,4.0,1.0,0.0,135
2.0,1.0,5.0,2.0,9.0,75
20.0,1.0,3.0,13.0,74.0,129
20.0,1.0,1.0,1.0,0.0,125
39.0,2.0,2.0,1.0,0.0,79
14.0,1.0,2.0,1.0,270.0,949
21.0,0.0,30.0,17.0,326.0,50
38.0,1.0,2.0,1.0,5.0,160
5.0,1.0,2.0,1.0,0.0,200
18.0,0.0,1.0,1.0,132.0,70
37.0,0.0,2.0,6.0,180.0,46
14.0,1.0,4.0,1.0,4.0,180
6.0,0.0,1.0,6.0,152.0,43
34.0,1.0,4.0,1.0,55.0,150
52.0,1.0,4.0,1.0,74.0,500
6.0,0.0,3.0,1.0,47.0,60
14.0,0.0,14.0,1.0,0.0,140
4.0,0.0,1.0,1.0,0.0,100
2.0,0.0,1.0,1.0,0.0,93
121.0,1.0,3.0,1.0,292.0,150
6.0,0.0,1.0,1.0,0.0,50
3.0,0.0,1.0,2.0,0.0,85
56.0,0.0,1.0,1.0,3.0,51
28.0,1.0,12.0,1.0,171.0,135
28.0,0.0,3.0,1.0,0.0,110
8.0,1.0,30.0,10.0,343.0,264
80.0,0.0,1.0,2.0,179.0,200
6.0,0.0,2.0,3.0,314.0,55
44.0,0.0,14.0,1.0,0.0,30
2.0,0.0,2.0,2.0,263.0,120
3.0,0.0,3.0,1.0,0.0,60
7.0,1.0,5.0,1.0,0.0,170
20.0,0.0,5.0,1.0,242.0,120
12.0,0.0,1.0,3.0,0.0,60
5.0,0.0,1.0,1.0,2.0,80
21.0,1.0,2.0,2.0,99.0,350
19.0,1.0,5.0,1.0,0.0,200
4.0,0.0,2.0,1.0,117.0,105
14.0,1.0,5.0,1.0,0.0,93
49.0,0.0,2.0,1.0,0.0,50
2.0,0.0,3.0,1.0,285.0,47
21.0,1.0,3.0,4.0,272.0,399
20.0,1.0,2.0,1.0,178.0,175
6.0,0.0,1.0,3.0,0.0,56
56.0,0.0,1.0,3.0,188.0,70
12.0,1.0,3.0,1.0,9.0,180
71.0,1.0,30.0,87.0,340.0,256
17.0,0.0,2.0,1.0,353.0,80
31.0,1.0,1.0,1.0,332.0,87
36.0,0.0,3.0,1.0,10.0,142
14.0,0.0,1.0,2.0,12.0,100
29.0,1.0,4.0,1.0,21.0,200
6.0,0.0,2.0,2.0,14.0,40
18.0,1.0,1.0,1.0,5.0,100
103.0,1.0,1.0,3.0,111.0,125
117.0,1.0,90.0,1.0,365.0,111
28.0,1.0,4.0,1.0,0.0,465
10.0,1.0,2.0,1.0,0.0,150
22.0,0.0,1.0,2.0,98.0,45
11.0,0.0,14.0,1.0,31.0,100
21.0,1.0,30.0,26.0,156.0,84
12.0,1.0,6.0,1.0,0.0,320
23.0,0.0,1.0,3.0,360.0,119
28.0,1.0,2.0,1.0,105.0,140
15.0,0.0,1.0,1.0,0.0,40
11.0,1.0,1.0,1.0,0.0,228
2.0,0.0,3.0,4.0,230.0,70
15.0,0.0,2.0,1.0,131.0,45
21.0,1.0,2.0,1.0,0.0,200
12.0,0.0,2.0,1.0,4.0,68
12.0,0.0,5.0,2.0,67.0,59
30.0,0.0,2.0,2.0,336.0,62
7.0,1.0,3.0,1.0,7.0,100
12.0,0.0,2.0,1.0,3.0,57
127.0,1.0,2.0,2.0,298.0,87
14.0,1.0,4.0,1.0,228.0,200
71.0,1.0,29.0,327.0,342.0,215
43.0,1.0,29.0,327.0,326.0,100
9.0,0.0,3.0,1.0,0.0,70
172.0,1.0,2.0,1.0,45.0,67
108.0,1.0,3.0,1.0,128.0,70
33.0,1.0,2.0,1.0,0.0,100
2.0,0.0,2.0,3.0,77.0,75
15.0,0.0,1.0,2.0,0.0,45
30.0,1.0,3.0,6.0,46.0,250
6.0,1.0,10.0,1.0,156.0,120
68.0,0.0,1.0,1.0,0.0,110
11.0,1.0,1.0,1.0,0.0,450
7.0,1.0,3.0,1.0,0.0,175
18.0,0.0,1.0,9.0,324.0,100
75.0,1.0,5.0,2.0,269.0,80
21.0,1.0,2.0,1.0,55.0,100
15.0,1.0,4.0,1.0,28.0,130
11.0,0.0,5.0,1.0,0.0,100
26.0,1.0,2.0,1.0,0.0,195
14.0,1.0,3.0,2.0,0.0,435
21.0,1.0,4.0,1.0,0.0,110
64.0,1.0,2.0,1.0,252.0,200
21.0,0.0,1.0,2.0,74.0,80
70.0,0.0,3.0,2.0,23.0,49
12.0,1.0,1.0,1.0,0.0,120
68.0,1.0,2.0,1.0,322.0,250
21.0,0.0,31.0,1.0,35.0,39
26.0,1.0,3.0,1.0,8.0,150
14.0,1.0,2.0,1.0,0.0,250
3.0,1.0,30.0,1.0,9.0,200
23.0,0.0,2.0,1.0,276.0,115
1.0,1.0,4.0,1.0,309.0,620
7.0,1.0,1.0,1.0,216.0,269
15.0,1.0,3.0,1.0,193.0,69
71.0,0.0,14.0,3.0,35.0,70
2.0,0.0,1.0,1.0,0.0,50
84.0,1.0,1.0,1.0,365.0,750
20.0,0.0,7.0,3.0,365.0,75
6.0,0.0,2.0,1.0,0.0,50
37.0,0.0,1.0,6.0,163.0,80
85.0,0.0,2.0,4.0,3.0,35
28.0,0.0,1.0,1.0,0.0,150
83.0,0.0,20.0,1.0,175.0,60
21.0,0.0,1.0,1.0,5.0,60
54.0,0.0,1.0,5.0,0.0,48
2.0,0.0,2.0,2.0,90.0,95
87.0,0.0,1.0,10.0,95.0,55
96.0,1.0,8.0,1.0,0.0,75
30.0,0.0,1.0,3.0,66.0,45
33.0,1.0,5.0,1.0,0.0,110
30.0,1.0,30.0,2.0,323.0,125
21.0,1.0,2.0,2.0,0.0,160
6.0,0.0,3.0,1.0,0.0,48
25.0,0.0,2.0,2.0,90.0,97
12.0,1.0,1.0,2.0,1.0,110
26.0,1.0,3.0,1.0,0.0,175
1.0,1.0,1.0,1.0,5.0,150
15.0,1.0,2.0,1.0,365.0,149
44.0,1.0,5.0,1.0,0.0,100
12.0,1.0,2.0,1.0,95.0,300
63.0,1.0,2.0,1.0,0.0,69
20.0,1.0,2.0,1.0,100.0,150
26.0,1.0,1.0,1.0,0.0,152
22.0,1.0,4.0,2.0,328.0,140
37.0,0.0,1.0,5.0,80.0,45
4.0,0.0,7.0,3.0,328.0,75
21.0,0.0,1.0,2.0,0.0,70
5.0,1.0,30.0,50.0,180.0,150
2.0,1.0,2.0,1.0,37.0,125
19.0,0.0,1.0,1.0,0.0,75
189.0,1.0,30.0,1.0,88.0,121
16.0,1.0,7.0,1.0,33.0,189
44.0,0.0,2.0,1.0,88.0,80
6.0,0.0,15.0,2.0,0.0,50
12.0,1.0,1.0,1.0,0.0,360
183.0,1.0,2.0,1.0,95.0,68
14.0,1.0,6.0,1.0,0.0,300
6.0,2.0,15.0,14.0,0.0,35
19.0,1.0,2.0,1.0,63.0,175
6.0,0.0,18.0,2.0,341.0,37
7.0,1.0,6.0,1.0,105.0,399
28.0,0.0,1.0,2.0,281.0,100
8.0,1.0,3.0,1.0,0.0,175
28.0,1.0,29.0,327.0,220.0,150
9.0,0.0,1.0,1.0,2.0,100
26.0,1.0,3.0,1.0,0.0,175
126.0,0.0,1.0,3.0,73.0,50
7.0,0.0,1.0,2.0,255.0,150
12.0,0.0,2.0,1.0,0.0,55
103.0,1.0,1.0,1.0,0.0,85
8.0,0.0,1.0,6.0,345.0,299
153.0,1.0,3.0,1.0,78.0,150
5.0,1.0,3.0,1.0,187.0,299
48.0,1.0,3.0,1.0,336.0,399
43.0,1.0,1.0,1.0,246.0,265
44.0,0.0,7.0,5.0,365.0,140
82.0,0.0,60.0,1.0,358.0,85
3.0,1.0,5.0,1.0,0.0,125
6.0,0.0,10.0,2.0,5.0,50
5.0,0.0,4.0,1.0,365.0,335
12.0,0.0,2.0,1.0,0.0,100
2.0,0.0,1.0,1.0,2.0,49
12.0,2.0,2.0,1.0,325.0,62
75.0,1.0,7.0,1.0,0.0,120
23.0,0.0,1.0,1.0,364.0,125
7.0,0.0,3.0,2.0,30.0,225
2.0,0.0,1.0,2.0,115.0,47
56.0,1.0,3.0,1.0,64.0,125
56.0,0.0,1.0,1.0,13.0,55
12.0,0.0,3.0,3.0,180.0,119
2.0,0.0,2.0,2.0,234.0,88
46.0,0.0,1.0,3.0,180.0,80
8.0,0.0,2.0,1.0,0.0,100
70.0,0.0,2.0,1.0,342.0,55
43.0,1.0,2.0,327.0,310.0,223
14.0,1.0,3.0,1.0,0.0,1000
111.0,1.0,15.0,1.0,0.0,50
12.0,0.0,1.0,1.0,188.0,89
8.0,1.0,7.0,1.0,292.0,350
54.0,2.0,30.0,7.0,343.0,25
7.0,1.0,6.0,1.0,0.0,99
15.0,1.0,3.0,1.0,0.0,100
14.0,1.0,1.0,1.0,0.0,200
14.0,2.0,1.0,1.0,0.0,200
1.0,1.0,30.0,65.0,339.0,200
12.0,0.0,7.0,1.0,87.0,75
12.0,1.0,1.0,1.0,88.0,1000
1.0,0.0,3.0,1.0,0.0,160
21.0,0.0,2.0,3.0,282.0,65
2.0,0.0,2.0,1.0,0.0,55
14.0,1.0,3.0,1.0,0.0,300
12.0,0.0,1.0,2.0,59.0,105
6.0,0.0,6.0,1.0,88.0,75
20.0,0.0,3.0,1.0,0.0,75
21.0,1.0,3.0,3.0,217.0,375
12.0,1.0,3.0,1.0,218.0,140
13.0,0.0,1.0,1.0,11.0,63
11.0,1.0,2.0,1.0,0.0,200
93.0,1.0,30.0,4.0,178.0,95
66.0,0.0,3.0,4.0,80.0,53
56.0,0.0,1.0,1.0,0.0,75
9.0,0.0,1.0,1.0,259.0,71
32.0,1.0,7.0,1.0,125.0,185
21.0,0.0,14.0,1.0,0.0,55
1.0,1.0,1.0,1.0,264.0,99
12.0,1.0,7.0,1.0,44.0,170
7.0,1.0,30.0,31.0,65.0,115
20.0,1.0,1.0,1.0,0.0,125
68.0,1.0,30.0,33.0,364.0,216
19.0,1.0,2.0,2.0,0.0,300
2.0,1.0,1.0,1.0,222.0,140
15.0,0.0,1.0,1.0,251.0,67
98.0,0.0,1.0,4.0,75.0,50
64.0,1.0,1.0,1.0,365.0,209
4.0,1.0,7.0,1.0,0.0,150
20.0,1.0,3.0,1.0,114.0,250
7.0,1.0,3.0,1.0,90.0,300
6.0,0.0,25.0,2.0,100.0,60
20.0,1.0,30.0,2.0,326.0,179
28.0,0.0,3.0,9.0,50.0,80
11.0,0.0,3.0,1.0,236.0,90
2.0,0.0,1.0,1.0,0.0,75
6.0,1.0,2.0,2.0,0.0,150
26.0,1.0,5.0,1.0,0.0,275
5.0,1.0,29.0,96.0,335.0,187
48.0,0.0,2.0,1.0,0.0,250
34.0,0.0,1.0,1.0,0.0,60
28.0,1.0,2.0,1.0,365.0,430
62.0,1.0,2.0,1.0,73.0,65
21.0,0.0,2.0,4.0,64.0,60
13.0,1.0,2.0,1.0,2.0,104
1.0,1.0,30.0,1.0,352.0,150
12.0,0.0,1.0,3.0,304.0,109
30.0,0.0,15.0,3.0,353.0,40
9.0,1.0,2.0,1.0,15.0,110
43.0,0.0,2.0,327.0,280.0,375
132.0,1.0,20.0,1.0,30.0,250
25.0,0.0,4.0,1.0,70.0,105
15.0,1.0,5.0,1.0,0.0,97
25.0,0.0,2.0,1.0,0.0,50
15.0,0.0,1.0,1.0,292.0,65
159.0,0.0,1.0,4.0,362.0,85
6.0,1.0,30.0,1.0,221.0,120
19.0,1.0,1.0,1.0,53.0,500
71.0,1.0,30.0,121.0,363.0,239
1.0,0.0,1.0,1.0,0.0,250
30.0,0.0,1.0,1.0,0.0,40
7.0,1.0,3.0,2.0,0.0,380
21.0,0.0,30.0,4.0,191.0,60
56.0,2.0,5.0,1.0,0.0,75
54.0,1.0,7.0,1.0,0.0,115
6.0,1.0,2.0,3.0,248.0,550
93.0,0.0,2.0,1.0,363.0,110
30.0,0.0,3.0,2.0,313.0,51
19.0,1.0,30.0,1.0,116.0,280
7.0,2.0,1.0,3.0,208.0,69
6.0,0.0,10.0,3.0,216.0,34
11.0,1.0,2.0,2.0,173.0,247
161.0,0.0,2.0,3.0,0.0,42
10.0,1.0,30.0,1.0,204.0,180
50.0,1.0,1.0,1.0,343.0,495
17.0,1.0,7.0,1.0,0.0,150
28.0,1.0,3.0,1.0,0.0,95
101.0,0.0,1.0,7.0,359.0,100
68.0,1.0,2.0,1.0,0.0,169
113.0,1.0,30.0,87.0,365.0,202
11.0,1.0,3.0,1.0,0.0,150
4.0,1.0,1.0,1.0,32.0,180
13.0,0.0,3.0,1.0,0.0,130
11.0,1.0,2.0,1.0,0.0,300
56.0,2.0,1.0,4.0,66.0,42
13.0,1.0,15.0,1.0,0.0,70
19.0,1.0,3.0,1.0,0.0,115
37.0,1.0,2.0,6.0,243.0,500
15.0,1.0,5.0,1.0,0.0,89
21.0,0.0,10.0,2.0,0.0,65
6.0,0.0,1.0,6.0,222.0,0
24.0,0.0,1.0,1.0,188.0,89
29.0,1.0,17.0,1.0,0.0,99
12.0,1.0,3.0,1.0,66.0,100
62.0,1.0,2.0,1.0,40.0,100
12.0,0.0,2.0,2.0,365.0,80
29.0,1.0,2.0,1.0,0.0,190
12.0,1.0,8.0,1.0,113.0,179
21.0,1.0,3.0,1.0,10.0,100
1.0,1.0,3.0,12.0,0.0,339
30.0,0.0,1.0,1.0,0.0,100
6.0,1.0,2.0,1.0,160.0,325
14.0,1.0,3.0,1.0,0.0,200
5.0,1.0,2.0,327.0,81.0,255
2.0,0.0,1.0,1.0,0.0,84
8.0,0.0,3.0,1.0,193.0,85
31.0,0.0,7.0,1.0,0.0,50
21.0,1.0,3.0,2.0,0.0,78
12.0,0.0,1.0,1.0,90.0,99
12.0,1.0,3.0,1.0,2.0,225
144.0,0.0,2.0,2.0,34.0,48
4.0,0.0,18.0,1.0,0.0,75
49.0,0.0,4.0,1.0,0.0,35
6.0,1.0,3.0,2.0,194.0,95
21.0,1.0,1.0,1.0,85.0,100
21.0,0.0,1.0,5.0,328.0,50
12.0,0.0,2.0,2.0,66.0,110
15.0,1.0,2.0,1.0,0.0,100
22.0,1.0,3.0,1.0,51.0,105
2.0,0.0,1.0,1.0,358.0,250
4.0,1.0,30.0,1.0,235.0,35
64.0,1.0,10.0,1.0,137.0,229
56.0,0.0,3.0,1.0,54.0,300
23.0,0.0,3.0,1.0,0.0,104
50.0,1.0,14.0,1.0,0.0,99
7.0,1.0,30.0,121.0,364.0,302
2.0,0.0,2.0,2.0,59.0,65
54.0,0.0,7.0,9.0,365.0,90
169.0,0.0,30.0,6.0,333.0,40
94.0,0.0,5.0,2.0,298.0,56
69.0,0.0,2.0,1.0,363.0,60
1.0,0.0,2.0,2.0,266.0,314
32.0,0.0,10.0,1.0,0.0,50
12.0,0.0,2.0,2.0,62.0,95
103.0,0.0,2.0,1.0,0.0,100
12.0,0.0,1.0,1.0,0.0,70
28.0,0.0,1.0,5.0,0.0,99
168.0,1.0,1.0,1.0,279.0,60
8.0,1.0,2.0,1.0,215.0,185
123.0,0.0,1.0,1.0,86.0,69
2.0,1.0,8.0,1.0,170.0,98
2.0,0.0,2.0,4.0,72.0,55
8.0,1.0,30.0,11.0,364.0,2000
6.0,0.0,5.0,1.0,0.0,60
1.0,0.0,1.0,10.0,362.0,300
12.0,0.0,3.0,1.0,147.0,89
2.0,0.0,3.0,1.0,0.0,85
1.0,1.0,30.0,65.0,364.0,154
10.0,1.0,4.0,1.0,0.0,329
7.0,0.0,2.0,3.0,23.0,110
0.0,1.0,4.0,2.0,267.0,90
77.0,1.0,7.0,1.0,22.0,750
56.0,0.0,1.0,5.0,336.0,50
6.0,0.0,1.0,2.0,0.0,60
30.0,0.0,4.0,2.0,284.0,59
52.0,1.0,2.0,1.0,273.0,1000
34.0,0.0,30.0,2.0,0.0,45
2.0,0.0,2.0,1.0,89.0,116
111.0,0.0,1.0,1.0,11.0,39
46.0,1.0,2.0,5.0,365.0,1000
20.0,1.0,1.0,1.0,1.0,75
10.0,1.0,5.0,1.0,8.0,150
6.0,1.0,5.0,1.0,0.0,150
19.0,1.0,28.0,2.0,211.0,133
28.0,0.0,5.0,1.0,0.0,55
5.0,0.0,2.0,1.0,66.0,138
4.0,0.0,7.0,1.0,0.0,65
7.0,0.0,7.0,47.0,356.0,65
53.0,1.0,31.0,11.0,122.0,135
8.0,1.0,7.0,1.0,147.0,250
14.0,1.0,30.0,87.0,350.0,270
28.0,0.0,2.0,2.0,259.0,111
12.0,0.0,1.0,2.0,0.0,60
54.0,0.0,1.0,6.0,365.0,89
12.0,0.0,1.0,1.0,0.0,57
124.0,0.0,1.0,5.0,0.0,50
90.0,0.0,4.0,2.0,175.0,79
25.0,1.0,2.0,1.0,4.0,120
20.0,1.0,3.0,1.0,98.0,250
63.0,0.0,1.0,1.0,0.0,80
21.0,0.0,1.0,3.0,28.0,59
4.0,0.0,2.0,1.0,0.0,69
29.0,0.0,7.0,1.0,38.0,90
84.0,0.0,90.0,2.0,0.0,48
2.0,1.0,3.0,2.0,301.0,165
45.0,1.0,4.0,1.0,0.0,290
46.0,0.0,1.0,3.0,359.0,50
12.0,0.0,5.0,1.0,0.0,55
6.0,1.0,7.0,1.0,20.0,195
7.0,0.0,7.0,47.0,338.0,120
11.0,1.0,3.0,1.0,0.0,250
56.0,1.0,3.0,1.0,0.0,100
137.0,0.0,1.0,3.0,0.0,71
1.0,2.0,2.0,1.0,5.0,90
20.0,1.0,4.0,1.0,30.0,118
21.0,1.0,2.0,1.0,0.0,120
19.0,1.0,1.0,1.0,15.0,250
6.0,0.0,4.0,1.0,0.0,35
63.0,0.0,1.0,1.0,0.0,75
56.0,1.0,20.0,1.0,0.0,129
24.0,1.0,1.0,1.0,0.0,105
52.0,1.0,4.0,3.0,22.0,420
13.0,0.0,7.0,1.0,0.0,50
12.0,1.0,3.0,1.0,230.0,255
79.0,0.0,8.0,1.0,66.0,40
21.0,0.0,4.0,1.0,0.0,60
21.0,0.0,2.0,2.0,11.0,50
20.0,1.0,2.0,1.0,0.0,89
19.0,1.0,2.0,1.0,0.0,180
2.0,2.0,1.0,3.0,89.0,31
45.0,0.0,2.0,1.0,9.0,85
12.0,0.0,2.0,1.0,0.0,210
121.0,0.0,2.0,2.0,127.0,50
123.0,1.0,1.0,2.0,0.0,80
7.0,1.0,2.0,1.0,0.0,159
56.0,0.0,4.0,2.0,47.0,110
14.0,1.0,1.0,1.0,358.0,165
6.0,1.0,7.0,1.0,89.0,175
23.0,1.0,4.0,1.0,343.0,143
19.0,2.0,6.0,3.0,196.0,69
32.0,0.0,1.0,1.0,73.0,89
6.0,1.0,5.0,1.0,0.0,95
12.0,0.0,2.0,1.0,282.0,75
7.0,1.0,7.0,1.0,23.0,185
117.0,0.0,1.0,1.0,0.0,60
6.0,1.0,2.0,1.0,35.0,140
7.0,2.0,1.0,5.0,48.0,80
29.0,0.0,1.0,2.0,365.0,100
21.0,0.0,3.0,8.0,352.0,75
8.0,1.0,2.0,1.0,2.0,195
2.0,1.0,30.0,2.0,331.0,110
43.0,1.0,2.0,327.0,329.0,229
28.0,0.0,1.0,1.0,188.0,125
52.0,1.0,1.0,1.0,0.0,2500
15.0,0.0,1.0,1.0,0.0,25
34.0,1.0,2.0,1.0,0.0,350
98.0,0.0,1.0,2.0,16.0,55
20.0,1.0,3.0,1.0,3.0,300
31.0,0.0,7.0,1.0,0.0,30
12.0,1.0,3.0,1.0,35.0,200
9.0,1.0,5.0,2.0,163.0,117
28.0,1.0,1.0,1.0,19.0,160
23.0,1.0,1.0,1.0,0.0,249
4.0,0.0,3.0,1.0,14.0,190
37.0,0.0,2.0,7.0,122.0,80
203.0,1.0,1.0,1.0,136.0,180
12.0,1.0,2.0,1.0,96.0,325
16.0,0.0,30.0,1.0,363.0,160
7.0,0.0,5.0,1.0,178.0,150
18.0,0.0,4.0,1.0,4.0,57
1.0,0.0,3.0,1.0,355.0,95
29.0,1.0,5.0,1.0,36.0,250
7.0,0.0,5.0,1.0,8.0,120
2.0,0.0,6.0,8.0,346.0,45
0.0,2.0,3.0,1.0,365.0,250
12.0,1.0,2.0,1.0,0.0,249
12.0,1.0,30.0,2.0,252.0,160
4.0,0.0,2.0,1.0,7.0,100
12.0,0.0,1.0,3.0,229.0,90
4.0,0.0,1.0,1.0,270.0,100
21.0,0.0,2.0,1.0,0.0,54
4.0,2.0,1.0,4.0,365.0,75
7.0,1.0,1.0,1.0,0.0,200
7.0,0.0,1.0,30.0,363.0,299
30.0,1.0,1.0,1.0,1.0,100
44.0,0.0,1.0,1.0,0.0,80
54.0,1.0,2.0,2.0,363.0,100
21.0,0.0,1.0,2.0,363.0,65
123.0,1.0,1.0,1.0,0.0,200
20.0,0.0,7.0,1.0,62.0,60
22.0,1.0,7.0,3.0,0.0,113
34.0,0.0,2.0,1.0,0.0,110
63.0,1.0,30.0,1.0,99.0,69
6.0,1.0,2.0,1.0,0.0,60
43.0,1.0,29.0,327.0,345.0,117
6.0,0.0,2.0,3.0,324.0,70
24.0,1.0,30.0,1.0,43.0,100
39.0,1.0,2.0,2.0,229.0,170
31.0,0.0,30.0,15.0,7.0,35
19.0,0.0,1.0,2.0,177.0,135
110.0,0.0,4.0,7.0,337.0,30
26.0,0.0,2.0,1.0,31.0,150
1.0,0.0,5.0,1.0,0.0,90
6.0,1.0,7.0,1.0,0.0,114
68.0,0.0,1.0,1.0,14.0,82
19.0,1.0,1.0,1.0,259.0,260
12.0,0.0,5.0,1.0,0.0,40
6.0,0.0,1.0,3.0,15.0,55
8.0,1.0,2.0,1.0,10.0,419
183.0,1.0,1.0,1.0,336.0,60
43.0,2.0,1.0,1.0,0.0,1000
2.0,1.0,6.0,1.0,293.0,249
25.0,1.0,4.0,1.0,0.0,135
44.0,0.0,5.0,1.0,13.0,31
46.0,0.0,2.0,3.0,319.0,65
14.0,1.0,30.0,65.0,327.0,425
10.0,1.0,3.0,1.0,26.0,249
43.0,1.0,1.0,1.0,0.0,575
12.0,1.0,3.0,1.0,0.0,110
1.0,1.0,2.0,1.0,0.0,150
101.0,1.0,21.0,1.0,222.0,100
2.0,0.0,3.0,1.0,247.0,57
6.0,1.0,7.0,1.0,0.0,100
2.0,0.0,2.0,1.0,75.0,85
39.0,1.0,2.0,3.0,135.0,120
12.0,1.0,6.0,1.0,0.0,125
77.0,1.0,30.0,232.0,217.0,358
21.0,0.0,1.0,1.0,180.0,72
28.0,1.0,1.0,3.0,346.0,349
4.0,0.0,1.0,1.0,0.0,99
101.0,1.0,1.0,1.0,0.0,325
112.0,1.0,1.0,1.0,179.0,115
15.0,0.0,2.0,1.0,0.0,75
183.0,0.0,1.0,3.0,0.0,62
21.0,0.0,2.0,2.0,18.0,60
21.0,0.0,3.0,2.0,17.0,99
49.0,1.0,2.0,1.0,0.0,175
103.0,0.0,1.0,3.0,85.0,50
71.0,1.0,30.0,121.0,174.0,135
7.0,2.0,1.0,5.0,23.0,95
6.0,1.0,3.0,2.0,314.0,250
23.0,0.0,3.0,1.0,67.0,400
4.0,0.0,3.0,3.0,205.0,80
23.0,0.0,1.0,3.0,0.0,75
54.0,1.0,3.0,2.0,78.0,80
68.0,1.0,1.0,1.0,0.0,125
7.0,0.0,4.0,1.0,0.0,95
46.0,1.0,2.0,1.0,322.0,130
9.0,0.0,2.0,1.0,0.0,105
64.0,0.0,2.0,2.0,0.0,59
14.0,1.0,2.0,1.0,358.0,250
85.0,1.0,2.0,1.0,267.0,99
33.0,1.0,7.0,1.0,0.0,116
15.0,1.0,2.0,1.0,0.0,125
15.0,1.0,28.0,1.0,196.0,130
103.0,0.0,1.0,7.0,55.0,49
5.0,1.0,30.0,50.0,180.0,150
56.0,0.0,1.0,1.0,0.0,49
19.0,1.0,2.0,2.0,314.0,200
2.0,0.0,1.0,2.0,0.0,50
133.0,0.0,2.0,1.0,6.0,35
6.0,1.0,1.0,1.0,316.0,140
24.0,0.0,1.0,1.0,0.0,50
43.0,1.0,1.0,1.0,0.0,450
21.0,0.0,1.0,1.0,0.0,50
126.0,1.0,1.0,1.0,236.0,150
12.0,1.0,2.0,1.0,0.0,100
48.0,1.0,30.0,232.0,333.0,306
2.0,1.0,1.0,2.0,170.0,155
70.0,0.0,1.0,1.0,166.0,50
22.0,2.0,4.0,3.0,334.0,25
21.0,0.0,14.0,1.0,0.0,35
12.0,1.0,3.0,2.0,0.0,180
22.0,1.0,3.0,1.0,0.0,120
10.0,1.0,2.0,1.0,0.0,120
6.0,0.0,2.0,1.0,0.0,85
9.0,0.0,3.0,1.0,5.0,85
38.0,2.0,1.0,2.0,0.0,47
6.0,0.0,7.0,3.0,243.0,50
22.0,1.0,1.0,1.0,0.0,110
2.0,0.0,2.0,3.0,154.0,16
14.0,1.0,30.0,232.0,310.0,334
28.0,1.0,5.0,1.0,0.0,200
8.0,0.0,6.0,1.0,180.0,89
21.0,1.0,2.0,1.0,237.0,124
11.0,1.0,1.0,1.0,0.0,250
12.0,1.0,2.0,1.0,0.0,450
2.0,0.0,3.0,3.0,359.0,160
6.0,0.0,1.0,2.0,8.0,58
44.0,0.0,1.0,1.0,165.0,55
2.0,0.0,1.0,1.0,0.0,45
13.0,0.0,5.0,1.0,250.0,99
33.0,1.0,3.0,1.0,0.0,115
1.0,1.0,30.0,121.0,352.0,239
95.0,1.0,4.0,2.0,145.0,130
4.0,1.0,1.0,1.0,0.0,113
70.0,0.0,3.0,13.0,365.0,54
15.0,0.0,2.0,1.0,0.0,55
12.0,0.0,2.0,1.0,36.0,69
6.0,1.0,3.0,1.0,18.0,120
12.0,0.0,12.0,1.0,0.0,54
20.0,0.0,1.0,33.0,365.0,119
16.0,0.0,1.0,1.0,0.0,300
84.0,1.0,1.0,1.0,357.0,125
12.0,0.0,3.0,1.0,59.0,95
38.0,0.0,1.0,1.0,0.0,60
6.0,0.0,5.0,1.0,0.0,55
75.0,2.0,1.0,1.0,89.0,40
19.0,1.0,2.0,1.0,0.0,125
12.0,0.0,1.0,1.0,0.0,55
8.0,1.0,1.0,1.0,0.0,180
81.0,0.0,2.0,6.0,340.0,149
56.0,0.0,2.0,2.0,179.0,40
18.0,0.0,1.0,1.0,1.0,50
28.0,1.0,7.0,1.0,25.0,150
5.0,1.0,29.0,327.0,363.0,192
88.0,0.0,7.0,1.0,357.0,41
8.0,1.0,30.0,65.0,364.0,220
20.0,1.0,2.0,1.0,145.0,99
2.0,0.0,2.0,1.0,19.0,103
6.0,0.0,1.0,1.0,21.0,62
21.0,0.0,3.0,2.0,46.0,77
22.0,0.0,1.0,1.0,0.0,75
29.0,1.0,3.0,1.0,18.0,150
23.0,1.0,1.0,1.0,246.0,154
7.0,0.0,1.0,2.0,0.0,110
25.0,1.0,7.0,1.0,0.0,85
56.0,1.0,1.0,1.0,0.0,125
43.0,1.0,15.0,1.0,0.0,110
22.0,1.0,3.0,3.0,264.0,150
115.0,0.0,1.0,2.0,358.0,64
144.0,2.0,1.0,1.0,83.0,55
77.0,1.0,1.0,3.0,38.0,1000
21.0,0.0,30.0,17.0,336.0,55
18.0,0.0,3.0,8.0,255.0,90
6.0,1.0,3.0,1.0,147.0,130
158.0,0.0,2.0,5.0,348.0,55
7.0,1.0,30.0,2.0,335.0,130
9.0,0.0,2.0,1.0,0.0,60
37.0,1.0,2.0,3.0,313.0,105
49.0,1.0,3.0,1.0,89.0,390
6.0,0.0,2.0,3.0,117.0,39
8.0,1.0,2.0,1.0,18.0,180
43.0,1.0,29.0,327.0,345.0,100
14.0,1.0,3.0,1.0,169.0,223
12.0,0.0,4.0,4.0,8.0,50
21.0,1.0,2.0,1.0,127.0,159
7.0,0.0,5.0,1.0,0.0,100
12.0,0.0,1.0,1.0,0.0,80
28.0,1.0,3.0,1.0,0.0,175
14.0,0.0,2.0,1.0,11.0,75
12.0,0.0,2.0,2.0,342.0,75
56.0,1.0,2.0,1.0,115.0,120
56.0,0.0,2.0,1.0,249.0,97
24.0,1.0,3.0,2.0,241.0,150
28.0,1.0,5.0,1.0,0.0,117
12.0,1.0,3.0,1.0,35.0,150
6.0,1.0,3.0,1.0,41.0,85
19.0,1.0,4.0,1.0,0.0,129
27.0,0.0,1.0,4.0,89.0,120
4.0,0.0,30.0,4.0,153.0,44
2.0,0.0,30.0,1.0,90.0,110
12.0,0.0,1.0,1.0,109.0,75
19.0,1.0,4.0,1.0,121.0,148
1.0,0.0,2.0,2.0,2.0,600
8.0,1.0,2.0,1.0,0.0,250
15.0,1.0,2.0,1.0,147.0,85
12.0,1.0,2.0,1.0,335.0,160
13.0,1.0,2.0,1.0,42.0,120
14.0,1.0,3.0,1.0,0.0,400
21.0,2.0,1.0,7.0,82.0,25
19.0,0.0,3.0,1.0,9.0,85
2.0,1.0,2.0,1.0,0.0,75
12.0,0.0,30.0,5.0,333.0,58
80.0,1.0,1.0,1.0,0.0,110
8.0,0.0,3.0,1.0,24.0,380
21.0,0.0,2.0,1.0,0.0,40
19.0,1.0,30.0,4.0,213.0,120
12.0,1.0,7.0,1.0,146.0,200
160.0,2.0,4.0,7.0,365.0,30
173.0,1.0,1.0,1.0,1.0,80
21.0,0.0,2.0,1.0,1.0,45
21.0,0.0,2.0,1.0,0.0,80
1.0,0.0,2.0,1.0,1.0,175
1.0,1.0,1.0,1.0,0.0,120
3.0,1.0,1.0,4.0,331.0,175
36.0,1.0,31.0,1.0,288.0,190
16.0,1.0,365.0,1.0,365.0,100
30.0,1.0,1.0,3.0,352.0,235
7.0,1.0,30.0,31.0,195.0,166
12.0,0.0,3.0,1.0,101.0,75
19.0,1.0,3.0,1.0,0.0,200
6.0,0.0,1.0,4.0,335.0,40
11.0,1.0,80.0,2.0,78.0,250
52.0,1.0,2.0,1.0,0.0,103
1.0,1.0,30.0,232.0,311.0,334
6.0,0.0,30.0,5.0,221.0,43
17.0,1.0,1.0,2.0,11.0,100
44.0,0.0,1.0,7.0,45.0,50
7.0,0.0,2.0,1.0,358.0,90
2.0,1.0,2.0,1.0,0.0,102
11.0,1.0,3.0,1.0,164.0,179
19.0,1.0,2.0,3.0,69.0,152
2.0,0.0,3.0,1.0,10.0,45
33.0,1.0,2.0,1.0,0.0,225
1.0,1.0,4.0,2.0,242.0,239
5.0,1.0,30.0,5.0,311.0,310
19.0,1.0,5.0,1.0,0.0,100
8.0,0.0,5.0,1.0,0.0,69
8.0,0.0,90.0,1.0,193.0,55
37.0,0.0,1.0,5.0,85.0,82
56.0,0.0,1.0,1.0,349.0,69
1.0,1.0,2.0,1.0,0.0,550
12.0,1.0,4.0,1.0,0.0,219
38.0,0.0,1.0,1.0,0.0,57
28.0,1.0,2.0,1.0,0.0,130
21.0,1.0,1.0,1.0,0.0,200
15.0,0.0,1.0,1.0,0.0,75
24.0,0.0,3.0,1.0,0.0,60
86.0,1.0,1.0,3.0,12.0,60
28.0,0.0,1.0,2.0,0.0,60
33.0,1.0,2.0,1.0,53.0,150
30.0,0.0,2.0,1.0,0.0,30
22.0,1.0,3.0,1.0,33.0,130
51.0,0.0,1.0,1.0,0.0,99
30.0,0.0,1.0,1.0,49.0,40
20.0,1.0,3.0,1.0,54.0,176
121.0,1.0,2.0,1.0,361.0,160
25.0,1.0,4.0,1.0,0.0,85
13.0,1.0,5.0,1.0,2.0,130
56.0,1.0,4.0,1.0,351.0,180
8.0,1.0,5.0,1.0,0.0,175
0.0,1.0,2.0,1.0,58.0,250
107.0,0.0,1.0,1.0,61.0,50
21.0,0.0,1.0,1.0,0.0,80
9.0,0.0,14.0,1.0,28.0,95
1.0,1.0,4.0,1.0,323.0,189
2.0,1.0,30.0,1.0,7.0,85
19.0,1.0,2.0,1.0,0.0,179
6.0,0.0,5.0,1.0,0.0,50
79.0,0.0,1.0,3.0,365.0,150
6.0,0.0,3.0,1.0,60.0,63
6.0,0.0,3.0,3.0,59.0,62
52.0,1.0,1.0,1.0,0.0,108
8.0,1.0,5.0,1.0,12.0,199
52.0,0.0,2.0,1.0,0.0,75
19.0,1.0,1.0,1.0,170.0,159
99.0,0.0,1.0,2.0,0.0,125
7.0,1.0,6.0,2.0,236.0,350
11.0,1.0,3.0,1.0,180.0,220
6.0,0.0,7.0,1.0,0.0,45
83.0,0.0,30.0,1.0,88.0,200
159.0,1.0,1.0,1.0,0.0,51
4.0,0.0,2.0,3.0,88.0,99
2.0,0.0,1.0,2.0,105.0,40
49.0,1.0,2.0,1.0,363.0,200
46.0,1.0,3.0,1.0,44.0,120
6.0,0.0,7.0,1.0,0.0,37
4.0,0.0,1.0,2.0,0.0,165
28.0,2.0,1.0,2.0,0.0,75
12.0,1.0,5.0,1.0,188.0,120
68.0,0.0,2.0,1.0,18.0,85
19.0,1.0,2.0,1.0,0.0,245
20.0,1.0,1.0,2.0,0.0,83
6.0,0.0,1.0,1.0,5.0,125
30.0,0.0,4.0,2.0,0.0,65
48.0,1.0,1.0,1.0,75.0,649
103.0,0.0,1.0,1.0,147.0,80
45.0,0.0,3.0,2.0,18.0,55
101.0,0.0,1.0,1.0,0.0,100
37.0,0.0,1.0,8.0,67.0,60
2.0,0.0,2.0,1.0,188.0,70
121.0,0.0,2.0,1.0,0.0,69
6.0,0.0,2.0,1.0,0.0,45
28.0,0.0,1.0,2.0,287.0,105
6.0,0.0,1.0,1.0,0.0,55
22.0,0.0,3.0,1.0,186.0,39
6.0,0.0,1.0,1.0,0.0,50
96.0,1.0,4.0,1.0,6.0,150
22.0,1.0,3.0,1.0,0.0,97
6.0,0.0,1.0,7.0,136.0,130
28.0,1.0,14.0,3.0,340.0,225
21.0,1.0,3.0,2.0,229.0,140
37.0,1.0,6.0,7.0,174.0,298
46.0,0.0,1.0,2.0,250.0,45
2.0,0.0,2.0,1.0,0.0,36
52.0,1.0,1.0,1.0,0.0,225
24.0,1.0,5.0,1.0,0.0,100
15.0,1.0,2.0,1.0,220.0,160
7.0,1.0,45.0,12.0,345.0,160
21.0,0.0,3.0,1.0,0.0,45
47.0,1.0,7.0,2.0,363.0,250
12.0,0.0,6.0,1.0,4.0,69
28.0,0.0,4.0,1.0,31.0,120
8.0,0.0,2.0,1.0,0.0,175
68.0,1.0,1.0,1.0,72.0,199
22.0,1.0,3.0,1.0,0.0,80
22.0,1.0,1.0,1.0,0.0,155
94.0,0.0,2.0,3.0,171.0,60
6.0,0.0,3.0,1.0,0.0,46
21.0,1.0,2.0,3.0,360.0,275
6.0,0.0,2.0,1.0,0.0,55
6.0,1.0,30.0,1.0,126.0,88
25.0,1.0,6.0,4.0,346.0,120
43.0,1.0,3.0,1.0,0.0,235
28.0,1.0,3.0,1.0,61.0,150
31.0,0.0,30.0,37.0,1.0,55
28.0,0.0,1.0,2.0,62.0,111
7.0,1.0,1.0,1.0,186.0,129
2.0,0.0,2.0,1.0,0.0,75
16.0,1.0,9.0,1.0,251.0,250
6.0,0.0,3.0,2.0,342.0,45
25.0,1.0,1.0,1.0,0.0,175
1.0,1.0,7.0,1.0,0.0,200
3.0,1.0,3.0,1.0,31.0,125
30.0,0.0,2.0,1.0,0.0,44
37.0,0.0,1.0,4.0,85.0,54
6.0,1.0,1.0,5.0,48.0,104
20.0,1.0,2.0,1.0,0.0,117
6.0,1.0,3.0,2.0,264.0,83
21.0,1.0,2.0,2.0,0.0,150
12.0,1.0,3.0,1.0,38.0,180
21.0,0.0,2.0,2.0,40.0,45
4.0,0.0,2.0,1.0,166.0,75
43.0,1.0,5.0,1.0,208.0,230
6.0,0.0,2.0,1.0,0.0,39
54.0,1.0,4.0,1.0,13.0,199
26.0,1.0,30.0,91.0,317.0,117
19.0,1.0,3.0,1.0,0.0,198
1.0,1.0,30.0,1.0,161.0,206
6.0,0.0,2.0,1.0,159.0,80
22.0,1.0,7.0,1.0,0.0,75
20.0,1.0,1.0,1.0,0.0,185
14.0,1.0,5.0,1.0,0.0,156
4.0,0.0,6.0,1.0,0.0,85
82.0,0.0,1.0,5.0,283.0,65
32.0,1.0,3.0,1.0,225.0,585
4.0,1.0,3.0,1.0,159.0,249
28.0,1.0,30.0,15.0,270.0,99
56.0,0.0,5.0,1.0,83.0,90
12.0,1.0,4.0,1.0,0.0,150
25.0,0.0,15.0,2.0,259.0,79
19.0,0.0,2.0,1.0,0.0,100
21.0,0.0,2.0,1.0,0.0,82
5.0,1.0,30.0,50.0,358.0,367
43.0,0.0,7.0,13.0,365.0,169
8.0,1.0,3.0,1.0,197.0,120
12.0,1.0,3.0,2.0,242.0,180
23.0,0.0,1.0,3.0,79.0,65
22.0,0.0,1.0,1.0,0.0,40
6.0,0.0,1.0,3.0,20.0,55
12.0,0.0,2.0,2.0,64.0,89
12.0,0.0,2.0,2.0,14.0,60
81.0,0.0,2.0,1.0,0.0,60
19.0,0.0,2.0,1.0,89.0,110
13.0,0.0,2.0,2.0,3.0,70
19.0,0.0,2.0,1.0,0.0,80
6.0,1.0,7.0,2.0,179.0,200
6.0,1.0,2.0,1.0,24.0,75
54.0,2.0,1.0,2.0,365.0,50
8.0,0.0,2.0,2.0,154.0,130
6.0,1.0,3.0,1.0,42.0,150
11.0,1.0,2.0,1.0,0.0,300
101.0,1.0,28.0,1.0,47.0,91
23.0,1.0,2.0,1.0,67.0,120
11.0,1.0,3.0,1.0,22.0,495
1.0,1.0,30.0,96.0,189.0,156
7.0,1.0,2.0,1.0,140.0,200
24.0,1.0,7.0,2.0,82.0,190
14.0,1.0,2.0,1.0,128.0,215
7.0,0.0,1.0,5.0,0.0,110
1.0,1.0,4.0,1.0,0.0,750
4.0,1.0,1.0,5.0,83.0,165
28.0,1.0,2.0,1.0,0.0,299
33.0,1.0,2.0,1.0,0.0,55
12.0,0.0,1.0,1.0,0.0,55
8.0,0.0,1.0,1.0,365.0,1350
2.0,0.0,2.0,2.0,0.0,44
8.0,1.0,5.0,1.0,0.0,250
4.0,1.0,2.0,1.0,0.0,110
43.0,1.0,30.0,1.0,174.0,195
65.0,0.0,2.0,1.0,70.0,80
1.0,0.0,3.0,2.0,87.0,349
54.0,0.0,1.0,3.0,365.0,35
6.0,1.0,2.0,3.0,37.0,170
15.0,0.0,2.0,1.0,320.0,61
12.0,1.0,1.0,1.0,0.0,189
19.0,0.0,1.0,1.0,0.0,100
28.0,1.0,1.0,1.0,0.0,118
19.0,0.0,3.0,1.0,0.0,90
21.0,0.0,2.0,2.0,125.0,42
7.0,2.0,1.0,1.0,0.0,10
129.0,0.0,3.0,9.0,358.0,89
79.0,0.0,5.0,4.0,0.0,39
37.0,1.0,1.0,2.0,0.0,89
1.0,1.0,2.0,1.0,263.0,750
21.0,0.0,2.0,2.0,0.0,50
12.0,0.0,7.0,1.0,259.0,55
20.0,1.0,30.0,1.0,104.0,110
82.0,1.0,3.0,1.0,0.0,99
152.0,0.0,5.0,2.0,365.0,100
43.0,1.0,2.0,327.0,355.0,229
111.0,2.0,5.0,8.0,365.0,31
1.0,1.0,2.0,1.0,0.0,199
11.0,0.0,1.0,1.0,0.0,100
19.0,1.0,2.0,1.0,163.0,226
2.0,1.0,2.0,1.0,41.0,130
2.0,0.0,2.0,3.0,63.0,80
4.0,1.0,2.0,1.0,0.0,100
49.0,1.0,7.0,2.0,122.0,180
15.0,0.0,5.0,1.0,0.0,60
6.0,1.0,15.0,1.0,0.0,97
1.0,0.0,3.0,12.0,365.0,269
6.0,0.0,2.0,3.0,0.0,50
6.0,1.0,6.0,1.0,59.0,100
2.0,0.0,4.0,8.0,42.0,45
30.0,0.0,2.0,1.0,321.0,85
2.0,1.0,2.0,1.0,0.0,200
6.0,1.0,2.0,1.0,232.0,75
52.0,1.0,5.0,1.0,4.0,110
28.0,1.0,1.0,1.0,0.0,199
44.0,0.0,1.0,1.0,0.0,25
23.0,1.0,2.0,1.0,222.0,195
31.0,1.0,1.0,1.0,341.0,450
9.0,1.0,1.0,1.0,212.0,178
1.0,1.0,30.0,1.0,280.0,169
12.0,0.0,2.0,1.0,0.0,80
28.0,1.0,30.0,1.0,4.0,125
8.0,1.0,4.0,1.0,0.0,100
6.0,1.0,5.0,1.0,64.0,89
54.0,0.0,1.0,1.0,342.0,60
12.0,0.0,4.0,1.0,0.0,80
61.0,1.0,3.0,1.0,63.0,75
8.0,0.0,2.0,1.0,39.0,92
8.0,1.0,59.0,1.0,358.0,225
23.0,0.0,6.0,1.0,0.0,50
28.0,1.0,5.0,1.0,23.0,120
6.0,1.0,1.0,1.0,230.0,129
19.0,0.0,3.0,1.0,224.0,100
15.0,1.0,4.0,3.0,6.0,100
20.0,1.0,4.0,1.0,0.0,100
30.0,1.0,4.0,1.0,0.0,103
177.0,0.0,1.0,1.0,83.0,40
30.0,1.0,2.0,4.0,127.0,150
2.0,0.0,1.0,1.0,365.0,50
5.0,1.0,30.0,87.0,365.0,189
4.0,1.0,5.0,1.0,0.0,99
1.0,0.0,60.0,1.0,327.0,109
22.0,0.0,1.0,1.0,358.0,50
21.0,0.0,7.0,1.0,0.0,48
35.0,1.0,2.0,2.0,365.0,165
35.0,0.0,1.0,1.0,365.0,60
8.0,1.0,7.0,1.0,176.0,325
2.0,0.0,1.0,1.0,0.0,63
7.0,0.0,4.0,1.0,0.0,111
103.0,1.0,3.0,2.0,266.0,239
6.0,0.0,15.0,14.0,0.0,41
37.0,0.0,1.0,3.0,156.0,50
8.0,1.0,2.0,1.0,0.0,185
43.0,1.0,2.0,327.0,343.0,228
7.0,0.0,2.0,3.0,0.0,100
26.0,1.0,6.0,1.0,158.0,299
38.0,1.0,20.0,1.0,32.0,200
7.0,1.0,30.0,8.0,185.0,499
12.0,0.0,3.0,1.0,0.0,70
81.0,0.0,1.0,4.0,0.0,53
127.0,0.0,3.0,4.0,0.0,35
38.0,1.0,2.0,1.0,0.0,150
18.0,1.0,1.0,1.0,16.0,140
21.0,2.0,30.0,5.0,281.0,28
19.0,1.0,6.0,1.0,140.0,299
2.0,0.0,1.0,1.0,0.0,50
29.0,0.0,1.0,13.0,293.0,60
21.0,1.0,1.0,1.0,0.0,70
64.0,1.0,2.0,1.0,0.0,124
2.0,0.0,5.0,3.0,316.0,40
12.0,0.0,4.0,1.0,0.0,50
3.0,1.0,1.0,2.0,0.0,130
12.0,0.0,5.0,1.0,0.0,55
43.0,1.0,2.0,327.0,292.0,250
11.0,1.0,2.0,1.0,0.0,500
13.0,1.0,1.0,1.0,0.0,175
112.0,1.0,2.0,1.0,108.0,80
141.0,1.0,1.0,1.0,0.0,80
126.0,2.0,1.0,1.0,89.0,40
21.0,0.0,30.0,6.0,365.0,50
22.0,0.0,1.0,1.0,0.0,100
6.0,0.0,2.0,1.0,0.0,89
103.0,1.0,3.0,1.0,334.0,80
1.0,1.0,30.0,14.0,302.0,190
30.0,0.0,2.0,2.0,0.0,97
71.0,1.0,24.0,1.0,198.0,132
22.0,1.0,4.0,1.0,52.0,150
111.0,0.0,1.0,2.0,0.0,55
37.0,0.0,1.0,1.0,153.0,30
19.0,1.0,5.0,1.0,0.0,160
12.0,0.0,7.0,1.0,0.0,40
30.0,1.0,4.0,1.0,0.0,165
19.0,1.0,1.0,1.0,0.0,325
31.0,0.0,1.0,2.0,34.0,60
22.0,1.0,6.0,2.0,0.0,120
21.0,0.0,3.0,2.0,146.0,70
1.0,1.0,7.0,1.0,85.0,300
106.0,1.0,2.0,1.0,300.0,250
28.0,0.0,2.0,1.0,76.0,87
8.0,1.0,30.0,33.0,364.0,180
3.0,1.0,1.0,1.0,0.0,100
2.0,0.0,3.0,2.0,361.0,65
12.0,2.0,1.0,2.0,1.0,75
2.0,0.0,1.0,1.0,176.0,57
2.0,1.0,4.0,2.0,197.0,110
25.0,0.0,1.0,1.0,365.0,225
107.0,1.0,2.0,1.0,151.0,160
6.0,0.0,3.0,3.0,35.0,65
6.0,0.0,1.0,3.0,0.0,75
27.0,0.0,1.0,7.0,292.0,100
12.0,1.0,3.0,3.0,0.0,389
1.0,0.0,2.0,1.0,6.0,100
15.0,0.0,1.0,10.0,178.0,39
71.0,1.0,30.0,232.0,98.0,329
6.0,1.0,2.0,5.0,88.0,60
88.0,0.0,1.0,1.0,268.0,120
15.0,0.0,20.0,1.0,0.0,60
16.0,0.0,31.0,1.0,340.0,50
39.0,0.0,1.0,8.0,282.0,89
6.0,1.0,2.0,1.0,28.0,82
6.0,0.0,2.0,34.0,289.0,65
6.0,0.0,1.0,2.0,0.0,49
9.0,1.0,3.0,1.0,0.0,153
16.0,1.0,5.0,1.0,54.0,249
2.0,0.0,2.0,1.0,0.0,75
20.0,1.0,5.0,1.0,26.0,230
12.0,0.0,2.0,1.0,0.0,125
83.0,0.0,2.0,5.0,125.0,51
12.0,1.0,30.0,1.0,53.0,107
12.0,1.0,7.0,1.0,5.0,250
32.0,1.0,14.0,2.0,67.0,399
32.0,1.0,4.0,1.0,4.0,100
20.0,0.0,1.0,3.0,360.0,130
83.0,1.0,5.0,2.0,363.0,180
29.0,0.0,2.0,1.0,0.0,70
85.0,1.0,2.0,2.0,52.0,299
20.0,0.0,3.0,2.0,0.0,75
20.0,0.0,2.0,1.0,179.0,200
12.0,1.0,2.0,1.0,180.0,140
15.0,0.0,7.0,1.0,59.0,26
103.0,0.0,1.0,1.0,359.0,60
16.0,1.0,3.0,1.0,117.0,185
21.0,1.0,2.0,1.0,0.0,195
2.0,0.0,3.0,7.0,339.0,120
43.0,1.0,2.0,327.0,243.0,390
141.0,0.0,1.0,1.0,180.0,73
43.0,1.0,30.0,121.0,364.0,169
28.0,0.0,5.0,4.0,280.0,150
26.0,0.0,2.0,1.0,0.0,150
9.0,1.0,3.0,1.0,0.0,400
53.0,1.0,3.0,1.0,0.0,200
33.0,1.0,2.0,2.0,206.0,175
21.0,0.0,3.0,1.0,0.0,50
2.0,0.0,3.0,3.0,349.0,100
23.0,2.0,14.0,4.0,334.0,35
19.0,1.0,5.0,1.0,0.0,350
12.0,0.0,3.0,2.0,38.0,87
4.0,0.0,30.0,2.0,365.0,100
31.0,0.0,1.0,3.0,328.0,50
8.0,0.0,2.0,1.0,85.0,90
2.0,1.0,15.0,1.0,0.0,79
56.0,0.0,6.0,1.0,0.0,30
22.0,0.0,7.0,1.0,11.0,40
28.0,1.0,3.0,1.0,45.0,280
68.0,1.0,30.0,96.0,282.0,150
3.0,1.0,2.0,2.0,67.0,999
21.0,0.0,2.0,1.0,0.0,90
2.0,0.0,1.0,3.0,325.0,86
28.0,1.0,4.0,1.0,77.0,275
31.0,0.0,2.0,1.0,365.0,86
21.0,0.0,5.0,1.0,0.0,35
43.0,1.0,29.0,327.0,340.0,179
4.0,0.0,6.0,1.0,47.0,399
4.0,1.0,4.0,1.0,10.0,115
12.0,1.0,1.0,1.0,0.0,575
19.0,1.0,30.0,39.0,310.0,300
28.0,1.0,1.0,1.0,228.0,180
30.0,0.0,1.0,2.0,0.0,58
8.0,0.0,3.0,2.0,0.0,89
12.0,1.0,5.0,1.0,0.0,91
43.0,1.0,365.0,1.0,262.0,130
52.0,1.0,7.0,2.0,0.0,112
15.0,1.0,3.0,1.0,0.0,185
60.0,0.0,2.0,1.0,3.0,160
20.0,0.0,1.0,7.0,27.0,112
8.0,0.0,3.0,1.0,0.0,180
54.0,0.0,15.0,1.0,46.0,36
12.0,0.0,7.0,1.0,0.0,60
1.0,1.0,3.0,1.0,239.0,212
12.0,1.0,7.0,1.0,1.0,100
7.0,2.0,4.0,1.0,0.0,70
43.0,1.0,30.0,232.0,189.0,267
162.0,0.0,2.0,1.0,0.0,46
7.0,2.0,1.0,1.0,365.0,99
12.0,0.0,10.0,1.0,0.0,80
30.0,0.0,1.0,4.0,90.0,45
6.0,0.0,3.0,1.0,179.0,95
22.0,1.0,15.0,1.0,0.0,62
21.0,0.0,30.0,4.0,334.0,45
45.0,1.0,3.0,1.0,8.0,120
2.0,1.0,30.0,4.0,224.0,250
28.0,1.0,1.0,1.0,0.0,140
16.0,1.0,3.0,1.0,0.0,180
6.0,0.0,1.0,2.0,0.0,55
48.0,1.0,1.0,1.0,0.0,250
8.0,1.0,1.0,1.0,0.0,140
12.0,0.0,2.0,1.0,36.0,150
149.0,1.0,2.0,1.0,69.0,150
21.0,0.0,2.0,1.0,0.0,55
2.0,0.0,1.0,1.0,89.0,70
6.0,0.0,1.0,1.0,0.0,50
68.0,0.0,1.0,1.0,0.0,95
56.0,1.0,4.0,1.0,101.0,140
12.0,0.0,2.0,1.0,107.0,50
120.0,1.0,2.0,1.0,79.0,175
6.0,1.0,1.0,1.0,1.0,125
56.0,1.0,1.0,1.0,85.0,175
25.0,0.0,1.0,1.0,361.0,51
2.0,0.0,2.0,1.0,120.0,100
14.0,1.0,4.0,1.0,280.0,499
28.0,1.0,5.0,1.0,224.0,200
21.0,1.0,4.0,1.0,34.0,90
37.0,0.0,1.0,1.0,0.0,55
159.0,0.0,1.0,4.0,361.0,70
56.0,1.0,2.0,1.0,0.0,90
2.0,1.0,60.0,1.0,233.0,200
14.0,1.0,30.0,96.0,319.0,250
43.0,1.0,2.0,327.0,293.0,256
6.0,1.0,3.0,1.0,282.0,300
10.0,1.0,1.0,1.0,18.0,125
21.0,1.0,3.0,1.0,0.0,215
2.0,0.0,1.0,1.0,22.0,90
15.0,1.0,2.0,1.0,341.0,200
15.0,0.0,1.0,1.0,0.0,50
54.0,0.0,2.0,2.0,316.0,54
19.0,0.0,1.0,1.0,19.0,85
30.0,0.0,2.0,2.0,73.0,38
13.0,2.0,1.0,1.0,0.0,39
38.0,1.0,4.0,1.0,45.0,200
27.0,1.0,3.0,1.0,151.0,225
22.0,0.0,1.0,4.0,188.0,73
25.0,0.0,30.0,1.0,92.0,80
45.0,0.0,14.0,1.0,0.0,150
21.0,0.0,7.0,1.0,0.0,40
33.0,1.0,2.0,1.0,275.0,125
8.0,0.0,3.0,1.0,0.0,100
26.0,1.0,1.0,1.0,221.0,225
14.0,1.0,2.0,1.0,277.0,299
39.0,0.0,2.0,3.0,98.0,65
11.0,1.0,1.0,1.0,305.0,210
2.0,1.0,30.0,2.0,216.0,91
56.0,0.0,1.0,1.0,325.0,70
10.0,1.0,2.0,1.0,0.0,179
6.0,1.0,2.0,1.0,0.0,160
26.0,1.0,30.0,2.0,271.0,100
45.0,1.0,3.0,1.0,0.0,180
21.0,0.0,1.0,1.0,133.0,64
43.0,1.0,1.0,5.0,1.0,209
77.0,1.0,4.0,1.0,20.0,300
7.0,2.0,1.0,3.0,212.0,100
22.0,0.0,15.0,1.0,0.0,30
19.0,1.0,7.0,1.0,0.0,130
15.0,1.0,4.0,1.0,353.0,130
6.0,1.0,2.0,4.0,109.0,145
14.0,2.0,1.0,3.0,352.0,75
12.0,1.0,3.0,1.0,0.0,200
28.0,0.0,5.0,4.0,84.0,195
71.0,0.0,1.0,2.0,0.0,200
19.0,1.0,1.0,1.0,0.0,140
2.0,1.0,3.0,1.0,0.0,90
4.0,1.0,5.0,1.0,0.0,200
20.0,1.0,2.0,2.0,0.0,200
12.0,1.0,3.0,1.0,24.0,520
7.0,1.0,7.0,1.0,0.0,150
35.0,0.0,1.0,1.0,59.0,47
8.0,1.0,30.0,34.0,325.0,115
40.0,1.0,2.0,1.0,0.0,350
44.0,0.0,1.0,3.0,352.0,59
52.0,0.0,3.0,1.0,0.0,145
28.0,1.0,14.0,1.0,332.0,130
6.0,0.0,14.0,2.0,0.0,55
4.0,0.0,2.0,2.0,271.0,69
3.0,0.0,2.0,1.0,0.0,105
56.0,0.0,2.0,2.0,0.0,120
7.0,1.0,3.0,1.0,260.0,230
15.0,1.0,3.0,1.0,0.0,120
8.0,0.0,10.0,1.0,0.0,35
114.0,0.0,1.0,1.0,360.0,145
193.0,1.0,1.0,1.0,2.0,190
0.0,1.0,2.0,2.0,0.0,150
12.0,0.0,3.0,2.0,0.0,60
5.0,1.0,2.0,1.0,248.0,490
43.0,1.0,29.0,96.0,347.0,182
6.0,0.0,2.0,1.0,0.0,60
1.0,1.0,1.0,1.0,0.0,250
79.0,0.0,3.0,1.0,0.0,41
19.0,1.0,1.0,1.0,0.0,200
61.0,0.0,1.0,3.0,163.0,41
12.0,1.0,6.0,1.0,233.0,350
56.0,0.0,2.0,1.0,0.0,48
2.0,0.0,29.0,2.0,31.0,35
13.0,1.0,1.0,1.0,45.0,100
81.0,0.0,1.0,2.0,0.0,42
19.0,1.0,2.0,1.0,233.0,185
6.0,0.0,30.0,2.0,0.0,60
19.0,0.0,1.0,1.0,0.0,199
56.0,1.0,14.0,1.0,77.0,85
18.0,1.0,2.0,2.0,164.0,125
1.0,1.0,29.0,1.0,340.0,210
46.0,0.0,1.0,3.0,174.0,70
23.0,1.0,2.0,1.0,227.0,180
14.0,1.0,1.0,1.0,0.0,250
6.0,0.0,10.0,1.0,184.0,55
7.0,1.0,1.0,2.0,32.0,209
15.0,0.0,3.0,1.0,0.0,50
9.0,0.0,1.0,4.0,257.0,50
8.0,0.0,1.0,1.0,0.0,65
1.0,0.0,2.0,1.0,363.0,280
26.0,1.0,5.0,1.0,364.0,799
22.0,1.0,2.0,1.0,264.0,165
14.0,1.0,120.0,1.0,255.0,140
56.0,1.0,10.0,1.0,0.0,101
12.0,0.0,2.0,1.0,0.0,95
28.0,1.0,30.0,16.0,332.0,125
100.0,2.0,2.0,2.0,3.0,40
1.0,0.0,1.0,5.0,274.0,100
20.0,1.0,3.0,13.0,69.0,189
21.0,0.0,1.0,1.0,0.0,40
79.0,0.0,1.0,2.0,59.0,79
79.0,0.0,1.0,2.0,68.0,75
7.0,1.0,1.0,1.0,28.0,300
144.0,1.0,3.0,10.0,337.0,168
7.0,0.0,7.0,47.0,359.0,54
171.0,1.0,2.0,1.0,252.0,89
12.0,0.0,2.0,1.0,0.0,57
15.0,0.0,2.0,2.0,162.0,50
43.0,1.0,29.0,96.0,332.0,165
14.0,0.0,30.0,2.0,364.0,98
14.0,0.0,1.0,2.0,0.0,99
29.0,0.0,1.0,1.0,0.0,120
8.0,0.0,1.0,3.0,112.0,90
19.0,1.0,2.0,1.0,0.0,200
50.0,1.0,1.0,1.0,0.0,250
12.0,0.0,2.0,1.0,68.0,120
37.0,0.0,1.0,9.0,346.0,89
114.0,1.0,4.0,2.0,0.0,120
6.0,1.0,30.0,1.0,360.0,300
5.0,1.0,2.0,1.0,0.0,229
53.0,0.0,4.0,1.0,0.0,110
11.0,1.0,7.0,1.0,0.0,150
6.0,1.0,21.0,1.0,33.0,100
6.0,1.0,2.0,2.0,60.0,120
111.0,1.0,2.0,1.0,24.0,100
22.0,0.0,30.0,1.0,317.0,35
6.0,0.0,3.0,1.0,9.0,60
28.0,1.0,3.0,1.0,0.0,170
202.0,1.0,3.0,1.0,123.0,125
20.0,1.0,2.0,1.0,268.0,210
15.0,0.0,1.0,1.0,0.0,75
44.0,0.0,3.0,1.0,0.0,48
3.0,0.0,30.0,3.0,347.0,185
12.0,0.0,5.0,2.0,0.0,59
12.0,1.0,7.0,1.0,0.0,145
21.0,0.0,2.0,1.0,0.0,75
13.0,1.0,5.0,1.0,0.0,149
54.0,1.0,3.0,1.0,201.0,90
73.0,0.0,3.0,2.0,156.0,65
23.0,1.0,3.0,1.0,58.0,341
1.0,0.0,1.0,1.0,0.0,99
21.0,0.0,11.0,1.0,134.0,70
29.0,1.0,3.0,1.0,0.0,100
15.0,1.0,2.0,1.0,55.0,125
8.0,1.0,1.0,1.0,347.0,230
22.0,1.0,2.0,1.0,5.0,90
25.0,0.0,5.0,1.0,49.0,65
3.0,0.0,1.0,1.0,0.0,60
6.0,1.0,1.0,2.0,5.0,350
43.0,1.0,30.0,232.0,365.0,233
6.0,1.0,3.0,1.0,80.0,125
44.0,1.0,14.0,2.0,106.0,170
101.0,1.0,2.0,1.0,0.0,425
94.0,0.0,1.0,18.0,355.0,135
18.0,1.0,3.0,1.0,0.0,145
12.0,1.0,3.0,1.0,0.0,225
6.0,0.0,2.0,1.0,0.0,68
27.0,0.0,1.0,7.0,328.0,100
13.0,1.0,1.0,1.0,356.0,160
19.0,1.0,12.0,1.0,0.0,150
30.0,1.0,3.0,1.0,0.0,70
28.0,1.0,4.0,2.0,237.0,399
6.0,1.0,2.0,1.0,27.0,107
22.0,0.0,4.0,1.0,157.0,35
19.0,0.0,5.0,2.0,5.0,90
8.0,0.0,15.0,12.0,179.0,97
6.0,1.0,3.0,1.0,0.0,89
53.0,0.0,1.0,1.0,0.0,100
11.0,1.0,2.0,1.0,5.0,215
15.0,1.0,30.0,3.0,292.0,115
37.0,1.0,30.0,15.0,319.0,115
21.0,0.0,1.0,1.0,0.0,52
52.0,0.0,3.0,1.0,0.0,110
129.0,0.0,4.0,2.0,360.0,55
35.0,1.0,2.0,2.0,319.0,89
28.0,1.0,7.0,1.0,0.0,140
23.0,0.0,2.0,2.0,191.0,125
11.0,1.0,10.0,2.0,0.0,220
2.0,0.0,1.0,1.0,0.0,75
112.0,0.0,10.0,1.0,365.0,75
8.0,1.0,30.0,1.0,0.0,200
49.0,1.0,7.0,2.0,365.0,250
1.0,1.0,1.0,1.0,0.0,150
32.0,0.0,2.0,1.0,348.0,240
6.0,0.0,2.0,4.0,22.0,75
12.0,0.0,2.0,1.0,0.0,50
15.0,1.0,3.0,1.0,165.0,125
80.0,0.0,1.0,1.0,342.0,85
34.0,1.0,2.0,1.0,258.0,195
6.0,0.0,4.0,2.0,312.0,125
56.0,2.0,1.0,1.0,89.0,100
6.0,1.0,30.0,1.0,99.0,189
15.0,1.0,2.0,1.0,20.0,200
23.0,0.0,1.0,2.0,32.0,120
2.0,0.0,30.0,6.0,175.0,45
18.0,0.0,29.0,37.0,32.0,27
88.0,0.0,1.0,1.0,15.0,39
8.0,0.0,1.0,2.0,0.0,85
43.0,1.0,3.0,1.0,22.0,350
199.0,1.0,1.0,3.0,363.0,130
141.0,1.0,5.0,1.0,0.0,58
6.0,0.0,3.0,1.0,0.0,70
8.0,1.0,3.0,1.0,237.0,250
124.0,0.0,1.0,4.0,354.0,40
11.0,1.0,2.0,1.0,48.0,220
37.0,0.0,1.0,4.0,355.0,75
11.0,1.0,3.0,1.0,0.0,145
39.0,0.0,1.0,2.0,0.0,33
71.0,1.0,2.0,1.0,3.0,400
23.0,0.0,3.0,1.0,0.0,60
8.0,1.0,2.0,1.0,0.0,90
8.0,1.0,30.0,8.0,362.0,900
160.0,0.0,3.0,2.0,365.0,48
6.0,0.0,1.0,1.0,0.0,65
19.0,1.0,30.0,1.0,200.0,549
16.0,1.0,1.0,1.0,0.0,240
2.0,0.0,2.0,9.0,365.0,69
79.0,2.0,1.0,1.0,342.0,30
113.0,0.0,2.0,2.0,103.0,130
79.0,1.0,2.0,2.0,364.0,90
21.0,0.0,1.0,1.0,0.0,75
7.0,1.0,2.0,1.0,101.0,310
7.0,1.0,3.0,3.0,347.0,199
21.0,0.0,1.0,1.0,312.0,53
157.0,0.0,5.0,5.0,29.0,75
20.0,1.0,4.0,1.0,0.0,175
1.0,1.0,30.0,52.0,297.0,95
9.0,1.0,4.0,1.0,350.0,139
28.0,0.0,2.0,1.0,146.0,99
1.0,0.0,15.0,2.0,0.0,82
49.0,1.0,1.0,1.0,0.0,150
87.0,1.0,3.0,1.0,111.0,69
23.0,1.0,2.0,1.0,0.0,200
71.0,1.0,29.0,327.0,365.0,699
8.0,1.0,5.0,1.0,0.0,200
6.0,1.0,2.0,1.0,18.0,88
27.0,1.0,5.0,1.0,173.0,285
98.0,0.0,2.0,1.0,88.0,79
133.0,0.0,2.0,4.0,59.0,43
81.0,0.0,30.0,103.0,234.0,36
3.0,0.0,2.0,1.0,43.0,95
12.0,1.0,1.0,1.0,234.0,60
31.0,0.0,1.0,1.0,0.0,31
15.0,1.0,4.0,9.0,89.0,199
21.0,1.0,2.0,3.0,356.0,280
94.0,0.0,1.0,6.0,0.0,70
116.0,0.0,3.0,5.0,318.0,60
27.0,1.0,2.0,1.0,0.0,125
2.0,1.0,3.0,1.0,0.0,100
44.0,1.0,4.0,1.0,0.0,80
83.0,1.0,5.0,1.0,0.0,135
14.0,0.0,3.0,1.0,0.0,90
43.0,1.0,2.0,327.0,357.0,240
12.0,0.0,2.0,3.0,74.0,59
43.0,0.0,2.0,1.0,177.0,115
7.0,0.0,1.0,1.0,19.0,300
173.0,0.0,1.0,1.0,35.0,60
12.0,1.0,4.0,1.0,9.0,200
4.0,0.0,7.0,1.0,0.0,40
14.0,1.0,1.0,1.0,0.0,185
87.0,1.0,1.0,2.0,74.0,40
12.0,0.0,2.0,1.0,0.0,65
19.0,1.0,1.0,1.0,134.0,375
2.0,0.0,4.0,1.0,98.0,60
21.0,1.0,2.0,5.0,358.0,350
12.0,1.0,1.0,1.0,0.0,125
9.0,1.0,2.0,1.0,324.0,299
4.0,0.0,1.0,1.0,0.0,90
22.0,0.0,5.0,3.0,0.0,85
52.0,1.0,3.0,1.0,0.0,300
21.0,0.0,21.0,3.0,110.0,62
2.0,0.0,30.0,103.0,189.0,33
15.0,1.0,2.0,1.0,0.0,70
103.0,1.0,1.0,7.0,81.0,95
8.0,0.0,2.0,1.0,8.0,99
32.0,1.0,8.0,1.0,0.0,150
12.0,0.0,1.0,1.0,363.0,70
2.0,0.0,3.0,1.0,0.0,125
6.0,1.0,1.0,1.0,0.0,110
21.0,0.0,1.0,1.0,189.0,45
11.0,1.0,4.0,1.0,0.0,165
48.0,1.0,1.0,1.0,116.0,1795
22.0,0.0,2.0,1.0,178.0,175
37.0,1.0,1.0,2.0,316.0,109
15.0,0.0,2.0,1.0,0.0,60
162.0,1.0,4.0,2.0,50.0,90
50.0,1.0,4.0,1.0,9.0,218
26.0,0.0,1.0,1.0,0.0,73
12.0,0.0,4.0,1.0,156.0,70
14.0,1.0,30.0,121.0,161.0,129
3.0,1.0,3.0,1.0,99.0,450
124.0,0.0,1.0,7.0,179.0,58
6.0,0.0,2.0,4.0,365.0,58
141.0,0.0,1.0,1.0,261.0,50
13.0,0.0,5.0,1.0,240.0,85
23.0,1.0,6.0,1.0,0.0,300
3.0,1.0,5.0,1.0,236.0,176
4.0,0.0,2.0,1.0,146.0,95
114.0,0.0,2.0,4.0,146.0,41
6.0,1.0,2.0,1.0,0.0,120
29.0,1.0,30.0,1.0,300.0,175
12.0,0.0,4.0,1.0,0.0,50
45.0,0.0,4.0,1.0,0.0,55
39.0,1.0,1.0,1.0,0.0,170
28.0,1.0,2.0,1.0,268.0,795
20.0,0.0,5.0,2.0,179.0,115
6.0,0.0,1.0,3.0,189.0,99
4.0,0.0,1.0,10.0,365.0,50
22.0,0.0,7.0,2.0,176.0,85
8.0,1.0,2.0,1.0,16.0,265
24.0,0.0,2.0,2.0,81.0,65
2.0,0.0,30.0,103.0,184.0,52
46.0,1.0,1.0,1.0,161.0,100
56.0,0.0,1.0,2.0,90.0,90
2.0,0.0,1.0,1.0,0.0,85
11.0,1.0,1.0,1.0,0.0,200
17.0,1.0,3.0,1.0,69.0,145
71.0,1.0,3.0,1.0,0.0,180
88.0,0.0,1.0,1.0,0.0,35
1.0,1.0,3.0,1.0,0.0,280
3.0,1.0,2.0,1.0,0.0,135
64.0,0.0,1.0,1.0,45.0,67
6.0,1.0,9.0,1.0,23.0,182
75.0,0.0,3.0,1.0,38.0,60
68.0,1.0,10.0,1.0,48.0,200
2.0,0.0,30.0,1.0,0.0,60
8.0,0.0,5.0,1.0,0.0,45
15.0,1.0,1.0,1.0,9.0,190
16.0,1.0,4.0,1.0,170.0,165
2.0,0.0,2.0,2.0,311.0,70
28.0,1.0,3.0,1.0,234.0,150
4.0,1.0,1.0,1.0,152.0,159
19.0,1.0,1.0,1.0,0.0,128
19.0,1.0,5.0,1.0,0.0,500
44.0,1.0,4.0,1.0,271.0,95
19.0,1.0,30.0,4.0,191.0,197
15.0,0.0,4.0,1.0,0.0,75
49.0,0.0,2.0,1.0,166.0,78
56.0,0.0,1.0,2.0,48.0,38
3.0,1.0,1.0,1.0,0.0,250
6.0,0.0,2.0,1.0,0.0,25
100.0,1.0,2.0,1.0,349.0,160
50.0,1.0,1.0,1.0,0.0,275
1.0,1.0,30.0,12.0,328.0,129
108.0,1.0,2.0,2.0,159.0,85
19.0,1.0,5.0,1.0,0.0,150
14.0,1.0,5.0,1.0,8.0,100
3.0,1.0,3.0,1.0,365.0,200
42.0,1.0,7.0,1.0,34.0,76
8.0,1.0,30.0,232.0,336.0,306
7.0,2.0,2.0,1.0,365.0,100
29.0,1.0,5.0,1.0,19.0,115
8.0,0.0,1.0,2.0,364.0,65
23.0,1.0,4.0,1.0,2.0,109
12.0,0.0,1.0,1.0,310.0,76
15.0,0.0,3.0,1.0,0.0,140
37.0,0.0,3.0,2.0,90.0,90
63.0,0.0,1.0,1.0,284.0,99
30.0,0.0,3.0,1.0,81.0,125
12.0,1.0,1.0,1.0,173.0,100
2.0,1.0,3.0,1.0,0.0,120
3.0,1.0,5.0,1.0,0.0,200
12.0,0.0,1.0,1.0,0.0,80
43.0,1.0,2.0,1.0,18.0,365
29.0,0.0,1.0,1.0,0.0,90
4.0,1.0,5.0,1.0,127.0,99
16.0,0.0,15.0,1.0,53.0,60
173.0,1.0,2.0,1.0,89.0,100
121.0,0.0,2.0,1.0,333.0,75
2.0,0.0,1.0,1.0,0.0,85
23.0,0.0,5.0,1.0,0.0,100
30.0,1.0,5.0,1.0,191.0,70
43.0,1.0,2.0,1.0,0.0,349
70.0,1.0,2.0,1.0,149.0,95
1.0,1.0,1.0,1.0,0.0,199
28.0,1.0,30.0,96.0,292.0,293
21.0,0.0,5.0,1.0,0.0,45
25.0,1.0,2.0,1.0,0.0,150
52.0,1.0,2.0,1.0,0.0,180
4.0,2.0,1.0,7.0,72.0,45
8.0,1.0,3.0,1.0,0.0,175
56.0,0.0,3.0,1.0,0.0,56
14.0,1.0,1.0,1.0,256.0,140
2.0,1.0,2.0,1.0,0.0,109
21.0,0.0,1.0,2.0,281.0,80
14.0,0.0,5.0,1.0,79.0,150
39.0,1.0,13.0,1.0,0.0,130
14.0,1.0,5.0,1.0,14.0,251
14.0,1.0,2.0,1.0,0.0,450
7.0,0.0,1.0,1.0,7.0,95
52.0,0.0,1.0,2.0,0.0,75
17.0,1.0,2.0,4.0,0.0,265
21.0,0.0,3.0,2.0,44.0,45
28.0,1.0,4.0,2.0,0.0,750
12.0,1.0,3.0,2.0,0.0,275
39.0,0.0,1.0,1.0,0.0,59
15.0,1.0,1.0,1.0,38.0,105
23.0,0.0,5.0,1.0,157.0,75
28.0,1.0,2.0,1.0,332.0,595
75.0,1.0,1.0,1.0,242.0,87
21.0,0.0,3.0,2.0,51.0,40
19.0,1.0,2.0,4.0,297.0,500
44.0,0.0,2.0,1.0,0.0,50
45.0,1.0,14.0,12.0,86.0,266
12.0,0.0,3.0,1.0,1.0,125
2.0,1.0,3.0,1.0,0.0,110
15.0,0.0,2.0,1.0,0.0,65
28.0,1.0,3.0,1.0,0.0,75
25.0,0.0,1.0,5.0,355.0,60
87.0,0.0,2.0,1.0,89.0,70
44.0,0.0,2.0,4.0,154.0,44
11.0,1.0,5.0,1.0,87.0,165
4.0,0.0,3.0,1.0,219.0,100
6.0,1.0,2.0,1.0,0.0,100
27.0,0.0,1.0,1.0,0.0,75
19.0,0.0,1.0,1.0,84.0,119
8.0,0.0,1.0,2.0,365.0,150
40.0,0.0,1.0,1.0,10.0,160
12.0,0.0,3.0,2.0,179.0,99
1.0,0.0,2.0,3.0,268.0,325
37.0,1.0,2.0,7.0,68.0,278
56.0,1.0,1.0,5.0,297.0,169
19.0,0.0,2.0,1.0,0.0,160
12.0,1.0,5.0,1.0,0.0,150
19.0,1.0,2.0,1.0,0.0,225
12.0,0.0,2.0,1.0,0.0,49
1.0,1.0,5.0,1.0,161.0,250
7.0,1.0,3.0,2.0,109.0,288
37.0,1.0,1.0,1.0,7.0,99
25.0,1.0,1.0,1.0,60.0,180
25.0,2.0,1.0,2.0,84.0,55
19.0,1.0,1.0,1.0,0.0,250
10.0,1.0,3.0,1.0,0.0,140
136.0,1.0,1.0,1.0,0.0,75
144.0,0.0,2.0,2.0,90.0,30
10.0,1.0,3.0,1.0,248.0,90
45.0,0.0,1.0,1.0,0.0,75
113.0,0.0,1.0,1.0,189.0,90
39.0,0.0,15.0,1.0,341.0,50
6.0,1.0,4.0,1.0,0.0,215
4.0,0.0,2.0,1.0,288.0,85
112.0,0.0,1.0,1.0,289.0,80
34.0,1.0,3.0,1.0,0.0,150
15.0,1.0,4.0,1.0,324.0,250
14.0,1.0,4.0,2.0,280.0,195
10.0,1.0,2.0,1.0,0.0,350
2.0,1.0,14.0,1.0,0.0,120
90.0,0.0,6.0,1.0,62.0,40
1.0,1.0,2.0,1.0,0.0,150
45.0,0.0,5.0,1.0,0.0,68
21.0,1.0,2.0,1.0,218.0,139
20.0,0.0,2.0,2.0,105.0,126
12.0,0.0,1.0,4.0,77.0,400
16.0,1.0,3.0,1.0,356.0,215
12.0,1.0,1.0,4.0,3.0,285
31.0,1.0,2.0,2.0,91.0,169
13.0,1.0,1.0,1.0,0.0,175
6.0,0.0,1.0,1.0,0.0,75
63.0,0.0,1.0,1.0,188.0,65
21.0,1.0,2.0,1.0,0.0,69
11.0,1.0,30.0,232.0,328.0,392
21.0,0.0,2.0,4.0,155.0,36
14.0,0.0,5.0,1.0,0.0,135
8.0,0.0,6.0,1.0,0.0,70
11.0,1.0,3.0,5.0,265.0,250
15.0,0.0,1.0,2.0,0.0,50
140.0,1.0,3.0,1.0,143.0,184
4.0,1.0,3.0,1.0,307.0,400
21.0,0.0,1.0,1.0,0.0,85
28.0,1.0,6.0,1.0,82.0,149
4.0,1.0,1.0,5.0,102.0,165
19.0,1.0,6.0,2.0,12.0,159
8.0,1.0,90.0,8.0,125.0,160
56.0,0.0,1.0,3.0,0.0,110
16.0,1.0,30.0,2.0,299.0,290
4.0,0.0,2.0,3.0,105.0,175
11.0,1.0,5.0,1.0,0.0,195
7.0,0.0,1.0,1.0,0.0,200
12.0,0.0,2.0,2.0,35.0,70
12.0,0.0,2.0,3.0,154.0,75
19.0,0.0,4.0,1.0,0.0,130
6.0,0.0,3.0,4.0,164.0,65
7.0,1.0,6.0,1.0,163.0,145
37.0,1.0,1.0,4.0,145.0,85
19.0,1.0,7.0,1.0,242.0,140
21.0,1.0,1.0,1.0,284.0,149
6.0,0.0,1.0,2.0,0.0,65
33.0,1.0,3.0,1.0,0.0,800
12.0,1.0,10.0,1.0,1.0,117
29.0,1.0,31.0,1.0,0.0,143
28.0,1.0,30.0,12.0,57.0,140
22.0,1.0,2.0,2.0,0.0,85
6.0,0.0,2.0,2.0,347.0,55
21.0,1.0,4.0,1.0,0.0,110
15.0,1.0,5.0,1.0,0.0,85
4.0,1.0,2.0,1.0,3.0,115
9.0,0.0,4.0,1.0,0.0,89
4.0,0.0,2.0,1.0,0.0,77
94.0,0.0,1.0,3.0,0.0,70
122.0,1.0,30.0,3.0,0.0,221
5.0,1.0,2.0,1.0,0.0,230
1.0,1.0,30.0,91.0,188.0,150
6.0,1.0,2.0,2.0,96.0,131
94.0,0.0,5.0,1.0,177.0,85
6.0,1.0,2.0,1.0,22.0,120
19.0,1.0,7.0,1.0,0.0,250
14.0,1.0,1.0,1.0,0.0,206
21.0,0.0,1.0,1.0,19.0,51
28.0,1.0,2.0,1.0,358.0,425
46.0,0.0,1.0,18.0,365.0,135
12.0,0.0,2.0,2.0,15.0,69
23.0,1.0,1.0,3.0,264.0,150
5.0,0.0,1.0,3.0,82.0,150
117.0,0.0,2.0,1.0,64.0,54
1.0,1.0,30.0,14.0,332.0,155
1.0,1.0,29.0,96.0,305.0,239
15.0,0.0,2.0,1.0,7.0,50
6.0,0.0,7.0,1.0,0.0,40
2.0,0.0,4.0,1.0,28.0,147
7.0,1.0,5.0,1.0,0.0,189
2.0,1.0,3.0,1.0,0.0,120
4.0,0.0,1.0,2.0,0.0,80
11.0,1.0,3.0,1.0,0.0,280
6.0,2.0,2.0,4.0,192.0,30
8.0,0.0,1.0,2.0,0.0,89
28.0,1.0,2.0,1.0,0.0,148
3.0,1.0,1.0,2.0,257.0,98
1.0,1.0,30.0,14.0,227.0,99
43.0,1.0,30.0,7.0,364.0,225
21.0,0.0,2.0,1.0,158.0,56
12.0,0.0,3.0,3.0,0.0,95
26.0,1.0,1.0,9.0,287.0,460
22.0,1.0,3.0,1.0,0.0,100
7.0,0.0,2.0,1.0,0.0,125
2.0,1.0,60.0,2.0,3.0,125
52.0,0.0,1.0,2.0,359.0,425
2.0,0.0,5.0,2.0,247.0,89
12.0,0.0,2.0,1.0,90.0,60
54.0,0.0,1.0,3.0,89.0,57
28.0,1.0,1.0,1.0,0.0,109
64.0,1.0,2.0,2.0,78.0,228
6.0,0.0,2.0,1.0,0.0,75
18.0,0.0,1.0,3.0,0.0,22
24.0,1.0,2.0,1.0,0.0,100
4.0,0.0,7.0,1.0,22.0,50
19.0,1.0,1.0,1.0,0.0,250
19.0,0.0,30.0,9.0,340.0,55
19.0,0.0,6.0,2.0,7.0,80
3.0,1.0,7.0,1.0,17.0,78
1.0,0.0,3.0,1.0,12.0,110
4.0,0.0,1.0,1.0,0.0,99
21.0,0.0,14.0,2.0,319.0,69
38.0,0.0,1.0,1.0,0.0,150
21.0,0.0,3.0,1.0,0.0,60
56.0,0.0,2.0,1.0,0.0,75
2.0,1.0,4.0,1.0,0.0,77
6.0,0.0,7.0,1.0,363.0,125
21.0,1.0,30.0,1.0,0.0,120
12.0,1.0,2.0,1.0,0.0,120
1.0,0.0,1.0,1.0,6.0,80
16.0,1.0,6.0,1.0,209.0,150
21.0,1.0,1.0,1.0,0.0,150
70.0,0.0,2.0,2.0,179.0,55
16.0,1.0,6.0,1.0,268.0,149
43.0,1.0,1.0,1.0,11.0,114
6.0,0.0,1.0,1.0,0.0,65
21.0,0.0,29.0,1.0,340.0,37
2.0,0.0,30.0,1.0,88.0,165
52.0,0.0,2.0,1.0,283.0,120
2.0,0.0,7.0,3.0,88.0,45
6.0,0.0,1.0,1.0,0.0,80
8.0,1.0,3.0,1.0,0.0,100
28.0,1.0,29.0,327.0,221.0,150
7.0,0.0,2.0,1.0,0.0,64
21.0,1.0,3.0,3.0,358.0,175
28.0,2.0,1.0,1.0,0.0,80
21.0,0.0,5.0,1.0,14.0,68
84.0,0.0,7.0,1.0,0.0,75
2.0,2.0,1.0,1.0,90.0,85
14.0,1.0,30.0,232.0,356.0,343
7.0,0.0,1.0,30.0,362.0,199
2.0,0.0,1.0,3.0,355.0,848
4.0,0.0,10.0,1.0,68.0,78
3.0,1.0,2.0,1.0,0.0,107
28.0,1.0,3.0,1.0,70.0,145
29.0,1.0,2.0,1.0,0.0,121
2.0,0.0,1.0,1.0,0.0,59
6.0,1.0,30.0,1.0,312.0,140
33.0,1.0,1.0,1.0,0.0,150
28.0,1.0,3.0,2.0,89.0,150
31.0,0.0,1.0,1.0,297.0,55
43.0,1.0,4.0,1.0,0.0,265
3.0,1.0,2.0,1.0,43.0,129
49.0,1.0,14.0,2.0,19.0,90
2.0,0.0,3.0,1.0,0.0,49
8.0,1.0,3.0,1.0,217.0,195
2.0,1.0,1.0,1.0,0.0,77
24.0,1.0,3.0,1.0,167.0,99
79.0,1.0,1.0,1.0,4.0,10
21.0,0.0,1.0,3.0,350.0,58
115.0,0.0,2.0,2.0,0.0,59
8.0,1.0,5.0,1.0,0.0,95
21.0,0.0,2.0,10.0,343.0,65
7.0,0.0,4.0,2.0,34.0,140
6.0,0.0,1.0,1.0,0.0,65
15.0,0.0,3.0,2.0,0.0,97
11.0,1.0,3.0,1.0,3.0,400
188.0,1.0,5.0,1.0,37.0,150
34.0,0.0,7.0,1.0,0.0,40
19.0,0.0,5.0,2.0,13.0,72
6.0,1.0,2.0,1.0,264.0,175
183.0,0.0,2.0,1.0,87.0,85
15.0,1.0,3.0,1.0,96.0,125
22.0,0.0,2.0,1.0,0.0,60
15.0,1.0,14.0,1.0,38.0,145
4.0,0.0,3.0,1.0,77.0,69
21.0,0.0,4.0,6.0,79.0,50
6.0,0.0,1.0,1.0,0.0,110
6.0,0.0,2.0,34.0,340.0,60
56.0,0.0,4.0,2.0,1.0,43
2.0,1.0,2.0,1.0,0.0,400
12.0,0.0,2.0,1.0,70.0,124
2.0,0.0,1.0,3.0,363.0,500
56.0,0.0,4.0,2.0,348.0,78
4.0,2.0,3.0,1.0,83.0,350
6.0,0.0,10.0,1.0,0.0,37
2.0,0.0,2.0,1.0,0.0,50
27.0,1.0,3.0,1.0,0.0,185
193.0,2.0,2.0,1.0,0.0,50
2.0,1.0,5.0,1.0,3.0,360
4.0,0.0,3.0,1.0,34.0,100
4.0,1.0,1.0,3.0,326.0,150
1.0,1.0,2.0,1.0,0.0,119
56.0,1.0,2.0,1.0,0.0,137
60.0,1.0,3.0,1.0,154.0,140
2.0,1.0,1.0,1.0,3.0,140
26.0,1.0,2.0,1.0,269.0,145
16.0,1.0,1.0,1.0,0.0,125
30.0,1.0,1.0,1.0,5.0,66
127.0,1.0,2.0,2.0,300.0,76
4.0,0.0,14.0,1.0,0.0,50
14.0,0.0,1.0,5.0,261.0,85
3.0,1.0,1.0,1.0,0.0,120
40.0,0.0,7.0,1.0,0.0,200
31.0,1.0,1.0,1.0,0.0,90
81.0,1.0,3.0,1.0,107.0,125
1.0,0.0,1.0,1.0,353.0,102
7.0,0.0,1.0,1.0,189.0,159
91.0,0.0,3.0,1.0,226.0,20
43.0,1.0,30.0,1.0,4.0,115
79.0,0.0,2.0,1.0,365.0,66
21.0,2.0,30.0,8.0,312.0,35
19.0,0.0,2.0,1.0,0.0,79
12.0,0.0,7.0,1.0,0.0,50
14.0,1.0,2.0,1.0,157.0,299
2.0,0.0,3.0,2.0,247.0,60
7.0,1.0,4.0,1.0,158.0,450
2.0,1.0,30.0,4.0,213.0,108
23.0,1.0,2.0,3.0,83.0,165
54.0,0.0,7.0,4.0,29.0,38
113.0,1.0,4.0,1.0,0.0,160
7.0,0.0,7.0,47.0,321.0,99
2.0,0.0,10.0,3.0,0.0,69
75.0,1.0,1.0,1.0,6.0,85
12.0,1.0,2.0,1.0,0.0,200
178.0,0.0,1.0,4.0,180.0,180
50.0,0.0,2.0,1.0,125.0,590
8.0,1.0,2.0,1.0,0.0,70
8.0,1.0,5.0,1.0,221.0,335
4.0,1.0,2.0,1.0,0.0,150
30.0,0.0,7.0,1.0,76.0,49
1.0,1.0,3.0,8.0,316.0,370
117.0,0.0,3.0,1.0,364.0,65
27.0,1.0,4.0,1.0,0.0,250
12.0,0.0,4.0,1.0,107.0,100
25.0,1.0,1.0,1.0,0.0,200
20.0,1.0,30.0,52.0,277.0,149
64.0,1.0,2.0,1.0,311.0,179
45.0,0.0,2.0,1.0,252.0,100
7.0,1.0,1.0,1.0,0.0,175
6.0,0.0,1.0,2.0,354.0,60
6.0,1.0,1.0,1.0,98.0,65
1.0,0.0,3.0,2.0,167.0,135
2.0,1.0,2.0,1.0,16.0,65
22.0,1.0,2.0,1.0,168.0,98
2.0,0.0,2.0,4.0,309.0,65
7.0,0.0,1.0,5.0,294.0,410
14.0,1.0,4.0,1.0,168.0,160
28.0,0.0,1.0,2.0,88.0,94
24.0,0.0,1.0,3.0,337.0,53
12.0,0.0,2.0,2.0,55.0,70
19.0,1.0,3.0,1.0,83.0,209
5.0,1.0,30.0,4.0,113.0,150
6.0,1.0,4.0,1.0,9.0,95
2.0,0.0,14.0,1.0,0.0,45
6.0,0.0,30.0,1.0,282.0,40
34.0,1.0,3.0,2.0,258.0,190
5.0,1.0,1.0,1.0,86.0,100
43.0,1.0,3.0,1.0,199.0,280
7.0,0.0,6.0,1.0,0.0,69
6.0,1.0,3.0,2.0,224.0,100
1.0,1.0,14.0,1.0,240.0,225
7.0,2.0,1.0,5.0,22.0,80
30.0,0.0,2.0,3.0,244.0,70
2.0,0.0,5.0,1.0,0.0,51
1.0,1.0,2.0,1.0,135.0,235
30.0,1.0,1.0,1.0,0.0,50
84.0,0.0,28.0,3.0,356.0,37
19.0,1.0,3.0,1.0,74.0,129
2.0,0.0,2.0,2.0,0.0,40
1.0,1.0,30.0,2.0,343.0,5100
77.0,1.0,31.0,1.0,165.0,299
12.0,1.0,7.0,1.0,0.0,150
79.0,1.0,2.0,1.0,0.0,120
5.0,1.0,29.0,327.0,355.0,202
4.0,0.0,3.0,6.0,90.0,85
16.0,0.0,2.0,1.0,292.0,100
182.0,0.0,3.0,2.0,46.0,65
7.0,0.0,3.0,2.0,197.0,120
30.0,0.0,2.0,1.0,53.0,55
16.0,0.0,1.0,1.0,166.0,159
14.0,1.0,1.0,1.0,0.0,240
7.0,2.0,1.0,3.0,358.0,59
53.0,1.0,3.0,1.0,199.0,649
71.0,0.0,5.0,1.0,0.0,104
15.0,1.0,3.0,1.0,250.0,100
18.0,1.0,3.0,1.0,0.0,89
14.0,1.0,5.0,1.0,0.0,180
26.0,1.0,3.0,1.0,236.0,135
19.0,1.0,30.0,1.0,115.0,130
18.0,0.0,1.0,1.0,0.0,65
17.0,1.0,7.0,1.0,168.0,225
27.0,1.0,5.0,1.0,365.0,285
6.0,0.0,2.0,1.0,59.0,100
6.0,0.0,3.0,1.0,66.0,45
28.0,1.0,1.0,1.0,305.0,153
2.0,1.0,6.0,1.0,0.0,200
22.0,1.0,4.0,1.0,228.0,197
22.0,0.0,1.0,1.0,176.0,70
33.0,1.0,2.0,1.0,17.0,185
12.0,1.0,1.0,1.0,0.0,200
13.0,1.0,1.0,1.0,0.0,147
23.0,0.0,4.0,1.0,16.0,89
139.0,0.0,5.0,2.0,0.0,40
56.0,1.0,3.0,1.0,0.0,95
1.0,1.0,7.0,1.0,0.0,285
14.0,1.0,6.0,1.0,0.0,275
68.0,0.0,1.0,3.0,365.0,129
21.0,0.0,2.0,5.0,361.0,95
60.0,1.0,4.0,1.0,0.0,100
31.0,0.0,1.0,1.0,45.0,45
36.0,1.0,5.0,1.0,0.0,140
20.0,1.0,2.0,1.0,2.0,100
8.0,1.0,30.0,96.0,342.0,140
12.0,0.0,5.0,1.0,50.0,169
9.0,0.0,1.0,1.0,15.0,72
15.0,0.0,1.0,1.0,0.0,95
12.0,0.0,3.0,2.0,56.0,95
74.0,0.0,2.0,1.0,144.0,49
2.0,0.0,3.0,1.0,80.0,130
12.0,0.0,1.0,3.0,43.0,75
25.0,0.0,4.0,2.0,32.0,44
54.0,0.0,2.0,2.0,336.0,54
21.0,1.0,5.0,1.0,0.0,185
68.0,0.0,1.0,1.0,0.0,99
15.0,1.0,3.0,1.0,224.0,149
2.0,0.0,1.0,1.0,0.0,125
39.0,2.0,3.0,12.0,345.0,30
59.0,1.0,3.0,2.0,112.0,159
21.0,1.0,1.0,1.0,143.0,140
1.0,1.0,6.0,1.0,176.0,200
2.0,0.0,1.0,1.0,0.0,95
54.0,0.0,3.0,3.0,0.0,90
15.0,0.0,2.0,1.0,0.0,59
15.0,1.0,30.0,1.0,0.0,46
27.0,0.0,2.0,2.0,116.0,76
30.0,1.0,1.0,1.0,0.0,115
14.0,1.0,3.0,1.0,0.0,250
31.0,0.0,1.0,1.0,0.0,100
17.0,1.0,1.0,1.0,0.0,77
177.0,0.0,2.0,1.0,36.0,23
14.0,1.0,2.0,1.0,13.0,425
1.0,1.0,1.0,1.0,47.0,400
5.0,1.0,5.0,1.0,339.0,650
8.0,1.0,3.0,2.0,0.0,120
134.0,1.0,7.0,1.0,89.0,125
16.0,1.0,3.0,1.0,1.0,550
28.0,1.0,2.0,1.0,0.0,175
29.0,1.0,2.0,1.0,0.0,125
6.0,0.0,28.0,2.0,343.0,50
28.0,1.0,7.0,1.0,0.0,140
6.0,1.0,2.0,2.0,270.0,220
8.0,1.0,7.0,2.0,0.0,350
120.0,0.0,1.0,1.0,173.0,107
36.0,1.0,3.0,1.0,0.0,225
11.0,1.0,30.0,49.0,342.0,188
44.0,0.0,2.0,1.0,0.0,42
34.0,1.0,30.0,1.0,100.0,85
70.0,2.0,7.0,1.0,365.0,200
16.0,1.0,2.0,2.0,30.0,100
56.0,0.0,1.0,1.0,0.0,200
15.0,0.0,3.0,1.0,281.0,85
56.0,0.0,3.0,1.0,43.0,75
21.0,0.0,2.0,3.0,0.0,110
12.0,0.0,30.0,2.0,230.0,64
24.0,1.0,3.0,1.0,16.0,120
52.0,0.0,2.0,1.0,125.0,150
16.0,1.0,3.0,1.0,12.0,270
2.0,0.0,1.0,2.0,8.0,69
38.0,0.0,1.0,1.0,0.0,65
6.0,0.0,2.0,4.0,280.0,65
26.0,1.0,2.0,1.0,11.0,200
21.0,0.0,3.0,2.0,0.0,65
6.0,1.0,1.0,5.0,55.0,90
8.0,0.0,1.0,1.0,198.0,77
6.0,0.0,3.0,1.0,0.0,55
15.0,1.0,1.0,1.0,0.0,125
56.0,1.0,2.0,1.0,83.0,100
32.0,1.0,2.0,1.0,0.0,150
63.0,1.0,2.0,1.0,160.0,250
29.0,1.0,5.0,1.0,0.0,120
45.0,1.0,4.0,2.0,0.0,160
39.0,1.0,30.0,1.0,109.0,80
56.0,0.0,3.0,2.0,364.0,100
161.0,2.0,1.0,1.0,158.0,50
102.0,1.0,2.0,1.0,0.0,350
12.0,0.0,2.0,1.0,260.0,73
129.0,1.0,5.0,6.0,319.0,99
2.0,1.0,4.0,1.0,69.0,75
21.0,0.0,30.0,14.0,365.0,79
18.0,0.0,7.0,1.0,0.0,52
8.0,0.0,4.0,1.0,125.0,110
15.0,0.0,1.0,1.0,0.0,65
46.0,0.0,1.0,9.0,358.0,50
29.0,0.0,2.0,1.0,0.0,100
124.0,0.0,1.0,1.0,356.0,78
6.0,0.0,1.0,1.0,0.0,45
6.0,0.0,2.0,3.0,319.0,54
1.0,1.0,120.0,121.0,184.0,1100
49.0,0.0,1.0,1.0,0.0,40
15.0,0.0,4.0,1.0,14.0,60
31.0,0.0,5.0,1.0,162.0,55
12.0,1.0,2.0,1.0,0.0,125
7.0,1.0,3.0,1.0,9.0,195
37.0,0.0,2.0,2.0,45.0,60
25.0,1.0,3.0,1.0,36.0,125
6.0,2.0,4.0,1.0,0.0,45
4.0,0.0,7.0,1.0,151.0,65
46.0,0.0,1.0,4.0,79.0,60
7.0,1.0,7.0,1.0,111.0,140
5.0,1.0,30.0,1.0,310.0,220
9.0,0.0,2.0,1.0,68.0,75
29.0,0.0,1.0,1.0,163.0,70
99.0,1.0,7.0,1.0,0.0,75
46.0,0.0,1.0,4.0,253.0,180
43.0,2.0,1.0,1.0,179.0,150
12.0,0.0,3.0,1.0,89.0,165
15.0,1.0,3.0,1.0,208.0,120
21.0,0.0,1.0,2.0,160.0,50
6.0,0.0,3.0,1.0,0.0,50
6.0,1.0,4.0,1.0,260.0,132
30.0,0.0,1.0,1.0,0.0,50
2.0,0.0,1.0,1.0,78.0,79
25.0,0.0,6.0,1.0,0.0,60
1.0,1.0,1.0,1.0,0.0,167
43.0,1.0,2.0,327.0,353.0,228
12.0,0.0,3.0,5.0,0.0,110
67.0,0.0,1.0,2.0,0.0,50
12.0,1.0,6.0,1.0,0.0,250
2.0,0.0,1.0,1.0,329.0,80
52.0,1.0,2.0,2.0,364.0,1100
20.0,0.0,5.0,1.0,0.0,99
12.0,1.0,3.0,1.0,41.0,250
13.0,1.0,7.0,3.0,163.0,200
18.0,1.0,30.0,2.0,27.0,120
12.0,0.0,2.0,2.0,134.0,60
3.0,1.0,2.0,1.0,50.0,99
15.0,1.0,5.0,1.0,0.0,100
201.0,1.0,2.0,7.0,10.0,150
43.0,1.0,2.0,327.0,273.0,408
14.0,1.0,5.0,1.0,132.0,499
12.0,0.0,3.0,1.0,89.0,85
68.0,1.0,3.0,1.0,93.0,300
4.0,1.0,7.0,2.0,0.0,53
52.0,1.0,5.0,1.0,0.0,145
81.0,1.0,2.0,1.0,0.0,78
21.0,0.0,5.0,1.0,297.0,58
3.0,1.0,5.0,1.0,0.0,250
12.0,0.0,1.0,6.0,272.0,65
6.0,0.0,1.0,1.0,12.0,87
6.0,0.0,9.0,1.0,179.0,35
28.0,1.0,4.0,1.0,0.0,200
44.0,1.0,4.0,2.0,146.0,220
20.0,0.0,1.0,2.0,0.0,90
19.0,1.0,9.0,2.0,126.0,250
8.0,0.0,3.0,1.0,2.0,45
12.0,0.0,1.0,1.0,0.0,41
12.0,0.0,10.0,2.0,211.0,98
8.0,0.0,7.0,3.0,0.0,70
25.0,2.0,4.0,5.0,90.0,40
7.0,1.0,1.0,1.0,362.0,2000
56.0,1.0,2.0,1.0,214.0,119
103.0,0.0,1.0,7.0,0.0,49
2.0,0.0,7.0,8.0,17.0,52
19.0,1.0,6.0,1.0,0.0,230
37.0,0.0,1.0,3.0,243.0,50
37.0,0.0,4.0,2.0,63.0,49
52.0,1.0,11.0,1.0,238.0,334
48.0,1.0,6.0,4.0,52.0,495
22.0,1.0,1.0,1.0,21.0,90
24.0,1.0,2.0,1.0,0.0,129
64.0,1.0,2.0,1.0,237.0,2990
68.0,1.0,1.0,1.0,0.0,250
21.0,1.0,5.0,1.0,0.0,200
2.0,0.0,21.0,2.0,0.0,41
7.0,1.0,3.0,2.0,0.0,200
14.0,1.0,29.0,96.0,311.0,250
9.0,0.0,3.0,1.0,37.0,73
28.0,1.0,4.0,1.0,0.0,250
22.0,0.0,7.0,1.0,0.0,39
8.0,0.0,9.0,1.0,0.0,100
25.0,1.0,5.0,1.0,0.0,82
7.0,0.0,3.0,1.0,65.0,174
21.0,0.0,3.0,1.0,282.0,63
12.0,0.0,1.0,2.0,0.0,100
22.0,0.0,1.0,1.0,265.0,50
44.0,0.0,1.0,1.0,0.0,69
2.0,1.0,3.0,1.0,270.0,1000
24.0,0.0,2.0,6.0,364.0,35
134.0,0.0,1.0,3.0,179.0,40
12.0,0.0,3.0,1.0,0.0,96
20.0,0.0,2.0,1.0,82.0,110
60.0,0.0,1.0,1.0,161.0,77
8.0,1.0,15.0,1.0,365.0,200
50.0,0.0,2.0,1.0,0.0,90
30.0,0.0,1.0,1.0,228.0,77
20.0,0.0,1.0,1.0,0.0,45
15.0,0.0,7.0,3.0,161.0,100
41.0,1.0,4.0,6.0,152.0,72
70.0,1.0,2.0,1.0,2.0,65
45.0,1.0,2.0,1.0,0.0,105
2.0,0.0,30.0,1.0,6.0,40
2.0,1.0,1.0,1.0,103.0,119
25.0,1.0,1.0,2.0,182.0,190
12.0,0.0,4.0,1.0,0.0,60
183.0,1.0,2.0,3.0,364.0,150
21.0,0.0,1.0,1.0,0.0,30
6.0,0.0,2.0,1.0,84.0,75
8.0,0.0,1.0,1.0,197.0,145
12.0,0.0,3.0,1.0,0.0,85
19.0,0.0,3.0,2.0,89.0,120
4.0,0.0,1.0,2.0,110.0,80
24.0,0.0,2.0,2.0,297.0,44
19.0,1.0,3.0,1.0,19.0,150
111.0,0.0,1.0,1.0,6.0,45
8.0,1.0,30.0,1.0,200.0,120
8.0,1.0,1.0,1.0,24.0,180
24.0,0.0,2.0,1.0,0.0,120
25.0,1.0,7.0,1.0,0.0,199
12.0,1.0,2.0,1.0,327.0,264
21.0,0.0,30.0,5.0,341.0,72
7.0,1.0,30.0,5.0,341.0,70
25.0,0.0,1.0,1.0,0.0,49
25.0,1.0,5.0,1.0,0.0,125
1.0,0.0,1.0,1.0,0.0,150
6.0,0.0,30.0,10.0,364.0,50
19.0,1.0,2.0,1.0,23.0,189
24.0,1.0,3.0,1.0,326.0,167
15.0,0.0,5.0,1.0,359.0,175
84.0,0.0,2.0,2.0,295.0,99
73.0,1.0,3.0,1.0,79.0,146
43.0,0.0,1.0,1.0,0.0,180
21.0,0.0,1.0,1.0,16.0,45
6.0,0.0,3.0,1.0,0.0,45
7.0,2.0,10.0,1.0,179.0,96
27.0,0.0,5.0,1.0,0.0,10
21.0,2.0,2.0,2.0,365.0,42
54.0,0.0,2.0,1.0,0.0,150
64.0,1.0,30.0,1.0,40.0,150
37.0,1.0,1.0,1.0,124.0,72
21.0,0.0,91.0,8.0,218.0,50
11.0,1.0,3.0,1.0,344.0,850
2.0,1.0,6.0,1.0,31.0,80
29.0,1.0,1.0,1.0,0.0,67
26.0,1.0,2.0,1.0,0.0,220
7.0,1.0,2.0,1.0,0.0,130
1.0,1.0,1.0,1.0,0.0,100
83.0,0.0,2.0,2.0,0.0,59
12.0,1.0,30.0,1.0,286.0,120
19.0,0.0,6.0,1.0,0.0,99
6.0,1.0,2.0,1.0,54.0,120
28.0,0.0,1.0,1.0,7.0,75
20.0,0.0,1.0,2.0,306.0,75
129.0,0.0,3.0,1.0,283.0,43
43.0,1.0,2.0,327.0,337.0,229
43.0,1.0,1.0,8.0,143.0,309
98.0,0.0,2.0,1.0,8.0,50
27.0,1.0,5.0,1.0,169.0,595
49.0,1.0,3.0,1.0,0.0,75
21.0,0.0,1.0,3.0,17.0,70
54.0,1.0,1.0,3.0,311.0,55
2.0,1.0,15.0,1.0,0.0,140
6.0,1.0,1.0,2.0,274.0,120
14.0,1.0,7.0,1.0,0.0,85
83.0,2.0,1.0,4.0,340.0,35
2.0,0.0,3.0,2.0,0.0,40
80.0,0.0,1.0,1.0,0.0,60
2.0,1.0,4.0,1.0,3.0,85
19.0,1.0,2.0,1.0,0.0,250
56.0,0.0,1.0,1.0,35.0,69
12.0,1.0,2.0,1.0,188.0,151
177.0,0.0,6.0,1.0,179.0,50
12.0,0.0,1.0,4.0,77.0,400
4.0,0.0,3.0,1.0,1.0,55
56.0,1.0,3.0,4.0,274.0,239
2.0,0.0,4.0,6.0,119.0,105
5.0,0.0,5.0,1.0,0.0,40
8.0,0.0,1.0,10.0,284.0,220
12.0,1.0,1.0,1.0,7.0,40
84.0,0.0,1.0,6.0,170.0,57
49.0,1.0,5.0,1.0,0.0,150
8.0,0.0,2.0,1.0,0.0,130
21.0,0.0,4.0,2.0,364.0,75
15.0,0.0,1.0,1.0,0.0,65
146.0,1.0,1.0,1.0,0.0,150
19.0,1.0,1.0,1.0,242.0,142
30.0,0.0,6.0,1.0,0.0,40
6.0,1.0,2.0,1.0,103.0,75
12.0,0.0,3.0,1.0,4.0,84
68.0,0.0,3.0,3.0,217.0,80
20.0,1.0,30.0,52.0,295.0,149
7.0,1.0,6.0,1.0,87.0,250
56.0,1.0,3.0,1.0,0.0,96
28.0,1.0,1.0,1.0,0.0,150
12.0,1.0,5.0,1.0,0.0,269
45.0,1.0,7.0,1.0,0.0,110
19.0,0.0,1.0,2.0,188.0,74
106.0,1.0,1.0,2.0,352.0,750
77.0,1.0,3.0,1.0,177.0,235
39.0,0.0,40.0,3.0,246.0,42
9.0,1.0,3.0,1.0,87.0,300
1.0,1.0,1.0,1.0,170.0,135
16.0,0.0,2.0,6.0,342.0,120
28.0,0.0,2.0,2.0,26.0,80
30.0,1.0,7.0,1.0,0.0,95
64.0,1.0,3.0,1.0,312.0,400
43.0,1.0,2.0,327.0,289.0,396
23.0,1.0,3.0,1.0,0.0,175
27.0,0.0,1.0,1.0,365.0,125
70.0,1.0,5.0,1.0,263.0,70
12.0,2.0,2.0,2.0,0.0,26
19.0,0.0,20.0,1.0,0.0,75
19.0,1.0,30.0,1.0,0.0,89
23.0,1.0,5.0,1.0,0.0,149
8.0,1.0,12.0,1.0,193.0,129
6.0,1.0,1.0,1.0,347.0,310
6.0,0.0,2.0,1.0,350.0,250
21.0,0.0,3.0,2.0,51.0,40
213.0,1.0,2.0,2.0,342.0,450
19.0,1.0,2.0,1.0,312.0,170
25.0,0.0,14.0,1.0,0.0,100
12.0,1.0,3.0,2.0,0.0,210
4.0,1.0,1.0,1.0,0.0,140
7.0,1.0,30.0,1.0,87.0,1500
30.0,0.0,2.0,1.0,0.0,110
1.0,1.0,3.0,1.0,149.0,249
21.0,0.0,1.0,1.0,0.0,100
12.0,1.0,2.0,1.0,0.0,140
37.0,0.0,1.0,8.0,53.0,50
117.0,0.0,4.0,3.0,81.0,85
24.0,1.0,6.0,1.0,0.0,70
12.0,0.0,4.0,1.0,0.0,75
8.0,0.0,1.0,1.0,0.0,50
12.0,0.0,28.0,1.0,89.0,500
6.0,0.0,30.0,1.0,342.0,78
14.0,1.0,2.0,1.0,0.0,225
15.0,1.0,4.0,1.0,0.0,65
15.0,0.0,3.0,1.0,0.0,80
32.0,1.0,2.0,1.0,230.0,250
81.0,0.0,1.0,4.0,180.0,51
71.0,0.0,1.0,7.0,364.0,339
46.0,0.0,1.0,3.0,364.0,75
11.0,1.0,4.0,1.0,48.0,200
5.0,1.0,30.0,31.0,179.0,115
10.0,1.0,1.0,1.0,250.0,110
7.0,0.0,10.0,1.0,103.0,155
8.0,0.0,3.0,2.0,0.0,90
12.0,0.0,3.0,1.0,180.0,500
26.0,1.0,3.0,1.0,355.0,600
8.0,0.0,15.0,1.0,17.0,40
7.0,0.0,5.0,2.0,110.0,129
15.0,1.0,2.0,1.0,360.0,125
82.0,1.0,2.0,2.0,248.0,110
4.0,1.0,1.0,1.0,0.0,100
18.0,1.0,4.0,1.0,19.0,110
13.0,1.0,2.0,1.0,0.0,205
28.0,1.0,6.0,1.0,73.0,275
22.0,1.0,10.0,1.0,0.0,50
6.0,0.0,1.0,6.0,164.0,57
112.0,0.0,1.0,1.0,54.0,59
6.0,1.0,4.0,1.0,84.0,169
8.0,0.0,1.0,1.0,24.0,86
22.0,1.0,3.0,1.0,124.0,80
56.0,1.0,3.0,1.0,220.0,150
2.0,1.0,3.0,1.0,39.0,169
14.0,2.0,1.0,1.0,89.0,450
25.0,0.0,1.0,6.0,363.0,85
1.0,1.0,30.0,14.0,333.0,300
12.0,0.0,2.0,2.0,14.0,59
103.0,0.0,5.0,1.0,67.0,75
73.0,0.0,1.0,2.0,364.0,37
21.0,0.0,2.0,2.0,266.0,78
12.0,0.0,5.0,1.0,249.0,73
21.0,0.0,30.0,17.0,268.0,50
30.0,0.0,3.0,1.0,113.0,50
9.0,0.0,1.0,1.0,54.0,68
21.0,0.0,3.0,1.0,0.0,40
70.0,0.0,3.0,13.0,90.0,37
24.0,1.0,2.0,1.0,272.0,99
2.0,1.0,6.0,1.0,0.0,100
12.0,1.0,2.0,1.0,19.0,120
62.0,1.0,1.0,4.0,162.0,99
6.0,0.0,1.0,1.0,84.0,112
54.0,0.0,2.0,2.0,361.0,65
9.0,1.0,7.0,1.0,4.0,92
46.0,0.0,5.0,1.0,314.0,55
81.0,0.0,1.0,2.0,0.0,180
45.0,1.0,30.0,1.0,230.0,108
2.0,0.0,1.0,3.0,336.0,140
129.0,0.0,1.0,8.0,273.0,50
8.0,0.0,1.0,1.0,0.0,110
8.0,0.0,30.0,32.0,341.0,60
144.0,0.0,1.0,2.0,0.0,21
24.0,0.0,18.0,1.0,0.0,75
26.0,1.0,3.0,1.0,47.0,195
126.0,0.0,2.0,6.0,79.0,65
6.0,0.0,3.0,1.0,0.0,43
16.0,1.0,3.0,1.0,0.0,152
23.0,1.0,30.0,2.0,188.0,225
124.0,0.0,1.0,4.0,164.0,40
8.0,0.0,2.0,1.0,0.0,60
12.0,0.0,2.0,4.0,0.0,98
13.0,1.0,2.0,1.0,0.0,150
64.0,1.0,3.0,2.0,0.0,800
6.0,1.0,2.0,2.0,95.0,200
6.0,0.0,1.0,1.0,0.0,50
4.0,2.0,1.0,1.0,0.0,70
2.0,0.0,2.0,3.0,71.0,69
19.0,1.0,1.0,4.0,265.0,160
15.0,1.0,3.0,1.0,142.0,150
8.0,0.0,5.0,2.0,0.0,120
4.0,0.0,2.0,2.0,14.0,110
94.0,0.0,1.0,9.0,357.0,50
12.0,1.0,5.0,1.0,13.0,200
21.0,1.0,5.0,2.0,0.0,250
83.0,0.0,1.0,2.0,0.0,47
15.0,0.0,3.0,1.0,362.0,89
124.0,0.0,2.0,5.0,347.0,50
16.0,1.0,2.0,1.0,0.0,95
95.0,1.0,4.0,4.0,58.0,87
20.0,1.0,2.0,1.0,129.0,130
6.0,0.0,2.0,1.0,0.0,56
6.0,1.0,3.0,1.0,245.0,134
37.0,0.0,7.0,12.0,105.0,40
12.0,0.0,5.0,1.0,64.0,80
23.0,1.0,5.0,1.0,263.0,175
12.0,0.0,3.0,2.0,141.0,99
88.0,1.0,2.0,1.0,173.0,196
12.0,1.0,1.0,1.0,365.0,500
21.0,0.0,3.0,1.0,0.0,50
24.0,1.0,5.0,1.0,211.0,214
26.0,1.0,1.0,1.0,0.0,400
8.0,0.0,3.0,1.0,230.0,112
21.0,0.0,3.0,3.0,79.0,55
49.0,0.0,1.0,1.0,87.0,175
6.0,1.0,5.0,1.0,142.0,239
12.0,0.0,2.0,1.0,6.0,44
0.0,2.0,1.0,2.0,27.0,65
19.0,1.0,5.0,1.0,0.0,82
2.0,1.0,1.0,1.0,0.0,120
2.0,1.0,3.0,2.0,0.0,100
12.0,0.0,2.0,1.0,0.0,98
53.0,0.0,31.0,1.0,83.0,140
111.0,0.0,1.0,10.0,365.0,57
15.0,1.0,6.0,1.0,156.0,199
21.0,0.0,2.0,1.0,14.0,70
28.0,1.0,30.0,1.0,89.0,899
24.0,1.0,5.0,2.0,0.0,100
19.0,1.0,3.0,1.0,0.0,255
8.0,1.0,2.0,1.0,231.0,200
4.0,1.0,1.0,1.0,327.0,123
28.0,0.0,25.0,1.0,0.0,54
11.0,1.0,2.0,2.0,166.0,197
144.0,0.0,1.0,1.0,362.0,90
2.0,0.0,2.0,1.0,1.0,49
52.0,0.0,7.0,1.0,88.0,90
11.0,1.0,60.0,1.0,0.0,250
20.0,1.0,7.0,1.0,0.0,140
6.0,1.0,2.0,2.0,130.0,110
22.0,0.0,2.0,6.0,176.0,50
12.0,1.0,4.0,1.0,156.0,245
7.0,1.0,4.0,3.0,127.0,200
21.0,0.0,1.0,2.0,0.0,175
12.0,1.0,7.0,1.0,0.0,75
28.0,1.0,2.0,1.0,310.0,175
43.0,1.0,4.0,1.0,169.0,225
21.0,1.0,2.0,1.0,359.0,140
8.0,0.0,1.0,10.0,281.0,250
23.0,0.0,1.0,2.0,50.0,120
26.0,1.0,28.0,1.0,0.0,250
6.0,1.0,2.0,2.0,0.0,100
12.0,1.0,3.0,1.0,59.0,300
29.0,1.0,4.0,1.0,5.0,150
11.0,1.0,2.0,1.0,280.0,225
6.0,0.0,2.0,2.0,0.0,80
29.0,1.0,1.0,1.0,0.0,125
71.0,0.0,14.0,3.0,85.0,65
2.0,0.0,28.0,1.0,0.0,55
28.0,1.0,30.0,29.0,283.0,118
10.0,0.0,1.0,1.0,297.0,70
12.0,1.0,1.0,1.0,0.0,180
21.0,0.0,2.0,1.0,0.0,40
105.0,0.0,3.0,2.0,127.0,26
27.0,0.0,1.0,2.0,28.0,82
30.0,0.0,2.0,2.0,0.0,60
80.0,0.0,1.0,3.0,239.0,40
21.0,0.0,1.0,1.0,57.0,50
25.0,0.0,2.0,2.0,14.0,93
30.0,0.0,5.0,2.0,0.0,30
68.0,1.0,1.0,1.0,0.0,185
23.0,1.0,4.0,1.0,195.0,225
13.0,1.0,3.0,3.0,99.0,108
54.0,0.0,30.0,4.0,64.0,50
20.0,0.0,1.0,3.0,43.0,70
19.0,1.0,3.0,1.0,18.0,175
7.0,1.0,2.0,1.0,216.0,200
13.0,0.0,1.0,1.0,0.0,90
1.0,1.0,1.0,2.0,360.0,250
37.0,0.0,2.0,1.0,31.0,36
31.0,0.0,2.0,1.0,365.0,75
14.0,1.0,4.0,1.0,236.0,230
13.0,1.0,7.0,1.0,0.0,85
21.0,0.0,2.0,4.0,341.0,50
73.0,1.0,30.0,1.0,0.0,50
14.0,1.0,4.0,1.0,0.0,159
30.0,0.0,1.0,1.0,211.0,36
13.0,1.0,3.0,1.0,5.0,310
29.0,1.0,14.0,1.0,0.0,200
7.0,0.0,4.0,1.0,50.0,185
1.0,0.0,1.0,1.0,0.0,65
84.0,1.0,1.0,1.0,360.0,200
6.0,1.0,2.0,1.0,0.0,116
26.0,1.0,30.0,232.0,333.0,307
81.0,0.0,2.0,1.0,365.0,63
16.0,1.0,2.0,1.0,0.0,175
54.0,1.0,2.0,1.0,82.0,125
85.0,0.0,2.0,3.0,340.0,46
15.0,0.0,1.0,2.0,0.0,50
23.0,0.0,1.0,2.0,326.0,115
54.0,0.0,2.0,1.0,0.0,60
19.0,1.0,30.0,1.0,326.0,175
19.0,1.0,7.0,1.0,0.0,200
8.0,1.0,3.0,1.0,0.0,167
23.0,1.0,2.0,1.0,33.0,150
70.0,0.0,1.0,3.0,211.0,25
22.0,1.0,3.0,1.0,209.0,175
21.0,0.0,5.0,1.0,0.0,40
3.0,1.0,1.0,1.0,0.0,105
21.0,1.0,90.0,1.0,34.0,115
19.0,0.0,1.0,4.0,121.0,150
25.0,0.0,4.0,1.0,0.0,70
19.0,0.0,1.0,1.0,0.0,115
45.0,1.0,2.0,1.0,0.0,150
2.0,0.0,1.0,3.0,127.0,80
23.0,1.0,2.0,1.0,0.0,450
23.0,0.0,2.0,5.0,331.0,69
23.0,0.0,5.0,2.0,217.0,75
33.0,1.0,7.0,1.0,0.0,300
90.0,1.0,7.0,1.0,3.0,75
83.0,1.0,2.0,1.0,338.0,250
90.0,1.0,1.0,1.0,0.0,119
68.0,0.0,5.0,1.0,0.0,99
48.0,0.0,7.0,1.0,317.0,80
12.0,0.0,4.0,1.0,0.0,75
2.0,0.0,4.0,2.0,3.0,50
26.0,1.0,2.0,1.0,0.0,144
34.0,1.0,3.0,1.0,0.0,100
45.0,1.0,1.0,1.0,0.0,100
44.0,0.0,2.0,2.0,298.0,49
8.0,1.0,1.0,1.0,0.0,150
12.0,0.0,2.0,1.0,0.0,64
106.0,1.0,2.0,1.0,215.0,130
15.0,0.0,3.0,1.0,0.0,49
54.0,1.0,2.0,2.0,217.0,200
12.0,0.0,3.0,1.0,278.0,130
12.0,1.0,7.0,1.0,0.0,209
39.0,1.0,15.0,2.0,22.0,74
4.0,0.0,7.0,1.0,0.0,150
5.0,1.0,30.0,50.0,180.0,222
125.0,0.0,1.0,2.0,0.0,95
4.0,0.0,30.0,1.0,46.0,40
52.0,0.0,3.0,1.0,0.0,130
12.0,0.0,2.0,1.0,14.0,70
56.0,1.0,8.0,1.0,0.0,125
73.0,0.0,1.0,3.0,83.0,50
21.0,0.0,3.0,1.0,69.0,79
2.0,0.0,3.0,2.0,0.0,85
19.0,0.0,7.0,1.0,0.0,60
21.0,1.0,7.0,1.0,0.0,200
19.0,1.0,2.0,1.0,27.0,130
23.0,1.0,4.0,1.0,0.0,225
10.0,1.0,7.0,1.0,0.0,250
149.0,1.0,2.0,1.0,359.0,114
52.0,1.0,3.0,1.0,29.0,265
12.0,2.0,1.0,1.0,0.0,85
12.0,1.0,3.0,1.0,0.0,100
99.0,1.0,2.0,1.0,301.0,90
1.0,1.0,1.0,1.0,268.0,200
72.0,0.0,1.0,1.0,175.0,62
15.0,1.0,2.0,1.0,0.0,350
7.0,1.0,7.0,1.0,0.0,224
1.0,1.0,1.0,2.0,355.0,225
56.0,1.0,1.0,1.0,82.0,180
25.0,1.0,2.0,2.0,351.0,150
27.0,1.0,4.0,1.0,52.0,245
14.0,2.0,2.0,4.0,171.0,85
19.0,1.0,26.0,2.0,46.0,140
8.0,1.0,4.0,1.0,141.0,150
99.0,0.0,1.0,2.0,89.0,70
2.0,0.0,30.0,1.0,0.0,71
41.0,1.0,1.0,1.0,258.0,144
64.0,1.0,4.0,1.0,0.0,200
129.0,0.0,3.0,9.0,348.0,69
8.0,0.0,2.0,2.0,0.0,55
12.0,0.0,5.0,1.0,179.0,150
19.0,0.0,1.0,1.0,0.0,100
1.0,1.0,2.0,1.0,0.0,149
28.0,1.0,1.0,1.0,168.0,300
83.0,2.0,2.0,1.0,0.0,75
8.0,0.0,2.0,1.0,0.0,135
32.0,1.0,2.0,1.0,0.0,110
99.0,0.0,2.0,2.0,345.0,100
24.0,1.0,1.0,1.0,321.0,175
12.0,1.0,3.0,2.0,239.0,249
6.0,0.0,1.0,4.0,0.0,61
28.0,1.0,30.0,96.0,333.0,250
73.0,0.0,3.0,1.0,360.0,39
12.0,1.0,2.0,1.0,0.0,180
7.0,1.0,1.0,2.0,270.0,175
15.0,0.0,4.0,1.0,0.0,45
10.0,0.0,5.0,2.0,0.0,40
52.0,1.0,2.0,1.0,0.0,198
41.0,1.0,7.0,1.0,0.0,77
59.0,0.0,3.0,1.0,363.0,60
8.0,1.0,13.0,1.0,0.0,199
12.0,1.0,2.0,1.0,7.0,135
24.0,0.0,3.0,3.0,21.0,60
12.0,0.0,3.0,1.0,0.0,100
171.0,1.0,2.0,3.0,313.0,195
19.0,1.0,6.0,1.0,36.0,199
2.0,0.0,2.0,1.0,0.0,67
45.0,1.0,15.0,1.0,34.0,250
20.0,0.0,2.0,1.0,0.0,100
79.0,0.0,7.0,2.0,333.0,55
21.0,0.0,3.0,1.0,0.0,50
5.0,1.0,30.0,1.0,154.0,345
12.0,0.0,1.0,1.0,303.0,89
94.0,0.0,1.0,6.0,0.0,45
30.0,2.0,1.0,1.0,0.0,75
71.0,1.0,30.0,96.0,303.0,180
25.0,1.0,2.0,1.0,17.0,151
5.0,1.0,30.0,50.0,342.0,175
12.0,1.0,3.0,1.0,10.0,165
12.0,0.0,5.0,1.0,35.0,65
69.0,0.0,1.0,1.0,179.0,33
25.0,1.0,1.0,1.0,334.0,180
1.0,1.0,180.0,10.0,363.0,500
21.0,0.0,4.0,1.0,317.0,65
8.0,1.0,2.0,1.0,1.0,120
177.0,0.0,2.0,1.0,90.0,70
2.0,2.0,1.0,1.0,216.0,50
7.0,0.0,7.0,47.0,360.0,55
6.0,0.0,1.0,2.0,67.0,65
19.0,0.0,4.0,2.0,43.0,100
102.0,1.0,1.0,1.0,0.0,150
81.0,0.0,1.0,7.0,57.0,55
56.0,0.0,5.0,1.0,69.0,70
15.0,0.0,2.0,1.0,0.0,40
79.0,1.0,5.0,1.0,76.0,150
25.0,0.0,4.0,2.0,0.0,30
100.0,1.0,3.0,1.0,0.0,80
18.0,0.0,3.0,1.0,31.0,50
8.0,1.0,1.0,1.0,0.0,200
147.0,0.0,4.0,3.0,365.0,50
21.0,0.0,2.0,1.0,0.0,45
20.0,1.0,3.0,1.0,0.0,190
33.0,1.0,7.0,1.0,0.0,100
1.0,1.0,4.0,1.0,358.0,319
8.0,1.0,3.0,1.0,0.0,190
2.0,0.0,1.0,1.0,0.0,70
7.0,1.0,20.0,1.0,0.0,142
4.0,1.0,1.0,1.0,0.0,249
139.0,1.0,1.0,1.0,136.0,95
12.0,0.0,2.0,4.0,25.0,65
6.0,0.0,6.0,1.0,0.0,33
29.0,0.0,2.0,1.0,0.0,75
117.0,0.0,2.0,1.0,0.0,60
54.0,0.0,2.0,1.0,88.0,66
9.0,1.0,1.0,1.0,0.0,135
8.0,1.0,7.0,2.0,79.0,285
15.0,1.0,1.0,1.0,0.0,200
61.0,1.0,2.0,1.0,152.0,200
6.0,0.0,2.0,3.0,356.0,62
39.0,0.0,2.0,2.0,102.0,80
19.0,1.0,2.0,1.0,5.0,88
6.0,0.0,2.0,1.0,82.0,45
15.0,1.0,3.0,1.0,0.0,100
12.0,1.0,8.0,1.0,0.0,100
15.0,0.0,5.0,1.0,0.0,50
37.0,0.0,1.0,1.0,0.0,40
27.0,0.0,3.0,1.0,173.0,350
28.0,0.0,1.0,1.0,0.0,235
21.0,0.0,1.0,1.0,0.0,42
20.0,0.0,2.0,1.0,0.0,58
70.0,0.0,1.0,1.0,54.0,53
26.0,1.0,30.0,52.0,363.0,87
15.0,1.0,1.0,1.0,280.0,117
16.0,1.0,3.0,1.0,65.0,140
28.0,0.0,30.0,9.0,342.0,65
7.0,1.0,4.0,1.0,5.0,300
34.0,1.0,2.0,1.0,0.0,192
49.0,1.0,7.0,1.0,260.0,100
2.0,0.0,4.0,2.0,161.0,60
81.0,0.0,3.0,3.0,213.0,45
14.0,1.0,2.0,1.0,15.0,275
14.0,1.0,5.0,1.0,87.0,300
7.0,0.0,5.0,2.0,23.0,80
64.0,0.0,3.0,1.0,0.0,140
4.0,0.0,3.0,1.0,0.0,80
23.0,0.0,1.0,1.0,0.0,125
214.0,1.0,3.0,1.0,339.0,299
39.0,2.0,5.0,2.0,23.0,29
2.0,0.0,1.0,1.0,0.0,55
20.0,1.0,2.0,1.0,93.0,75
98.0,1.0,7.0,2.0,0.0,80
6.0,0.0,3.0,1.0,0.0,45
56.0,1.0,2.0,3.0,116.0,179
44.0,0.0,4.0,1.0,51.0,60
18.0,0.0,30.0,1.0,57.0,50
19.0,1.0,1.0,2.0,253.0,260
28.0,1.0,2.0,1.0,0.0,150
29.0,0.0,3.0,3.0,250.0,120
2.0,0.0,10.0,1.0,0.0,68
6.0,1.0,3.0,1.0,0.0,199
15.0,1.0,28.0,2.0,280.0,120
7.0,1.0,2.0,3.0,277.0,272
51.0,1.0,7.0,2.0,0.0,180
21.0,1.0,1.0,2.0,137.0,175
1.0,1.0,3.0,1.0,0.0,300
3.0,1.0,4.0,1.0,31.0,122
22.0,0.0,1.0,1.0,144.0,70
70.0,0.0,2.0,4.0,1.0,50
43.0,1.0,4.0,1.0,83.0,299
6.0,0.0,29.0,1.0,0.0,31
2.0,0.0,1.0,1.0,248.0,58
11.0,2.0,1.0,1.0,362.0,110
2.0,0.0,3.0,1.0,364.0,75
13.0,1.0,3.0,1.0,0.0,225
9.0,1.0,1.0,5.0,364.0,300
30.0,0.0,1.0,5.0,336.0,196
12.0,0.0,1.0,1.0,364.0,90
20.0,1.0,8.0,1.0,10.0,85
9.0,0.0,1.0,3.0,39.0,90
2.0,0.0,3.0,2.0,38.0,90
11.0,1.0,1.0,1.0,0.0,1500
11.0,1.0,2.0,1.0,0.0,275
6.0,0.0,5.0,1.0,0.0,55
12.0,0.0,3.0,1.0,0.0,55
19.0,1.0,18.0,1.0,0.0,146
2.0,0.0,2.0,6.0,365.0,220
28.0,2.0,1.0,1.0,365.0,75
50.0,1.0,1.0,1.0,0.0,220
15.0,0.0,1.0,2.0,102.0,85
2.0,0.0,1.0,1.0,0.0,40
37.0,1.0,5.0,7.0,178.0,228
19.0,0.0,1.0,2.0,0.0,80
28.0,1.0,3.0,1.0,0.0,249
7.0,0.0,6.0,3.0,4.0,98
12.0,0.0,3.0,1.0,37.0,120
28.0,0.0,1.0,1.0,56.0,80
45.0,0.0,4.0,1.0,0.0,99
8.0,1.0,2.0,1.0,0.0,225
14.0,0.0,1.0,1.0,172.0,115
56.0,1.0,7.0,1.0,0.0,93
5.0,2.0,3.0,1.0,14.0,150
22.0,0.0,7.0,1.0,69.0,55
6.0,0.0,4.0,1.0,0.0,55
20.0,0.0,3.0,28.0,81.0,179
28.0,0.0,1.0,2.0,358.0,120
8.0,0.0,5.0,1.0,88.0,155
54.0,1.0,3.0,1.0,343.0,100
71.0,1.0,2.0,1.0,0.0,170
24.0,0.0,2.0,1.0,98.0,50
24.0,0.0,15.0,1.0,0.0,40
13.0,1.0,2.0,2.0,290.0,275
56.0,0.0,7.0,1.0,140.0,70
18.0,0.0,3.0,2.0,31.0,35
21.0,0.0,1.0,1.0,0.0,40
56.0,0.0,1.0,1.0,0.0,60
28.0,1.0,5.0,4.0,108.0,450
23.0,1.0,11.0,1.0,0.0,146
27.0,1.0,2.0,1.0,164.0,450
27.0,0.0,3.0,3.0,0.0,195
13.0,1.0,1.0,1.0,239.0,120
19.0,0.0,3.0,3.0,9.0,95
1.0,1.0,30.0,33.0,365.0,175
4.0,0.0,1.0,1.0,0.0,35
21.0,0.0,1.0,1.0,0.0,70
23.0,0.0,2.0,4.0,61.0,81
7.0,1.0,30.0,23.0,364.0,195
90.0,2.0,10.0,12.0,0.0,24
5.0,1.0,1.0,2.0,247.0,300
54.0,0.0,2.0,4.0,361.0,75
4.0,0.0,2.0,1.0,60.0,50
8.0,2.0,1.0,1.0,0.0,40
2.0,0.0,2.0,1.0,346.0,100
23.0,0.0,2.0,1.0,0.0,80
14.0,1.0,4.0,1.0,8.0,175
8.0,1.0,1.0,1.0,0.0,140
31.0,1.0,1.0,1.0,212.0,189
6.0,1.0,10.0,1.0,12.0,91
8.0,1.0,1.0,1.0,0.0,400
2.0,0.0,1.0,2.0,0.0,130
6.0,1.0,7.0,1.0,189.0,110
34.0,1.0,5.0,1.0,0.0,100
43.0,1.0,7.0,1.0,272.0,110
79.0,0.0,1.0,2.0,175.0,185
49.0,0.0,2.0,2.0,0.0,600
7.0,1.0,1.0,1.0,217.0,325
3.0,0.0,30.0,11.0,314.0,90
70.0,1.0,3.0,8.0,356.0,85
15.0,0.0,4.0,1.0,16.0,72
21.0,1.0,2.0,5.0,342.0,125
44.0,1.0,2.0,1.0,64.0,75
15.0,0.0,2.0,1.0,0.0,85
12.0,1.0,1.0,2.0,47.0,325
84.0,0.0,1.0,1.0,82.0,75
15.0,1.0,3.0,2.0,0.0,155
12.0,0.0,3.0,1.0,5.0,85
28.0,1.0,30.0,16.0,339.0,119
33.0,1.0,3.0,1.0,199.0,240
12.0,0.0,9.0,2.0,15.0,70
6.0,0.0,1.0,6.0,170.0,45
19.0,1.0,3.0,1.0,14.0,400
34.0,0.0,1.0,17.0,355.0,139
17.0,1.0,2.0,1.0,0.0,120
25.0,0.0,2.0,1.0,0.0,75
11.0,1.0,30.0,1.0,47.0,168
21.0,0.0,20.0,1.0,0.0,100
25.0,1.0,2.0,1.0,83.0,455
30.0,1.0,30.0,1.0,147.0,85
6.0,1.0,1.0,1.0,0.0,115
70.0,1.0,1.0,1.0,122.0,90
8.0,1.0,3.0,1.0,0.0,160
45.0,0.0,8.0,1.0,0.0,70
25.0,0.0,1.0,10.0,360.0,79
111.0,2.0,1.0,4.0,365.0,30
152.0,0.0,1.0,4.0,179.0,200
4.0,0.0,3.0,1.0,0.0,75
2.0,1.0,4.0,1.0,0.0,150
21.0,0.0,3.0,10.0,322.0,45
165.0,1.0,3.0,1.0,0.0,40
23.0,1.0,2.0,1.0,16.0,199
8.0,0.0,1.0,1.0,0.0,90
21.0,1.0,5.0,1.0,305.0,130
0.0,1.0,5.0,1.0,15.0,300
6.0,1.0,1.0,1.0,307.0,650
1.0,1.0,30.0,121.0,345.0,369
1.0,1.0,30.0,5.0,108.0,189
14.0,1.0,3.0,1.0,42.0,200
69.0,1.0,1.0,1.0,1.0,75
7.0,0.0,1.0,3.0,111.0,129
24.0,0.0,1.0,2.0,14.0,48
7.0,0.0,1.0,1.0,0.0,200
73.0,0.0,1.0,1.0,319.0,59
4.0,0.0,1.0,1.0,0.0,75
21.0,1.0,5.0,1.0,0.0,500
71.0,0.0,1.0,13.0,351.0,100
68.0,0.0,2.0,3.0,44.0,100
21.0,0.0,1.0,2.0,0.0,75
52.0,1.0,3.0,1.0,0.0,175
2.0,0.0,2.0,1.0,39.0,40
21.0,1.0,2.0,1.0,291.0,105
99.0,0.0,6.0,1.0,365.0,100
4.0,1.0,1.0,1.0,0.0,75
5.0,1.0,2.0,1.0,0.0,175
12.0,1.0,3.0,1.0,0.0,209
12.0,1.0,1.0,1.0,0.0,150
17.0,0.0,7.0,1.0,0.0,80
21.0,0.0,2.0,1.0,8.0,65
12.0,1.0,28.0,1.0,258.0,100
21.0,0.0,1.0,1.0,0.0,55
6.0,1.0,4.0,1.0,0.0,60
6.0,0.0,4.0,1.0,0.0,50
12.0,0.0,3.0,1.0,47.0,90
1.0,1.0,2.0,13.0,272.0,500
26.0,0.0,30.0,1.0,0.0,80
15.0,1.0,2.0,3.0,189.0,298
7.0,0.0,3.0,1.0,88.0,160
21.0,1.0,2.0,1.0,284.0,110
71.0,1.0,31.0,5.0,341.0,200
20.0,0.0,3.0,1.0,0.0,40
30.0,0.0,1.0,1.0,0.0,110
145.0,0.0,30.0,2.0,303.0,47
49.0,0.0,1.0,4.0,349.0,85
54.0,1.0,93.0,1.0,89.0,85
12.0,0.0,3.0,1.0,46.0,60
10.0,0.0,2.0,1.0,54.0,50
2.0,1.0,7.0,2.0,150.0,300
56.0,1.0,2.0,5.0,86.0,125
19.0,1.0,2.0,1.0,278.0,142
16.0,0.0,5.0,1.0,0.0,49
45.0,0.0,20.0,1.0,0.0,90
10.0,0.0,2.0,1.0,0.0,85
79.0,1.0,5.0,1.0,0.0,200
7.0,0.0,2.0,3.0,0.0,85
17.0,1.0,1.0,1.0,0.0,89
8.0,0.0,3.0,3.0,334.0,80
76.0,1.0,3.0,1.0,61.0,100
12.0,1.0,4.0,1.0,6.0,150
12.0,0.0,3.0,1.0,72.0,169
69.0,1.0,5.0,1.0,157.0,90
129.0,0.0,3.0,2.0,281.0,42
30.0,1.0,30.0,1.0,0.0,180
2.0,0.0,14.0,1.0,283.0,65
6.0,0.0,3.0,1.0,0.0,47
33.0,1.0,5.0,1.0,0.0,160
6.0,0.0,3.0,1.0,0.0,125
1.0,1.0,180.0,1.0,365.0,230
2.0,1.0,3.0,2.0,88.0,400
126.0,0.0,2.0,1.0,35.0,59
43.0,1.0,2.0,327.0,318.0,196
16.0,1.0,5.0,1.0,0.0,219
6.0,1.0,3.0,1.0,134.0,140
15.0,1.0,1.0,1.0,0.0,100
2.0,1.0,3.0,1.0,126.0,325
96.0,1.0,3.0,1.0,0.0,200
22.0,1.0,3.0,1.0,195.0,125
15.0,0.0,1.0,1.0,0.0,50
12.0,0.0,20.0,1.0,0.0,40
16.0,1.0,2.0,1.0,0.0,275
56.0,1.0,13.0,1.0,0.0,110
52.0,1.0,3.0,1.0,0.0,199
22.0,0.0,1.0,1.0,0.0,50
14.0,0.0,1.0,1.0,0.0,150
29.0,1.0,7.0,1.0,0.0,125
21.0,0.0,30.0,17.0,339.0,55
4.0,0.0,1.0,1.0,90.0,110
52.0,0.0,2.0,1.0,0.0,150
39.0,0.0,5.0,1.0,0.0,67
16.0,0.0,1.0,2.0,77.0,45
173.0,0.0,1.0,5.0,180.0,60
2.0,0.0,1.0,1.0,365.0,89
13.0,1.0,3.0,1.0,0.0,250
8.0,1.0,3.0,1.0,0.0,750
21.0,1.0,3.0,2.0,21.0,150
27.0,0.0,3.0,2.0,4.0,150
15.0,0.0,1.0,1.0,0.0,75
21.0,1.0,4.0,1.0,273.0,150
56.0,0.0,2.0,1.0,0.0,160
22.0,0.0,1.0,2.0,99.0,45
2.0,1.0,28.0,1.0,40.0,129
15.0,2.0,1.0,3.0,60.0,50
4.0,0.0,2.0,2.0,5.0,50
19.0,1.0,2.0,1.0,164.0,155
25.0,1.0,4.0,1.0,133.0,160
64.0,1.0,4.0,1.0,0.0,250
12.0,0.0,3.0,1.0,0.0,75
78.0,1.0,1.0,1.0,87.0,300
20.0,1.0,5.0,1.0,174.0,250
79.0,0.0,1.0,1.0,43.0,90
45.0,1.0,2.0,1.0,0.0,140
14.0,1.0,4.0,1.0,280.0,180
21.0,0.0,1.0,26.0,179.0,55
20.0,1.0,4.0,2.0,0.0,149
21.0,0.0,4.0,1.0,0.0,54
21.0,1.0,5.0,1.0,0.0,90
212.0,1.0,2.0,1.0,0.0,135
8.0,0.0,2.0,1.0,66.0,175
54.0,0.0,4.0,1.0,312.0,43
23.0,1.0,4.0,1.0,109.0,200
22.0,0.0,2.0,2.0,358.0,115
12.0,0.0,4.0,1.0,0.0,50
2.0,0.0,3.0,1.0,0.0,33
56.0,1.0,1.0,1.0,0.0,105
15.0,1.0,3.0,1.0,54.0,175
11.0,1.0,2.0,1.0,118.0,299
1.0,1.0,3.0,12.0,0.0,339
21.0,0.0,30.0,3.0,54.0,40
30.0,1.0,7.0,1.0,0.0,75
63.0,0.0,2.0,1.0,13.0,50
51.0,0.0,6.0,2.0,312.0,80
6.0,0.0,1.0,2.0,0.0,80
54.0,1.0,3.0,1.0,326.0,97
12.0,1.0,1.0,1.0,0.0,225
49.0,1.0,7.0,1.0,8.0,175
2.0,1.0,3.0,1.0,175.0,259
28.0,1.0,2.0,1.0,0.0,110
26.0,1.0,30.0,1.0,91.0,50
11.0,1.0,5.0,1.0,28.0,120
7.0,1.0,30.0,96.0,198.0,117
28.0,1.0,4.0,1.0,83.0,200
12.0,0.0,5.0,1.0,0.0,100
50.0,1.0,28.0,1.0,315.0,299
77.0,1.0,30.0,232.0,331.0,303
15.0,1.0,2.0,1.0,0.0,200
56.0,0.0,2.0,1.0,0.0,80
126.0,1.0,3.0,1.0,285.0,105
66.0,1.0,7.0,2.0,40.0,110
6.0,0.0,1.0,1.0,365.0,150
1.0,1.0,30.0,91.0,310.0,133
81.0,1.0,2.0,1.0,89.0,150
8.0,1.0,31.0,1.0,259.0,250
28.0,0.0,2.0,1.0,0.0,100
71.0,1.0,30.0,1.0,188.0,130
17.0,0.0,3.0,2.0,0.0,65
25.0,0.0,1.0,9.0,265.0,55
7.0,1.0,1.0,1.0,124.0,275
11.0,1.0,2.0,1.0,0.0,175
16.0,1.0,120.0,1.0,0.0,130
8.0,1.0,6.0,1.0,0.0,360
52.0,0.0,1.0,3.0,0.0,78
120.0,0.0,3.0,1.0,89.0,65
141.0,0.0,3.0,1.0,342.0,50
6.0,1.0,3.0,1.0,7.0,130
84.0,1.0,2.0,2.0,150.0,100
8.0,0.0,3.0,2.0,0.0,87
23.0,0.0,2.0,1.0,71.0,80
28.0,0.0,10.0,1.0,0.0,50
75.0,0.0,3.0,1.0,63.0,90
143.0,0.0,1.0,3.0,87.0,49
2.0,0.0,2.0,3.0,52.0,49
21.0,0.0,3.0,4.0,9.0,40
14.0,1.0,5.0,1.0,0.0,200
2.0,0.0,1.0,2.0,194.0,80
19.0,1.0,2.0,1.0,0.0,194
6.0,1.0,3.0,2.0,217.0,98
7.0,1.0,21.0,1.0,203.0,150
28.0,1.0,3.0,1.0,0.0,135
0.0,0.0,1.0,1.0,0.0,100
54.0,0.0,1.0,2.0,116.0,101
23.0,0.0,1.0,1.0,0.0,70
19.0,0.0,2.0,2.0,0.0,149
6.0,0.0,4.0,1.0,249.0,75
79.0,0.0,1.0,8.0,140.0,55
5.0,1.0,1.0,1.0,0.0,140
12.0,0.0,3.0,1.0,0.0,60
90.0,1.0,2.0,1.0,130.0,136
2.0,1.0,5.0,1.0,0.0,80
23.0,0.0,4.0,1.0,0.0,80
6.0,1.0,4.0,1.0,0.0,38
16.0,1.0,3.0,2.0,309.0,260
117.0,0.0,2.0,2.0,321.0,65
75.0,1.0,30.0,1.0,30.0,105
3.0,0.0,5.0,1.0,0.0,49
28.0,1.0,2.0,1.0,14.0,139
6.0,1.0,2.0,1.0,0.0,99
71.0,1.0,20.0,4.0,0.0,155
4.0,0.0,2.0,1.0,327.0,180
12.0,1.0,3.0,1.0,5.0,200
37.0,0.0,1.0,6.0,340.0,55
21.0,0.0,1.0,26.0,249.0,45
21.0,1.0,2.0,1.0,46.0,100
15.0,0.0,2.0,2.0,0.0,70
5.0,1.0,3.0,1.0,0.0,200
6.0,0.0,2.0,1.0,96.0,79
38.0,1.0,29.0,2.0,312.0,300
22.0,1.0,3.0,1.0,0.0,75
15.0,1.0,3.0,1.0,0.0,65
6.0,1.0,2.0,3.0,360.0,149
17.0,1.0,2.0,1.0,32.0,99
33.0,0.0,2.0,1.0,0.0,45
6.0,1.0,4.0,1.0,73.0,177
12.0,1.0,30.0,1.0,164.0,120
38.0,1.0,3.0,1.0,3.0,200
8.0,1.0,5.0,1.0,83.0,300
11.0,1.0,5.0,1.0,148.0,210
11.0,1.0,3.0,1.0,0.0,180
38.0,0.0,1.0,4.0,4.0,74
12.0,0.0,1.0,1.0,0.0,46
12.0,0.0,6.0,1.0,0.0,85
28.0,1.0,1.0,1.0,2.0,120
43.0,1.0,29.0,96.0,326.0,164
1.0,0.0,3.0,4.0,357.0,389
44.0,0.0,2.0,2.0,92.0,70
30.0,0.0,10.0,1.0,229.0,65
81.0,2.0,1.0,1.0,0.0,40
52.0,0.0,1.0,1.0,0.0,100
13.0,1.0,3.0,1.0,73.0,180
44.0,0.0,1.0,1.0,0.0,36
6.0,1.0,2.0,1.0,66.0,150
60.0,1.0,4.0,2.0,142.0,320
8.0,1.0,30.0,8.0,346.0,185
7.0,1.0,3.0,1.0,206.0,200
1.0,1.0,1.0,8.0,0.0,275
17.0,1.0,6.0,1.0,0.0,150
23.0,0.0,1.0,3.0,73.0,88
21.0,0.0,15.0,1.0,0.0,60
11.0,1.0,2.0,1.0,0.0,200
16.0,1.0,30.0,1.0,125.0,110
9.0,2.0,1.0,1.0,58.0,53
53.0,1.0,5.0,1.0,300.0,190
28.0,0.0,1.0,5.0,0.0,99
30.0,0.0,4.0,1.0,0.0,43
16.0,1.0,2.0,1.0,31.0,140
2.0,0.0,1.0,1.0,89.0,127
62.0,1.0,4.0,1.0,133.0,99
6.0,1.0,2.0,1.0,117.0,250
52.0,1.0,2.0,3.0,0.0,199
8.0,1.0,5.0,1.0,0.0,200
4.0,1.0,2.0,3.0,277.0,165
28.0,1.0,31.0,1.0,244.0,159
11.0,1.0,3.0,1.0,332.0,249
13.0,0.0,30.0,25.0,311.0,48
162.0,1.0,7.0,2.0,54.0,110
23.0,1.0,1.0,1.0,0.0,125
84.0,1.0,2.0,1.0,179.0,100
15.0,1.0,3.0,1.0,89.0,120
39.0,1.0,3.0,1.0,0.0,180
19.0,0.0,6.0,4.0,0.0,86
15.0,2.0,1.0,1.0,0.0,48
12.0,1.0,3.0,1.0,2.0,200
96.0,1.0,1.0,1.0,0.0,169
39.0,1.0,21.0,1.0,138.0,95
28.0,0.0,2.0,1.0,0.0,90
28.0,1.0,14.0,1.0,0.0,135
6.0,1.0,3.0,2.0,240.0,119
6.0,0.0,30.0,4.0,0.0,120
196.0,2.0,4.0,1.0,0.0,20
4.0,0.0,1.0,1.0,284.0,58
28.0,1.0,1.0,1.0,0.0,175
2.0,1.0,2.0,1.0,0.0,95
72.0,0.0,2.0,1.0,173.0,95
28.0,1.0,1.0,1.0,180.0,160
1.0,1.0,30.0,87.0,188.0,189
23.0,1.0,1.0,1.0,98.0,140
28.0,0.0,4.0,1.0,46.0,87
77.0,0.0,1.0,1.0,336.0,149
13.0,1.0,7.0,1.0,188.0,142
27.0,1.0,2.0,1.0,0.0,350
7.0,0.0,10.0,1.0,0.0,99
11.0,0.0,1.0,5.0,329.0,999
90.0,0.0,3.0,1.0,0.0,55
23.0,1.0,1.0,1.0,9.0,140
15.0,1.0,3.0,1.0,266.0,137
21.0,0.0,3.0,3.0,0.0,63
111.0,0.0,1.0,10.0,365.0,48
6.0,0.0,1.0,1.0,0.0,250
4.0,0.0,21.0,8.0,350.0,50
53.0,1.0,33.0,5.0,333.0,129
15.0,0.0,1.0,1.0,0.0,100
23.0,1.0,30.0,1.0,332.0,299
11.0,1.0,2.0,2.0,344.0,180
112.0,0.0,2.0,1.0,0.0,41
85.0,0.0,2.0,4.0,6.0,30
2.0,0.0,7.0,1.0,278.0,80
17.0,1.0,2.0,1.0,0.0,105
30.0,1.0,1.0,1.0,0.0,200
90.0,0.0,2.0,1.0,0.0,60
7.0,0.0,7.0,1.0,0.0,120
116.0,0.0,9.0,4.0,318.0,59
56.0,1.0,21.0,1.0,0.0,110
28.0,1.0,5.0,1.0,52.0,349
3.0,1.0,2.0,1.0,243.0,125
22.0,1.0,2.0,1.0,0.0,300
8.0,1.0,3.0,1.0,346.0,200
19.0,0.0,7.0,1.0,0.0,50
111.0,0.0,1.0,6.0,180.0,69
4.0,1.0,6.0,1.0,156.0,325
6.0,0.0,7.0,1.0,0.0,85
30.0,0.0,2.0,1.0,170.0,50
6.0,0.0,1.0,1.0,79.0,95
8.0,1.0,3.0,1.0,0.0,65
4.0,1.0,4.0,1.0,0.0,135
41.0,1.0,3.0,1.0,201.0,100
2.0,1.0,3.0,2.0,174.0,220
12.0,1.0,4.0,1.0,50.0,200
21.0,0.0,31.0,2.0,365.0,44
19.0,1.0,2.0,1.0,68.0,215
1.0,0.0,1.0,6.0,294.0,100
37.0,0.0,1.0,4.0,5.0,70
19.0,1.0,2.0,1.0,0.0,500
19.0,0.0,3.0,1.0,364.0,125
